rep_id,segment,trained,training_date,program_1,program_2,quota_usd,ramp_days
1,Enterprise,1,2026-01-17,Soft Skills,Sales Skills,850000,110
2,Enterprise,1,2026-04-09,Tools Training,Product Knowledge,850000,140
3,Enterprise,1,2025-09-27,Product Knowledge,Sales Skills,850000,170
4,Enterprise,1,2025-08-15,Soft Skills,Soft Skills,850000,147
5,Enterprise,1,2025-07-10,Sales Skills,Soft Skills,850000,166
6,Enterprise,1,2026-03-12,Tools Training,Tools Training,850000,169
7,Enterprise,1,2025-11-11,Product Knowledge,Tools Training,850000,118
8,Enterprise,1,2026-03-06,Soft Skills,Soft Skills,850000,121
9,Enterprise,1,2025-12-20,Sales Skills,Tools Training,850000,137
10,Enterprise,1,2025-07-30,Soft Skills,Sales Skills,850000,149
11,Enterprise,1,2025-06-18,Product Knowledge,Sales Skills,850000,69
12,Enterprise,1,2026-01-28,Tools Training,Soft Skills,850000,157
13,Enterprise,1,2025-08-09,Product Knowledge,Product Knowledge,850000,149
14,Enterprise,1,2026-03-07,Product Knowledge,Soft Skills,850000,91
15,Enterprise,1,2025-06-24,Soft Skills,Product Knowledge,850000,65
16,Enterprise,1,2025-06-30,Tools Training,Soft Skills,850000,96
17,Enterprise,1,2025-09-27,Sales Skills,Soft Skills,850000,141
18,Enterprise,1,2025-09-05,Product Knowledge,Tools Training,850000,126
19,Enterprise,1,2026-03-08,Soft Skills,Soft Skills,850000,138
20,Enterprise,1,2026-03-20,Sales Skills,Tools Training,850000,128
21,Enterprise,1,2025-07-03,Soft Skills,Tools Training,850000,107
22,Enterprise,1,2025-12-12,Tools Training,Sales Skills,850000,143
23,Enterprise,1,2025-11-18,Product Knowledge,Tools Training,850000,139
24,Enterprise,1,2026-03-20,Soft Skills,Tools Training,850000,162
25,Enterprise,1,2025-10-11,Soft Skills,Tools Training,850000,83
26,Enterprise,1,2026-02-27,Soft Skills,Sales Skills,850000,156
27,Enterprise,1,2026-01-21,Tools Training,Sales Skills,850000,81
28,Enterprise,1,2025-09-15,Sales Skills,Tools Training,850000,143
29,Enterprise,1,2025-12-20,Tools Training,Product Knowledge,850000,136
30,Enterprise,1,2025-07-21,Sales Skills,Tools Training,850000,169
31,Enterprise,1,2026-04-15,Tools Training,Tools Training,850000,121
32,Enterprise,1,2025-09-11,Sales Skills,Soft Skills,850000,98
33,Enterprise,1,2026-01-24,Tools Training,Sales Skills,850000,104
34,Enterprise,1,2025-12-08,Tools Training,Sales Skills,850000,137
35,Enterprise,1,2026-03-25,Tools Training,Product Knowledge,850000,129
36,Enterprise,1,2025-07-20,Product Knowledge,Product Knowledge,850000,143
37,Enterprise,1,2026-03-16,Soft Skills,Soft Skills,850000,108
38,Enterprise,1,2026-01-12,Soft Skills,Soft Skills,850000,117
39,Enterprise,1,2025-07-18,Tools Training,Soft Skills,850000,116
40,Enterprise,1,2025-09-11,Product Knowledge,Sales Skills,850000,147
41,Enterprise,1,2025-07-21,Sales Skills,Tools Training,850000,161
42,Enterprise,1,2025-10-14,Soft Skills,Tools Training,850000,117
43,Enterprise,1,2025-12-14,Product Knowledge,Soft Skills,850000,180
44,Enterprise,1,2025-11-29,Tools Training,Tools Training,850000,121
45,Enterprise,1,2025-11-21,Sales Skills,Product Knowledge,850000,178
46,Enterprise,1,2026-03-09,Soft Skills,Product Knowledge,850000,130
47,Enterprise,1,2025-07-09,Sales Skills,Soft Skills,850000,72
48,Enterprise,1,2026-02-08,Tools Training,Sales Skills,850000,125
49,Enterprise,1,2026-04-28,Sales Skills,Soft Skills,850000,107
50,Enterprise,1,2025-09-17,Sales Skills,Tools Training,850000,126
51,Enterprise,1,2025-12-25,Soft Skills,Product Knowledge,850000,125
52,Enterprise,1,2025-08-26,Soft Skills,Tools Training,850000,93
53,Enterprise,1,2025-10-09,Product Knowledge,Soft Skills,850000,88
54,Enterprise,1,2025-06-09,Soft Skills,Product Knowledge,850000,107
55,Enterprise,1,2025-10-14,Soft Skills,Sales Skills,850000,160
56,Enterprise,1,2025-10-11,Soft Skills,Tools Training,850000,115
57,Enterprise,1,2025-06-08,Soft Skills,Tools Training,850000,148
58,Enterprise,1,2025-12-04,Soft Skills,Soft Skills,850000,138
59,Enterprise,1,2025-10-13,Soft Skills,Tools Training,850000,141
60,Enterprise,1,2025-12-22,Tools Training,Soft Skills,850000,100
61,Enterprise,1,2025-11-30,Tools Training,Soft Skills,850000,178
62,Enterprise,1,2025-12-07,Product Knowledge,Soft Skills,850000,137
63,Enterprise,1,2026-03-01,Soft Skills,Tools Training,850000,127
64,Enterprise,1,2026-04-21,Sales Skills,Tools Training,850000,140
65,Enterprise,1,2025-12-04,Soft Skills,Product Knowledge,850000,140
66,Enterprise,1,2025-12-31,Sales Skills,Soft Skills,850000,134
67,Enterprise,1,2026-01-04,Tools Training,Soft Skills,850000,132
68,Enterprise,1,2026-01-21,Sales Skills,Sales Skills,850000,149
69,Enterprise,1,2025-10-18,Sales Skills,Soft Skills,850000,155
70,Enterprise,1,2025-11-20,Soft Skills,Sales Skills,850000,163
71,Enterprise,1,2025-07-27,Soft Skills,Tools Training,850000,113
72,Enterprise,1,2025-10-17,Sales Skills,Soft Skills,850000,94
73,Enterprise,1,2026-03-28,Product Knowledge,Tools Training,850000,143
74,Enterprise,1,2026-04-08,Product Knowledge,Product Knowledge,850000,210
75,Enterprise,1,2026-03-23,Soft Skills,Tools Training,850000,125
76,Enterprise,1,2026-04-03,Product Knowledge,Sales Skills,850000,137
77,Enterprise,1,2025-07-18,Sales Skills,Sales Skills,850000,164
78,Enterprise,1,2025-06-17,Soft Skills,Tools Training,850000,158
79,Enterprise,1,2026-04-26,Sales Skills,Soft Skills,850000,127
80,Enterprise,1,2025-09-22,Product Knowledge,Sales Skills,850000,122
81,Enterprise,1,2026-03-15,Sales Skills,Sales Skills,850000,119
82,Enterprise,1,2025-07-24,Sales Skills,Sales Skills,850000,145
83,Enterprise,1,2025-07-02,Sales Skills,Soft Skills,850000,113
84,Enterprise,1,2025-11-20,Soft Skills,Tools Training,850000,147
85,Enterprise,1,2025-12-23,Product Knowledge,Product Knowledge,850000,88
86,Enterprise,1,2025-06-11,Soft Skills,Product Knowledge,850000,80
87,Enterprise,1,2025-07-24,Tools Training,Product Knowledge,850000,143
88,Enterprise,1,2025-12-24,Tools Training,Product Knowledge,850000,95
89,Enterprise,1,2025-07-31,Product Knowledge,Tools Training,850000,138
90,Enterprise,1,2026-04-04,Tools Training,Product Knowledge,850000,175
91,Enterprise,1,2026-04-17,Soft Skills,Soft Skills,850000,92
92,Enterprise,1,2025-12-09,Soft Skills,Tools Training,850000,139
93,Enterprise,1,2025-12-08,Tools Training,Tools Training,850000,104
94,Enterprise,1,2026-03-10,Sales Skills,Product Knowledge,850000,119
95,Enterprise,1,2026-02-26,Product Knowledge,Product Knowledge,850000,114
96,Enterprise,1,2025-08-02,Product Knowledge,Tools Training,850000,142
97,Enterprise,1,2026-01-19,Soft Skills,Soft Skills,850000,169
98,Enterprise,1,2026-04-25,Tools Training,Soft Skills,850000,129
99,Enterprise,1,2025-08-11,Tools Training,Tools Training,850000,127
100,Enterprise,1,2025-06-23,Soft Skills,Soft Skills,850000,107
101,Enterprise,1,2025-12-07,Product Knowledge,Tools Training,850000,126
102,Enterprise,1,2025-12-06,Soft Skills,Tools Training,850000,138
103,Enterprise,1,2025-07-29,Sales Skills,Product Knowledge,850000,103
104,Enterprise,1,2026-01-03,Product Knowledge,Tools Training,850000,122
105,Enterprise,1,2025-12-24,Product Knowledge,Product Knowledge,850000,104
106,Enterprise,1,2026-04-29,Tools Training,Product Knowledge,850000,172
107,Enterprise,1,2026-01-24,Soft Skills,Sales Skills,850000,175
108,Enterprise,1,2025-08-01,Sales Skills,Tools Training,850000,137
109,Enterprise,1,2025-10-20,Tools Training,Tools Training,850000,185
110,Enterprise,1,2026-02-13,Product Knowledge,Soft Skills,850000,154
111,Enterprise,1,2026-02-03,Soft Skills,Soft Skills,850000,138
112,Enterprise,1,2025-09-24,Product Knowledge,Soft Skills,850000,147
113,Enterprise,1,2026-03-22,Sales Skills,Tools Training,850000,112
114,Enterprise,1,2025-08-23,Product Knowledge,Product Knowledge,850000,67
115,Enterprise,1,2025-06-09,Product Knowledge,Product Knowledge,850000,116
116,Enterprise,1,2025-12-04,Product Knowledge,Soft Skills,850000,140
117,Enterprise,1,2025-08-16,Soft Skills,Soft Skills,850000,180
118,Enterprise,1,2025-08-26,Product Knowledge,Sales Skills,850000,137
119,Enterprise,1,2025-11-21,Product Knowledge,Tools Training,850000,129
120,Enterprise,1,2026-03-28,Sales Skills,Sales Skills,850000,144
121,Enterprise,1,2025-11-02,Sales Skills,Sales Skills,850000,138
122,Enterprise,1,2025-11-13,Product Knowledge,Tools Training,850000,157
123,Enterprise,1,2026-03-17,Product Knowledge,Product Knowledge,850000,101
124,Enterprise,1,2025-08-20,Tools Training,Product Knowledge,850000,106
125,Enterprise,1,2026-03-26,Sales Skills,Product Knowledge,850000,160
126,Enterprise,1,2026-01-30,Product Knowledge,Product Knowledge,850000,89
127,Enterprise,1,2026-01-05,Sales Skills,Product Knowledge,850000,108
128,Enterprise,1,2026-02-14,Sales Skills,Soft Skills,850000,116
129,Enterprise,1,2025-09-25,Product Knowledge,Sales Skills,850000,108
130,Enterprise,1,2025-10-20,Tools Training,Sales Skills,850000,150
131,Enterprise,1,2026-01-21,Tools Training,Soft Skills,850000,75
132,Enterprise,1,2025-11-29,Tools Training,Product Knowledge,850000,91
133,Enterprise,1,2025-09-18,Sales Skills,Tools Training,850000,119
134,Enterprise,1,2025-09-25,Tools Training,Sales Skills,850000,156
135,Enterprise,1,2025-07-18,Soft Skills,Sales Skills,850000,126
136,Enterprise,1,2025-10-25,Tools Training,Sales Skills,850000,152
137,Enterprise,1,2026-01-20,Product Knowledge,Tools Training,850000,118
138,Enterprise,1,2026-03-09,Tools Training,Product Knowledge,850000,108
139,Enterprise,1,2025-12-07,Sales Skills,Soft Skills,850000,75
140,Enterprise,1,2026-03-08,Tools Training,Soft Skills,850000,113
141,Enterprise,1,2026-03-04,Tools Training,Soft Skills,850000,176
142,Enterprise,1,2026-04-21,Product Knowledge,Product Knowledge,850000,137
143,Enterprise,1,2025-08-20,Soft Skills,Product Knowledge,850000,118
144,Enterprise,1,2025-07-21,Product Knowledge,Product Knowledge,850000,159
145,Enterprise,1,2026-04-25,Soft Skills,Soft Skills,850000,81
146,Enterprise,1,2025-06-13,Product Knowledge,Soft Skills,850000,128
147,Enterprise,1,2025-12-06,Tools Training,Tools Training,850000,107
148,Enterprise,1,2025-10-30,Tools Training,Tools Training,850000,164
149,Enterprise,1,2025-10-10,Soft Skills,Product Knowledge,850000,117
150,Enterprise,1,2026-03-03,Soft Skills,Soft Skills,850000,125
151,Enterprise,1,2025-06-17,Tools Training,Sales Skills,850000,141
152,Enterprise,1,2025-10-22,Sales Skills,Tools Training,850000,146
153,Enterprise,1,2025-06-22,Product Knowledge,Soft Skills,850000,60
154,Enterprise,1,2025-11-08,Soft Skills,Sales Skills,850000,157
155,Enterprise,1,2025-06-17,Sales Skills,Tools Training,850000,118
156,Enterprise,1,2025-08-21,Sales Skills,Soft Skills,850000,123
157,Enterprise,1,2025-09-15,Tools Training,Sales Skills,850000,112
158,Enterprise,1,2025-06-29,Product Knowledge,Tools Training,850000,132
159,Enterprise,1,2026-04-29,Soft Skills,Tools Training,850000,159
160,Enterprise,1,2026-04-18,Product Knowledge,Soft Skills,850000,176
161,Enterprise,1,2025-08-01,Soft Skills,Sales Skills,850000,122
162,Enterprise,1,2026-04-22,Product Knowledge,Soft Skills,850000,153
163,Enterprise,1,2025-11-17,Product Knowledge,Soft Skills,850000,66
164,Enterprise,1,2025-09-22,Sales Skills,Sales Skills,850000,111
165,Enterprise,1,2025-09-14,Soft Skills,Sales Skills,850000,72
166,Enterprise,1,2025-09-22,Soft Skills,Sales Skills,850000,136
167,Enterprise,1,2026-03-15,Sales Skills,Product Knowledge,850000,173
168,Enterprise,1,2026-04-20,Soft Skills,Product Knowledge,850000,77
169,Enterprise,1,2025-08-31,Soft Skills,Sales Skills,850000,91
170,Enterprise,1,2026-02-24,Product Knowledge,Soft Skills,850000,131
171,Enterprise,1,2025-09-03,Tools Training,Sales Skills,850000,134
172,Enterprise,1,2025-06-19,Tools Training,Sales Skills,850000,95
173,Enterprise,1,2026-01-22,Sales Skills,Product Knowledge,850000,135
174,Enterprise,1,2025-08-14,Sales Skills,Tools Training,850000,179
175,Enterprise,1,2026-03-08,Product Knowledge,Sales Skills,850000,117
176,Enterprise,1,2026-03-10,Sales Skills,Sales Skills,850000,81
177,Enterprise,1,2025-08-13,Soft Skills,Product Knowledge,850000,145
178,Enterprise,1,2026-01-25,Soft Skills,Tools Training,850000,94
179,Enterprise,1,2025-11-27,Tools Training,Tools Training,850000,60
180,Enterprise,1,2025-06-28,Soft Skills,Sales Skills,850000,118
181,Enterprise,1,2026-03-07,Tools Training,Tools Training,850000,137
182,Enterprise,1,2025-10-05,Sales Skills,Sales Skills,850000,163
183,Enterprise,1,2026-02-23,Product Knowledge,Product Knowledge,850000,131
184,Enterprise,1,2025-07-18,Tools Training,Tools Training,850000,127
185,Enterprise,1,2025-06-26,Tools Training,Soft Skills,850000,69
186,Enterprise,1,2026-03-31,Tools Training,Product Knowledge,850000,180
187,Enterprise,1,2026-03-10,Product Knowledge,Soft Skills,850000,153
188,Enterprise,1,2025-06-04,Sales Skills,Soft Skills,850000,144
189,Enterprise,1,2026-02-20,Sales Skills,Product Knowledge,850000,125
190,Enterprise,1,2025-09-07,Tools Training,Soft Skills,850000,137
191,Enterprise,1,2026-01-09,Soft Skills,Sales Skills,850000,95
192,Enterprise,1,2025-10-17,Soft Skills,Tools Training,850000,139
193,Enterprise,1,2025-11-26,Product Knowledge,Tools Training,850000,98
194,Enterprise,1,2025-07-27,Sales Skills,Product Knowledge,850000,140
195,Enterprise,1,2026-01-28,Product Knowledge,Sales Skills,850000,119
196,Enterprise,1,2025-12-18,Sales Skills,Soft Skills,850000,123
197,Enterprise,1,2026-03-15,Sales Skills,Tools Training,850000,127
198,Enterprise,1,2026-02-16,Product Knowledge,Sales Skills,850000,62
199,Enterprise,1,2026-03-14,Product Knowledge,Tools Training,850000,106
200,Enterprise,1,2025-06-15,Soft Skills,Sales Skills,850000,131
201,Enterprise,1,2026-04-04,Tools Training,Tools Training,850000,130
202,Enterprise,1,2026-03-05,Product Knowledge,Product Knowledge,850000,126
203,Enterprise,1,2026-04-02,Sales Skills,Product Knowledge,850000,108
204,Enterprise,1,2026-04-16,Tools Training,Soft Skills,850000,64
205,Enterprise,1,2026-04-23,Tools Training,Tools Training,850000,150
206,Enterprise,1,2025-07-30,Product Knowledge,Product Knowledge,850000,139
207,Enterprise,1,2025-09-15,Tools Training,Sales Skills,850000,101
208,Enterprise,1,2026-04-02,Product Knowledge,Tools Training,850000,119
209,Enterprise,1,2025-07-31,Soft Skills,Sales Skills,850000,107
210,Enterprise,1,2025-12-06,Sales Skills,Soft Skills,850000,95
211,Enterprise,1,2026-04-05,Sales Skills,Product Knowledge,850000,155
212,Enterprise,1,2026-01-09,Soft Skills,Tools Training,850000,144
213,Enterprise,1,2026-03-27,Soft Skills,Tools Training,850000,184
214,Enterprise,1,2026-03-19,Sales Skills,Sales Skills,850000,164
215,Enterprise,1,2026-04-24,Tools Training,Soft Skills,850000,132
216,Enterprise,1,2025-06-19,Sales Skills,Product Knowledge,850000,149
217,Enterprise,1,2025-09-13,Soft Skills,Soft Skills,850000,108
218,Enterprise,1,2025-06-03,Product Knowledge,Product Knowledge,850000,90
219,Enterprise,1,2026-01-25,Tools Training,Soft Skills,850000,130
220,Enterprise,1,2025-05-30,Product Knowledge,Product Knowledge,850000,151
221,Enterprise,1,2026-01-26,Sales Skills,Product Knowledge,850000,140
222,Enterprise,1,2025-05-30,Tools Training,Soft Skills,850000,98
223,Enterprise,1,2026-04-04,Product Knowledge,Product Knowledge,850000,152
224,Enterprise,1,2026-01-02,Soft Skills,Tools Training,850000,104
225,Enterprise,1,2025-09-30,Tools Training,Sales Skills,850000,80
226,Enterprise,1,2026-01-30,Product Knowledge,Soft Skills,850000,127
227,Enterprise,1,2026-03-23,Soft Skills,Sales Skills,850000,94
228,Enterprise,1,2025-08-14,Sales Skills,Product Knowledge,850000,133
229,Enterprise,1,2025-11-03,Product Knowledge,Soft Skills,850000,183
230,Enterprise,1,2026-04-17,Soft Skills,Product Knowledge,850000,71
231,Enterprise,1,2026-02-05,Sales Skills,Sales Skills,850000,149
232,Enterprise,1,2026-03-23,Tools Training,Tools Training,850000,94
233,Enterprise,1,2026-01-26,Sales Skills,Soft Skills,850000,110
234,Enterprise,1,2025-12-14,Product Knowledge,Soft Skills,850000,168
235,Enterprise,1,2026-03-26,Soft Skills,Soft Skills,850000,131
236,Enterprise,1,2025-06-06,Tools Training,Sales Skills,850000,135
237,Enterprise,1,2025-09-13,Sales Skills,Sales Skills,850000,112
238,Enterprise,1,2026-04-25,Tools Training,Tools Training,850000,113
239,Enterprise,1,2026-02-11,Sales Skills,Product Knowledge,850000,64
240,Enterprise,1,2026-01-31,Product Knowledge,Soft Skills,850000,136
241,Enterprise,1,2025-06-06,Tools Training,Sales Skills,850000,68
242,Enterprise,1,2026-04-07,Tools Training,Tools Training,850000,97
243,Enterprise,1,2025-11-28,Product Knowledge,Product Knowledge,850000,92
244,Enterprise,1,2025-06-25,Soft Skills,Soft Skills,850000,80
245,Enterprise,1,2026-03-22,Soft Skills,Soft Skills,850000,84
246,Enterprise,1,2026-04-15,Tools Training,Sales Skills,850000,158
247,Enterprise,1,2025-07-15,Soft Skills,Sales Skills,850000,153
248,Enterprise,1,2026-03-23,Sales Skills,Sales Skills,850000,128
249,Enterprise,1,2025-07-15,Product Knowledge,Sales Skills,850000,128
250,Enterprise,1,2025-12-28,Product Knowledge,Sales Skills,850000,112
251,Enterprise,1,2026-01-02,Sales Skills,Sales Skills,850000,162
252,Enterprise,1,2026-03-14,Soft Skills,Soft Skills,850000,113
253,Enterprise,1,2025-11-08,Tools Training,Soft Skills,850000,150
254,Enterprise,1,2025-07-12,Product Knowledge,Tools Training,850000,163
255,Enterprise,1,2025-07-21,Product Knowledge,Soft Skills,850000,96
256,Enterprise,1,2026-03-23,Product Knowledge,Soft Skills,850000,111
257,Enterprise,1,2026-04-07,Soft Skills,Product Knowledge,850000,144
258,Enterprise,1,2025-12-10,Soft Skills,Product Knowledge,850000,124
259,Enterprise,1,2025-10-02,Soft Skills,Tools Training,850000,120
260,Enterprise,1,2025-06-10,Sales Skills,Soft Skills,850000,127
261,Enterprise,1,2025-07-11,Soft Skills,Tools Training,850000,103
262,Enterprise,1,2026-03-10,Sales Skills,Product Knowledge,850000,139
263,Enterprise,1,2025-07-08,Product Knowledge,Product Knowledge,850000,116
264,Enterprise,1,2025-10-30,Tools Training,Sales Skills,850000,112
265,Enterprise,1,2026-04-29,Soft Skills,Tools Training,850000,127
266,Enterprise,1,2025-12-02,Tools Training,Sales Skills,850000,156
267,Enterprise,1,2025-06-25,Sales Skills,Product Knowledge,850000,155
268,Enterprise,1,2025-07-13,Tools Training,Soft Skills,850000,109
269,Enterprise,1,2026-04-05,Tools Training,Sales Skills,850000,82
270,Enterprise,1,2025-12-23,Tools Training,Tools Training,850000,60
271,Enterprise,1,2025-08-22,Tools Training,Soft Skills,850000,119
272,Enterprise,1,2025-10-14,Sales Skills,Soft Skills,850000,118
273,Enterprise,1,2025-11-20,Product Knowledge,Product Knowledge,850000,156
274,Enterprise,1,2025-11-25,Product Knowledge,Sales Skills,850000,74
275,Enterprise,1,2026-03-12,Soft Skills,Tools Training,850000,118
276,Enterprise,1,2025-10-23,Soft Skills,Sales Skills,850000,95
277,Enterprise,1,2025-06-07,Tools Training,Tools Training,850000,107
278,Enterprise,1,2025-10-01,Product Knowledge,Soft Skills,850000,130
279,Enterprise,1,2025-11-23,Product Knowledge,Sales Skills,850000,197
280,Enterprise,1,2026-02-11,Tools Training,Tools Training,850000,95
281,Enterprise,1,2025-10-18,Product Knowledge,Product Knowledge,850000,83
282,Enterprise,1,2025-06-15,Soft Skills,Sales Skills,850000,204
283,Enterprise,1,2025-08-09,Product Knowledge,Product Knowledge,850000,86
284,Enterprise,1,2026-02-02,Tools Training,Soft Skills,850000,104
285,Enterprise,1,2025-07-16,Sales Skills,Sales Skills,850000,152
286,Enterprise,1,2025-08-26,Tools Training,Soft Skills,850000,161
287,Enterprise,1,2025-08-18,Sales Skills,Soft Skills,850000,111
288,Enterprise,1,2025-08-09,Product Knowledge,Tools Training,850000,139
289,Enterprise,1,2026-01-24,Product Knowledge,Tools Training,850000,126
290,Enterprise,1,2025-11-16,Product Knowledge,Sales Skills,850000,127
291,Enterprise,1,2025-09-19,Product Knowledge,Tools Training,850000,109
292,Enterprise,1,2025-11-20,Tools Training,Sales Skills,850000,118
293,Enterprise,1,2025-12-04,Sales Skills,Tools Training,850000,164
294,Enterprise,1,2025-10-15,Soft Skills,Tools Training,850000,152
295,Enterprise,1,2025-09-08,Tools Training,Soft Skills,850000,113
296,Enterprise,1,2026-04-10,Sales Skills,Sales Skills,850000,156
297,Enterprise,1,2025-08-17,Soft Skills,Tools Training,850000,67
298,Enterprise,1,2025-07-24,Sales Skills,Product Knowledge,850000,173
299,Enterprise,1,2025-11-23,Soft Skills,Soft Skills,850000,153
300,Enterprise,1,2025-10-03,Product Knowledge,Tools Training,850000,125
301,Enterprise,1,2025-10-03,Sales Skills,Sales Skills,850000,134
302,Enterprise,1,2025-10-11,Product Knowledge,Product Knowledge,850000,78
303,Enterprise,1,2025-09-07,Sales Skills,Sales Skills,850000,96
304,Enterprise,1,2026-01-22,Tools Training,Sales Skills,850000,119
305,Enterprise,1,2026-02-14,Product Knowledge,Soft Skills,850000,129
306,Enterprise,1,2026-03-20,Product Knowledge,Product Knowledge,850000,162
307,Enterprise,1,2026-04-13,Soft Skills,Tools Training,850000,124
308,Enterprise,1,2026-01-03,Product Knowledge,Product Knowledge,850000,60
309,Enterprise,1,2026-04-03,Sales Skills,Sales Skills,850000,171
310,Enterprise,1,2025-11-08,Sales Skills,Product Knowledge,850000,169
311,Enterprise,1,2025-10-22,Soft Skills,Product Knowledge,850000,108
312,Enterprise,1,2025-10-19,Tools Training,Sales Skills,850000,126
313,Enterprise,1,2025-07-12,Soft Skills,Sales Skills,850000,119
314,Enterprise,1,2025-10-25,Tools Training,Soft Skills,850000,159
315,Enterprise,1,2025-09-15,Soft Skills,Product Knowledge,850000,122
316,Enterprise,1,2026-02-20,Soft Skills,Sales Skills,850000,141
317,Enterprise,1,2025-08-23,Product Knowledge,Tools Training,850000,109
318,Enterprise,1,2025-10-11,Product Knowledge,Product Knowledge,850000,129
319,Enterprise,1,2026-02-16,Sales Skills,Sales Skills,850000,131
320,Enterprise,1,2026-01-16,Product Knowledge,Sales Skills,850000,116
321,Enterprise,1,2026-03-22,Sales Skills,Sales Skills,850000,153
322,Enterprise,1,2026-04-13,Product Knowledge,Sales Skills,850000,109
323,Enterprise,1,2025-06-23,Soft Skills,Soft Skills,850000,101
324,Enterprise,1,2025-08-09,Tools Training,Sales Skills,850000,127
325,Enterprise,1,2026-02-08,Product Knowledge,Soft Skills,850000,162
326,Enterprise,1,2026-04-05,Product Knowledge,Sales Skills,850000,155
327,Enterprise,1,2025-08-05,Tools Training,Product Knowledge,850000,138
328,Enterprise,1,2026-02-03,Product Knowledge,Tools Training,850000,131
329,Enterprise,1,2025-08-03,Tools Training,Soft Skills,850000,136
330,Enterprise,1,2025-06-06,Product Knowledge,Tools Training,850000,109
331,Enterprise,1,2025-09-27,Soft Skills,Tools Training,850000,144
332,Enterprise,1,2026-01-17,Sales Skills,Product Knowledge,850000,148
333,Enterprise,1,2025-11-22,Sales Skills,Product Knowledge,850000,151
334,Enterprise,1,2025-12-20,Sales Skills,Tools Training,850000,69
335,Enterprise,1,2025-10-29,Soft Skills,Sales Skills,850000,166
336,Enterprise,1,2026-04-26,Sales Skills,Product Knowledge,850000,72
337,Enterprise,1,2025-10-02,Soft Skills,Product Knowledge,850000,60
338,Enterprise,1,2025-06-23,Tools Training,Product Knowledge,850000,146
339,Enterprise,1,2026-03-27,Tools Training,Tools Training,850000,145
340,Enterprise,1,2026-03-22,Product Knowledge,Soft Skills,850000,127
341,Enterprise,1,2026-04-01,Sales Skills,Soft Skills,850000,111
342,Enterprise,1,2025-10-27,Soft Skills,Soft Skills,850000,165
343,Enterprise,1,2025-09-06,Sales Skills,Sales Skills,850000,78
344,Enterprise,1,2025-11-04,Tools Training,Sales Skills,850000,76
345,Enterprise,1,2025-12-09,Product Knowledge,Product Knowledge,850000,148
346,Enterprise,1,2025-07-11,Sales Skills,Soft Skills,850000,113
347,Enterprise,1,2025-10-19,Soft Skills,Soft Skills,850000,119
348,Enterprise,1,2025-10-25,Product Knowledge,Sales Skills,850000,101
349,Enterprise,1,2026-02-28,Tools Training,Soft Skills,850000,141
350,Enterprise,1,2025-06-15,Product Knowledge,Soft Skills,850000,83
351,Enterprise,1,2026-04-19,Soft Skills,Soft Skills,850000,123
352,Enterprise,1,2026-02-26,Product Knowledge,Sales Skills,850000,127
353,Enterprise,1,2025-08-30,Product Knowledge,Sales Skills,850000,82
354,Enterprise,1,2025-09-24,Sales Skills,Sales Skills,850000,128
355,Enterprise,1,2025-08-14,Product Knowledge,Tools Training,850000,139
356,Enterprise,1,2025-09-27,Sales Skills,Sales Skills,850000,140
357,Enterprise,1,2026-01-21,Tools Training,Product Knowledge,850000,143
358,Enterprise,1,2025-11-03,Product Knowledge,Product Knowledge,850000,194
359,Enterprise,1,2025-12-06,Product Knowledge,Sales Skills,850000,135
360,Enterprise,1,2025-12-31,Sales Skills,Tools Training,850000,115
361,Enterprise,1,2026-01-31,Product Knowledge,Tools Training,850000,169
362,Enterprise,1,2026-01-15,Soft Skills,Tools Training,850000,176
363,Enterprise,1,2025-12-28,Sales Skills,Tools Training,850000,141
364,Enterprise,1,2025-09-16,Soft Skills,Soft Skills,850000,156
365,Enterprise,1,2026-03-23,Product Knowledge,Product Knowledge,850000,150
366,Enterprise,1,2026-03-24,Soft Skills,Soft Skills,850000,99
367,Enterprise,1,2025-07-20,Sales Skills,Tools Training,850000,60
368,Enterprise,1,2025-10-26,Tools Training,Soft Skills,850000,101
369,Enterprise,1,2026-03-21,Sales Skills,Sales Skills,850000,145
370,Enterprise,1,2025-08-11,Soft Skills,Tools Training,850000,177
371,Enterprise,1,2025-11-13,Soft Skills,Sales Skills,850000,108
372,Enterprise,1,2025-08-04,Tools Training,Sales Skills,850000,112
373,Enterprise,1,2025-10-31,Product Knowledge,Soft Skills,850000,154
374,Enterprise,1,2026-04-23,Sales Skills,Tools Training,850000,168
375,Enterprise,1,2026-03-16,Tools Training,Sales Skills,850000,121
376,Enterprise,1,2025-11-23,Tools Training,Tools Training,850000,130
377,Enterprise,1,2026-02-07,Sales Skills,Soft Skills,850000,137
378,Enterprise,1,2025-07-09,Product Knowledge,Soft Skills,850000,137
379,Enterprise,1,2026-04-17,Sales Skills,Soft Skills,850000,131
380,Enterprise,1,2025-09-19,Product Knowledge,Soft Skills,850000,127
381,Enterprise,1,2025-11-18,Tools Training,Product Knowledge,850000,115
382,Enterprise,1,2025-09-09,Soft Skills,Product Knowledge,850000,107
383,Enterprise,1,2025-06-15,Sales Skills,Sales Skills,850000,92
384,Enterprise,1,2025-07-26,Soft Skills,Soft Skills,850000,114
385,Enterprise,1,2025-08-31,Product Knowledge,Sales Skills,850000,147
386,Enterprise,1,2026-04-08,Product Knowledge,Soft Skills,850000,153
387,Enterprise,1,2025-10-02,Tools Training,Sales Skills,850000,136
388,Enterprise,1,2026-03-28,Product Knowledge,Tools Training,850000,111
389,Enterprise,1,2026-02-10,Tools Training,Product Knowledge,850000,110
390,Enterprise,1,2025-09-16,Sales Skills,Soft Skills,850000,146
391,Enterprise,1,2026-01-21,Tools Training,Sales Skills,850000,91
392,Enterprise,1,2025-11-24,Tools Training,Soft Skills,850000,121
393,Enterprise,1,2025-07-16,Product Knowledge,Tools Training,850000,132
394,Enterprise,1,2026-04-03,Tools Training,Sales Skills,850000,110
395,Enterprise,1,2025-09-06,Product Knowledge,Soft Skills,850000,74
396,Enterprise,1,2026-04-15,Product Knowledge,Sales Skills,850000,110
397,Enterprise,1,2025-11-18,Soft Skills,Product Knowledge,850000,128
398,Enterprise,1,2025-08-02,Soft Skills,Soft Skills,850000,119
399,Enterprise,1,2026-04-03,Tools Training,Tools Training,850000,135
400,Enterprise,1,2025-11-07,Product Knowledge,Soft Skills,850000,138
401,Enterprise,1,2025-10-13,Sales Skills,Soft Skills,850000,99
402,Enterprise,1,2025-06-18,Product Knowledge,Tools Training,850000,135
403,Enterprise,1,2026-03-15,Soft Skills,Soft Skills,850000,171
404,Enterprise,1,2026-04-21,Product Knowledge,Soft Skills,850000,168
405,Enterprise,1,2025-06-15,Product Knowledge,Soft Skills,850000,88
406,Enterprise,1,2026-02-17,Tools Training,Soft Skills,850000,158
407,Enterprise,1,2025-10-07,Product Knowledge,Soft Skills,850000,122
408,Enterprise,1,2026-01-25,Product Knowledge,Soft Skills,850000,93
409,Enterprise,1,2026-04-19,Product Knowledge,Sales Skills,850000,148
410,Enterprise,1,2025-08-06,Product Knowledge,Tools Training,850000,137
411,Enterprise,1,2026-02-01,Product Knowledge,Product Knowledge,850000,116
412,Enterprise,1,2026-01-28,Soft Skills,Sales Skills,850000,127
413,Enterprise,1,2025-10-10,Sales Skills,Sales Skills,850000,127
414,Enterprise,1,2026-02-12,Soft Skills,Product Knowledge,850000,104
415,Enterprise,1,2026-01-17,Product Knowledge,Product Knowledge,850000,131
416,Enterprise,1,2025-12-08,Product Knowledge,Product Knowledge,850000,96
417,Enterprise,1,2025-06-29,Sales Skills,Tools Training,850000,131
418,Enterprise,1,2025-09-19,Soft Skills,Sales Skills,850000,150
419,Enterprise,1,2025-10-08,Product Knowledge,Soft Skills,850000,137
420,Enterprise,1,2025-06-16,Tools Training,Tools Training,850000,145
421,Enterprise,1,2026-04-23,Product Knowledge,Product Knowledge,850000,144
422,Enterprise,1,2026-04-08,Product Knowledge,Tools Training,850000,181
423,Enterprise,1,2026-04-27,Soft Skills,Tools Training,850000,173
424,Enterprise,1,2026-04-18,Sales Skills,Sales Skills,850000,113
425,Enterprise,1,2025-07-03,Product Knowledge,Soft Skills,850000,82
426,Enterprise,1,2025-11-08,Soft Skills,Sales Skills,850000,155
427,Enterprise,1,2026-01-01,Soft Skills,Product Knowledge,850000,110
428,Enterprise,1,2025-10-01,Product Knowledge,Sales Skills,850000,123
429,Enterprise,1,2025-06-22,Product Knowledge,Tools Training,850000,127
430,Enterprise,1,2026-03-26,Sales Skills,Sales Skills,850000,129
431,Enterprise,1,2025-10-05,Product Knowledge,Sales Skills,850000,118
432,Enterprise,1,2025-11-22,Product Knowledge,Sales Skills,850000,79
433,Enterprise,1,2026-04-06,Soft Skills,Product Knowledge,850000,73
434,Enterprise,1,2026-04-10,Soft Skills,Soft Skills,850000,100
435,Enterprise,1,2026-03-11,Soft Skills,Product Knowledge,850000,132
436,Enterprise,1,2026-01-03,Product Knowledge,Soft Skills,850000,155
437,Enterprise,1,2025-09-14,Tools Training,Product Knowledge,850000,80
438,Enterprise,1,2025-08-27,Sales Skills,Soft Skills,850000,109
439,Enterprise,1,2025-12-20,Tools Training,Sales Skills,850000,167
440,Enterprise,1,2025-07-22,Soft Skills,Soft Skills,850000,164
441,Enterprise,1,2025-09-02,Product Knowledge,Product Knowledge,850000,172
442,Enterprise,1,2026-04-28,Tools Training,Sales Skills,850000,161
443,Enterprise,1,2025-06-09,Product Knowledge,Soft Skills,850000,122
444,Enterprise,1,2026-01-09,Product Knowledge,Soft Skills,850000,105
445,Enterprise,1,2025-09-11,Product Knowledge,Sales Skills,850000,158
446,Enterprise,1,2026-04-02,Product Knowledge,Tools Training,850000,77
447,Enterprise,1,2025-09-13,Soft Skills,Soft Skills,850000,126
448,Enterprise,1,2025-11-17,Sales Skills,Tools Training,850000,123
449,Enterprise,1,2025-07-01,Product Knowledge,Product Knowledge,850000,138
450,Enterprise,1,2026-02-09,Product Knowledge,Sales Skills,850000,117
451,Enterprise,1,2025-08-07,Sales Skills,Soft Skills,850000,101
452,Enterprise,1,2025-08-09,Tools Training,Soft Skills,850000,137
453,Enterprise,1,2026-04-29,Soft Skills,Sales Skills,850000,105
454,Enterprise,1,2026-01-13,Sales Skills,Tools Training,850000,89
455,Enterprise,1,2025-10-08,Soft Skills,Soft Skills,850000,160
456,Enterprise,1,2025-11-25,Tools Training,Tools Training,850000,123
457,Enterprise,1,2026-01-12,Product Knowledge,Product Knowledge,850000,111
458,Enterprise,1,2025-07-11,Soft Skills,Product Knowledge,850000,127
459,Enterprise,1,2025-07-19,Sales Skills,Sales Skills,850000,91
460,Enterprise,1,2026-03-02,Sales Skills,Sales Skills,850000,143
461,Enterprise,1,2025-11-02,Tools Training,Soft Skills,850000,151
462,Enterprise,1,2025-11-03,Tools Training,Soft Skills,850000,135
463,Enterprise,1,2025-07-10,Product Knowledge,Soft Skills,850000,157
464,Enterprise,1,2026-04-22,Product Knowledge,Sales Skills,850000,96
465,Enterprise,1,2025-12-22,Product Knowledge,Sales Skills,850000,105
466,Enterprise,1,2026-02-03,Tools Training,Product Knowledge,850000,139
467,Enterprise,1,2025-10-19,Sales Skills,Product Knowledge,850000,125
468,Enterprise,1,2025-12-15,Tools Training,Soft Skills,850000,182
469,Enterprise,1,2026-02-13,Soft Skills,Sales Skills,850000,131
470,Enterprise,1,2026-04-29,Tools Training,Tools Training,850000,118
471,Enterprise,1,2025-12-09,Product Knowledge,Product Knowledge,850000,171
472,Enterprise,1,2025-09-22,Product Knowledge,Product Knowledge,850000,93
473,Enterprise,1,2025-10-20,Sales Skills,Sales Skills,850000,154
474,Enterprise,1,2026-02-12,Tools Training,Sales Skills,850000,118
475,Enterprise,1,2025-06-10,Soft Skills,Product Knowledge,850000,160
476,Enterprise,1,2026-04-11,Product Knowledge,Product Knowledge,850000,145
477,Enterprise,1,2026-02-07,Sales Skills,Tools Training,850000,115
478,Enterprise,1,2025-12-22,Soft Skills,Product Knowledge,850000,147
479,Enterprise,1,2025-06-24,Sales Skills,Soft Skills,850000,88
480,Enterprise,1,2025-10-13,Tools Training,Sales Skills,850000,158
481,Enterprise,1,2025-06-18,Soft Skills,Sales Skills,850000,187
482,Enterprise,1,2025-07-13,Soft Skills,Product Knowledge,850000,157
483,Enterprise,1,2025-08-06,Product Knowledge,Product Knowledge,850000,171
484,Enterprise,1,2025-08-08,Tools Training,Sales Skills,850000,154
485,Enterprise,1,2025-07-22,Soft Skills,Tools Training,850000,80
486,Enterprise,1,2026-03-18,Soft Skills,Tools Training,850000,130
487,Enterprise,1,2025-06-08,Tools Training,Sales Skills,850000,149
488,Enterprise,1,2026-04-09,Tools Training,Tools Training,850000,153
489,Enterprise,1,2025-07-01,Soft Skills,Sales Skills,850000,92
490,Enterprise,1,2025-12-10,Product Knowledge,Tools Training,850000,168
491,Enterprise,1,2025-07-14,Sales Skills,Soft Skills,850000,136
492,Enterprise,1,2026-04-03,Sales Skills,Tools Training,850000,94
493,Enterprise,1,2025-11-25,Soft Skills,Product Knowledge,850000,72
494,Enterprise,1,2025-12-05,Product Knowledge,Sales Skills,850000,137
495,Enterprise,1,2026-02-12,Tools Training,Tools Training,850000,98
496,Enterprise,1,2026-01-12,Product Knowledge,Tools Training,850000,119
497,Enterprise,1,2025-11-22,Product Knowledge,Sales Skills,850000,109
498,Enterprise,1,2025-07-06,Soft Skills,Soft Skills,850000,134
499,Enterprise,1,2026-02-05,Sales Skills,Soft Skills,850000,165
500,Enterprise,1,2025-11-08,Product Knowledge,Tools Training,850000,123
501,Enterprise,1,2025-12-10,Product Knowledge,Soft Skills,850000,159
502,Enterprise,1,2026-04-04,Sales Skills,Tools Training,850000,136
503,Enterprise,1,2026-04-20,Product Knowledge,Soft Skills,850000,113
504,Enterprise,1,2025-11-29,Soft Skills,Sales Skills,850000,95
505,Enterprise,1,2025-11-27,Soft Skills,Tools Training,850000,101
506,Enterprise,1,2026-01-20,Soft Skills,Tools Training,850000,96
507,Enterprise,1,2025-10-10,Product Knowledge,Sales Skills,850000,142
508,Enterprise,1,2025-08-31,Sales Skills,Tools Training,850000,145
509,Enterprise,1,2026-03-12,Tools Training,Sales Skills,850000,143
510,Enterprise,1,2025-12-01,Soft Skills,Sales Skills,850000,137
511,Enterprise,1,2025-12-08,Tools Training,Product Knowledge,850000,106
512,Enterprise,1,2026-02-11,Sales Skills,Sales Skills,850000,107
513,Enterprise,1,2025-08-19,Tools Training,Sales Skills,850000,113
514,Enterprise,1,2025-12-05,Tools Training,Product Knowledge,850000,106
515,Enterprise,1,2025-12-26,Tools Training,Soft Skills,850000,153
516,Enterprise,1,2025-10-24,Product Knowledge,Tools Training,850000,156
517,Enterprise,1,2026-02-21,Tools Training,Sales Skills,850000,141
518,Enterprise,1,2026-03-25,Soft Skills,Sales Skills,850000,171
519,Enterprise,1,2025-11-17,Tools Training,Product Knowledge,850000,109
520,Enterprise,1,2025-10-16,Sales Skills,Sales Skills,850000,97
521,Enterprise,1,2025-06-18,Product Knowledge,Soft Skills,850000,132
522,Enterprise,1,2026-03-11,Tools Training,Product Knowledge,850000,82
523,Enterprise,1,2025-07-04,Product Knowledge,Product Knowledge,850000,93
524,Enterprise,1,2025-09-27,Soft Skills,Product Knowledge,850000,91
525,Enterprise,1,2026-01-18,Product Knowledge,Soft Skills,850000,172
526,Enterprise,1,2025-08-09,Product Knowledge,Soft Skills,850000,137
527,Enterprise,1,2026-03-25,Tools Training,Sales Skills,850000,129
528,Enterprise,1,2025-06-23,Soft Skills,Product Knowledge,850000,136
529,Enterprise,1,2025-11-23,Sales Skills,Soft Skills,850000,170
530,Enterprise,1,2025-12-15,Soft Skills,Tools Training,850000,117
531,Enterprise,1,2025-12-07,Tools Training,Soft Skills,850000,100
532,Enterprise,1,2026-01-02,Sales Skills,Soft Skills,850000,118
533,Enterprise,1,2025-08-25,Sales Skills,Soft Skills,850000,159
534,Enterprise,1,2025-09-11,Soft Skills,Sales Skills,850000,129
535,Enterprise,1,2025-08-01,Sales Skills,Product Knowledge,850000,91
536,Enterprise,1,2025-07-12,Sales Skills,Tools Training,850000,126
537,Enterprise,1,2026-01-06,Product Knowledge,Tools Training,850000,93
538,Enterprise,1,2025-08-24,Sales Skills,Sales Skills,850000,82
539,Enterprise,1,2025-06-03,Product Knowledge,Soft Skills,850000,110
540,Enterprise,1,2025-06-23,Product Knowledge,Tools Training,850000,148
541,Enterprise,1,2025-12-08,Tools Training,Product Knowledge,850000,128
542,Enterprise,1,2025-09-26,Product Knowledge,Product Knowledge,850000,123
543,Enterprise,1,2025-12-17,Product Knowledge,Sales Skills,850000,115
544,Enterprise,1,2025-11-18,Product Knowledge,Tools Training,850000,113
545,Enterprise,1,2025-12-21,Product Knowledge,Sales Skills,850000,145
546,Enterprise,1,2025-08-20,Product Knowledge,Sales Skills,850000,129
547,Enterprise,1,2025-11-17,Soft Skills,Product Knowledge,850000,97
548,Enterprise,1,2025-09-04,Sales Skills,Soft Skills,850000,134
549,Enterprise,1,2026-04-05,Sales Skills,Product Knowledge,850000,103
550,Enterprise,1,2026-04-05,Tools Training,Soft Skills,850000,135
551,Enterprise,1,2025-11-08,Soft Skills,Soft Skills,850000,140
552,Enterprise,1,2025-12-10,Tools Training,Product Knowledge,850000,127
553,Enterprise,1,2026-04-10,Product Knowledge,Soft Skills,850000,99
554,Enterprise,1,2026-03-18,Product Knowledge,Product Knowledge,850000,121
555,Enterprise,1,2026-03-01,Sales Skills,Tools Training,850000,89
556,Enterprise,1,2025-08-07,Sales Skills,Product Knowledge,850000,82
557,Enterprise,1,2025-08-06,Tools Training,Sales Skills,850000,144
558,Enterprise,1,2026-02-06,Sales Skills,Tools Training,850000,164
559,Enterprise,1,2025-12-02,Tools Training,Tools Training,850000,115
560,Enterprise,1,2026-02-09,Soft Skills,Soft Skills,850000,106
561,Enterprise,1,2026-01-23,Sales Skills,Sales Skills,850000,130
562,Enterprise,1,2025-06-26,Sales Skills,Soft Skills,850000,126
563,Enterprise,1,2025-12-27,Sales Skills,Soft Skills,850000,139
564,Enterprise,1,2025-10-21,Product Knowledge,Soft Skills,850000,146
565,Enterprise,1,2026-04-23,Tools Training,Sales Skills,850000,71
566,Enterprise,1,2026-02-03,Sales Skills,Product Knowledge,850000,201
567,Enterprise,1,2025-10-29,Product Knowledge,Product Knowledge,850000,109
568,Enterprise,1,2026-02-10,Sales Skills,Product Knowledge,850000,60
569,Enterprise,1,2025-06-20,Sales Skills,Sales Skills,850000,138
570,Enterprise,1,2025-08-31,Sales Skills,Sales Skills,850000,92
571,Enterprise,1,2025-10-31,Soft Skills,Tools Training,850000,98
572,Enterprise,1,2025-10-21,Sales Skills,Soft Skills,850000,125
573,Enterprise,1,2025-08-17,Soft Skills,Product Knowledge,850000,125
574,Enterprise,1,2026-03-09,Soft Skills,Soft Skills,850000,99
575,Enterprise,1,2026-02-07,Soft Skills,Sales Skills,850000,61
576,Enterprise,1,2026-03-19,Sales Skills,Product Knowledge,850000,113
577,Enterprise,1,2026-01-07,Soft Skills,Soft Skills,850000,157
578,Enterprise,1,2026-04-01,Sales Skills,Product Knowledge,850000,94
579,Enterprise,1,2025-08-31,Product Knowledge,Soft Skills,850000,186
580,Enterprise,1,2025-09-28,Soft Skills,Sales Skills,850000,109
581,Enterprise,1,2026-02-10,Sales Skills,Tools Training,850000,122
582,Enterprise,1,2026-02-20,Soft Skills,Soft Skills,850000,153
583,Enterprise,1,2026-02-02,Sales Skills,Tools Training,850000,119
584,Enterprise,1,2026-03-18,Sales Skills,Sales Skills,850000,128
585,Enterprise,1,2025-11-29,Soft Skills,Product Knowledge,850000,126
586,Enterprise,1,2025-09-14,Tools Training,Soft Skills,850000,110
587,Enterprise,1,2025-10-01,Tools Training,Product Knowledge,850000,96
588,Enterprise,1,2025-08-12,Sales Skills,Product Knowledge,850000,141
589,Enterprise,1,2026-04-22,Sales Skills,Sales Skills,850000,153
590,Enterprise,1,2026-03-12,Soft Skills,Product Knowledge,850000,104
591,Enterprise,1,2025-06-10,Product Knowledge,Tools Training,850000,143
592,Enterprise,1,2025-10-22,Tools Training,Product Knowledge,850000,160
593,Enterprise,1,2025-08-07,Soft Skills,Product Knowledge,850000,107
594,Enterprise,1,2025-08-04,Sales Skills,Soft Skills,850000,151
595,Enterprise,1,2025-07-16,Product Knowledge,Tools Training,850000,95
596,Enterprise,1,2025-07-31,Soft Skills,Product Knowledge,850000,136
597,Enterprise,1,2025-10-29,Product Knowledge,Soft Skills,850000,119
598,Enterprise,1,2026-01-06,Product Knowledge,Soft Skills,850000,104
599,Enterprise,1,2025-09-29,Sales Skills,Soft Skills,850000,124
600,Enterprise,1,2025-12-29,Soft Skills,Product Knowledge,850000,183
601,Enterprise,1,2026-01-01,Tools Training,Product Knowledge,850000,116
602,Enterprise,1,2025-12-02,Sales Skills,Product Knowledge,850000,141
603,Enterprise,1,2025-12-02,Soft Skills,Tools Training,850000,89
604,Enterprise,1,2025-08-17,Product Knowledge,Product Knowledge,850000,132
605,Enterprise,1,2025-09-07,Sales Skills,Product Knowledge,850000,134
606,Enterprise,1,2025-08-15,Sales Skills,Sales Skills,850000,77
607,Enterprise,1,2025-07-21,Tools Training,Soft Skills,850000,125
608,Enterprise,1,2026-03-17,Sales Skills,Product Knowledge,850000,141
609,Enterprise,1,2025-11-10,Tools Training,Tools Training,850000,148
610,Enterprise,1,2026-01-02,Tools Training,Tools Training,850000,149
611,Enterprise,1,2026-03-31,Soft Skills,Sales Skills,850000,135
612,Enterprise,1,2026-01-09,Soft Skills,Product Knowledge,850000,151
613,Enterprise,1,2025-10-26,Product Knowledge,Product Knowledge,850000,120
614,Enterprise,1,2026-04-20,Sales Skills,Soft Skills,850000,102
615,Enterprise,1,2025-07-02,Sales Skills,Soft Skills,850000,92
616,Enterprise,1,2026-04-17,Sales Skills,Soft Skills,850000,138
617,Enterprise,1,2026-02-03,Soft Skills,Sales Skills,850000,132
618,Enterprise,1,2026-04-16,Sales Skills,Product Knowledge,850000,132
619,Enterprise,1,2026-04-10,Tools Training,Product Knowledge,850000,101
620,Enterprise,1,2025-06-22,Tools Training,Sales Skills,850000,113
621,Enterprise,1,2025-10-26,Soft Skills,Product Knowledge,850000,103
622,Enterprise,1,2026-04-06,Product Knowledge,Tools Training,850000,67
623,Enterprise,1,2025-11-27,Soft Skills,Tools Training,850000,86
624,Enterprise,1,2025-10-10,Product Knowledge,Product Knowledge,850000,76
625,Enterprise,1,2025-08-13,Sales Skills,Tools Training,850000,114
626,Enterprise,1,2026-02-18,Soft Skills,Sales Skills,850000,92
627,Enterprise,1,2026-04-16,Product Knowledge,Tools Training,850000,110
628,Enterprise,1,2025-08-19,Soft Skills,Product Knowledge,850000,134
629,Enterprise,1,2025-11-23,Soft Skills,Tools Training,850000,108
630,Enterprise,1,2025-06-29,Tools Training,Product Knowledge,850000,149
631,Enterprise,1,2025-10-01,Product Knowledge,Product Knowledge,850000,121
632,Enterprise,1,2026-01-03,Tools Training,Soft Skills,850000,113
633,Enterprise,1,2025-10-20,Product Knowledge,Tools Training,850000,61
634,Enterprise,1,2026-01-07,Tools Training,Sales Skills,850000,136
635,Enterprise,1,2025-12-05,Soft Skills,Tools Training,850000,109
636,Enterprise,1,2025-07-01,Tools Training,Sales Skills,850000,121
637,Enterprise,1,2026-01-02,Soft Skills,Soft Skills,850000,97
638,Enterprise,1,2025-09-02,Tools Training,Tools Training,850000,177
639,Enterprise,1,2025-10-14,Product Knowledge,Product Knowledge,850000,134
640,Enterprise,1,2025-08-14,Sales Skills,Tools Training,850000,87
641,Enterprise,1,2026-01-07,Product Knowledge,Sales Skills,850000,173
642,Enterprise,1,2026-03-10,Sales Skills,Tools Training,850000,172
643,Enterprise,1,2026-03-26,Sales Skills,Soft Skills,850000,154
644,Enterprise,1,2026-03-12,Sales Skills,Product Knowledge,850000,120
645,Enterprise,1,2025-10-20,Soft Skills,Product Knowledge,850000,94
646,Enterprise,1,2025-09-11,Tools Training,Product Knowledge,850000,124
647,Enterprise,1,2025-12-22,Soft Skills,Soft Skills,850000,118
648,Enterprise,1,2026-03-25,Sales Skills,Product Knowledge,850000,98
649,Enterprise,1,2026-01-14,Tools Training,Tools Training,850000,98
650,Enterprise,1,2025-09-22,Product Knowledge,Soft Skills,850000,101
651,Enterprise,1,2025-10-30,Product Knowledge,Soft Skills,850000,158
652,Enterprise,1,2025-06-05,Sales Skills,Soft Skills,850000,119
653,Enterprise,1,2025-10-28,Tools Training,Sales Skills,850000,129
654,Enterprise,1,2026-04-09,Soft Skills,Product Knowledge,850000,112
655,Enterprise,1,2026-04-23,Soft Skills,Soft Skills,850000,121
656,Enterprise,1,2025-10-09,Soft Skills,Soft Skills,850000,119
657,Enterprise,1,2025-12-08,Product Knowledge,Soft Skills,850000,118
658,Enterprise,1,2025-12-09,Sales Skills,Sales Skills,850000,151
659,Enterprise,1,2025-06-20,Sales Skills,Tools Training,850000,102
660,Enterprise,1,2025-11-20,Product Knowledge,Sales Skills,850000,143
661,Enterprise,1,2025-10-16,Product Knowledge,Tools Training,850000,102
662,Enterprise,1,2025-07-15,Sales Skills,Soft Skills,850000,121
663,Enterprise,1,2026-02-28,Tools Training,Sales Skills,850000,112
664,Enterprise,1,2026-02-03,Sales Skills,Sales Skills,850000,86
665,Enterprise,1,2026-01-22,Sales Skills,Product Knowledge,850000,123
666,Enterprise,1,2026-04-25,Product Knowledge,Product Knowledge,850000,102
667,Enterprise,1,2026-01-08,Soft Skills,Soft Skills,850000,120
668,Enterprise,1,2025-12-26,Tools Training,Product Knowledge,850000,122
669,Enterprise,1,2026-02-13,Soft Skills,Tools Training,850000,126
670,Enterprise,1,2025-12-13,Tools Training,Soft Skills,850000,105
671,Enterprise,1,2025-08-30,Tools Training,Sales Skills,850000,108
672,Enterprise,1,2026-04-10,Product Knowledge,Tools Training,850000,142
673,Enterprise,1,2026-02-21,Soft Skills,Soft Skills,850000,129
674,Enterprise,1,2025-09-29,Tools Training,Product Knowledge,850000,171
675,Enterprise,1,2026-01-04,Sales Skills,Soft Skills,850000,115
676,Enterprise,1,2026-03-03,Soft Skills,Product Knowledge,850000,140
677,Enterprise,1,2026-02-23,Soft Skills,Soft Skills,850000,124
678,Enterprise,1,2026-01-23,Product Knowledge,Soft Skills,850000,105
679,Enterprise,1,2025-09-15,Sales Skills,Tools Training,850000,134
680,Enterprise,1,2025-11-03,Tools Training,Tools Training,850000,104
681,Enterprise,1,2025-10-15,Soft Skills,Sales Skills,850000,74
682,Enterprise,1,2025-11-17,Sales Skills,Sales Skills,850000,131
683,Enterprise,1,2026-02-17,Soft Skills,Product Knowledge,850000,113
684,Enterprise,1,2026-01-16,Product Knowledge,Product Knowledge,850000,161
685,Enterprise,1,2025-06-18,Tools Training,Soft Skills,850000,153
686,Enterprise,1,2025-08-14,Tools Training,Product Knowledge,850000,144
687,Enterprise,1,2026-03-21,Tools Training,Soft Skills,850000,197
688,Enterprise,1,2026-04-22,Sales Skills,Soft Skills,850000,131
689,Enterprise,1,2025-11-05,Product Knowledge,Product Knowledge,850000,120
690,Enterprise,1,2025-08-27,Tools Training,Soft Skills,850000,93
691,Enterprise,1,2025-12-14,Soft Skills,Sales Skills,850000,126
692,Enterprise,1,2026-02-26,Sales Skills,Tools Training,850000,165
693,Enterprise,1,2026-04-09,Soft Skills,Product Knowledge,850000,100
694,Enterprise,1,2025-09-19,Tools Training,Tools Training,850000,158
695,Enterprise,1,2025-12-23,Sales Skills,Soft Skills,850000,126
696,Enterprise,1,2025-07-23,Soft Skills,Product Knowledge,850000,118
697,Enterprise,1,2025-11-27,Sales Skills,Soft Skills,850000,131
698,Enterprise,1,2025-08-08,Soft Skills,Product Knowledge,850000,116
699,Enterprise,1,2025-12-17,Tools Training,Product Knowledge,850000,97
700,Enterprise,1,2025-09-29,Soft Skills,Product Knowledge,850000,157
701,Enterprise,1,2025-12-20,Soft Skills,Sales Skills,850000,127
702,Enterprise,1,2025-11-25,Soft Skills,Product Knowledge,850000,155
703,Enterprise,1,2025-10-22,Product Knowledge,Sales Skills,850000,109
704,Enterprise,1,2025-06-27,Tools Training,Product Knowledge,850000,171
705,Enterprise,1,2025-06-20,Soft Skills,Product Knowledge,850000,94
706,Enterprise,1,2025-07-31,Sales Skills,Soft Skills,850000,182
707,Enterprise,1,2025-12-12,Sales Skills,Soft Skills,850000,112
708,Enterprise,1,2025-08-01,Product Knowledge,Product Knowledge,850000,144
709,Enterprise,1,2025-08-25,Soft Skills,Tools Training,850000,114
710,Enterprise,1,2025-12-23,Tools Training,Tools Training,850000,140
711,Enterprise,1,2026-04-26,Tools Training,Tools Training,850000,116
712,Enterprise,1,2026-04-09,Tools Training,Sales Skills,850000,138
713,Enterprise,1,2026-01-03,Soft Skills,Soft Skills,850000,166
714,Enterprise,1,2026-03-22,Sales Skills,Tools Training,850000,111
715,Enterprise,1,2025-08-21,Sales Skills,Product Knowledge,850000,92
716,Enterprise,1,2025-08-22,Tools Training,Tools Training,850000,149
717,Enterprise,1,2026-01-29,Product Knowledge,Soft Skills,850000,82
718,Enterprise,1,2025-06-06,Product Knowledge,Tools Training,850000,86
719,Enterprise,1,2025-12-04,Soft Skills,Product Knowledge,850000,111
720,Enterprise,1,2025-11-27,Product Knowledge,Tools Training,850000,123
721,Enterprise,1,2025-12-01,Tools Training,Tools Training,850000,113
722,Enterprise,1,2025-07-29,Sales Skills,Soft Skills,850000,147
723,Enterprise,1,2025-11-08,Soft Skills,Tools Training,850000,150
724,Enterprise,1,2025-12-31,Product Knowledge,Sales Skills,850000,111
725,Enterprise,1,2025-06-17,Sales Skills,Soft Skills,850000,122
726,Enterprise,1,2025-11-20,Soft Skills,Soft Skills,850000,119
727,Enterprise,1,2026-01-31,Sales Skills,Soft Skills,850000,146
728,Enterprise,1,2026-02-21,Soft Skills,Soft Skills,850000,101
729,Enterprise,1,2026-04-28,Sales Skills,Soft Skills,850000,152
730,Enterprise,1,2025-12-24,Tools Training,Tools Training,850000,173
731,Enterprise,1,2026-04-14,Product Knowledge,Soft Skills,850000,146
732,Enterprise,1,2026-03-26,Tools Training,Soft Skills,850000,107
733,Enterprise,1,2026-03-11,Soft Skills,Soft Skills,850000,178
734,Enterprise,1,2025-11-09,Sales Skills,Sales Skills,850000,150
735,Enterprise,1,2025-10-11,Sales Skills,Product Knowledge,850000,133
736,Enterprise,1,2025-09-26,Soft Skills,Sales Skills,850000,143
737,Enterprise,1,2026-04-22,Soft Skills,Product Knowledge,850000,60
738,Enterprise,1,2026-02-13,Product Knowledge,Tools Training,850000,144
739,Enterprise,1,2026-04-15,Sales Skills,Product Knowledge,850000,150
740,Enterprise,1,2025-09-10,Sales Skills,Tools Training,850000,132
741,Enterprise,1,2026-03-23,Soft Skills,Tools Training,850000,171
742,Enterprise,1,2026-04-02,Soft Skills,Product Knowledge,850000,146
743,Enterprise,1,2026-02-13,Product Knowledge,Soft Skills,850000,186
744,Enterprise,1,2025-11-19,Tools Training,Tools Training,850000,121
745,Enterprise,1,2025-08-16,Product Knowledge,Sales Skills,850000,108
746,Enterprise,1,2025-10-02,Sales Skills,Sales Skills,850000,82
747,Enterprise,1,2025-08-05,Tools Training,Soft Skills,850000,148
748,Enterprise,1,2026-01-27,Sales Skills,Sales Skills,850000,131
749,Enterprise,1,2025-12-09,Soft Skills,Sales Skills,850000,83
750,Enterprise,1,2025-12-10,Sales Skills,Product Knowledge,850000,147
751,Enterprise,1,2026-03-12,Sales Skills,Soft Skills,850000,156
752,Enterprise,1,2025-06-16,Product Knowledge,Tools Training,850000,109
753,Enterprise,1,2025-06-24,Sales Skills,Sales Skills,850000,121
754,Enterprise,1,2026-03-20,Sales Skills,Soft Skills,850000,144
755,Enterprise,1,2025-07-27,Sales Skills,Tools Training,850000,128
756,Enterprise,1,2025-10-20,Tools Training,Product Knowledge,850000,65
757,Enterprise,1,2025-12-04,Sales Skills,Sales Skills,850000,147
758,Enterprise,1,2025-11-13,Soft Skills,Tools Training,850000,123
759,Enterprise,1,2025-06-02,Sales Skills,Soft Skills,850000,135
760,Enterprise,1,2025-09-02,Sales Skills,Sales Skills,850000,147
761,Enterprise,1,2026-01-30,Product Knowledge,Product Knowledge,850000,130
762,Enterprise,1,2025-06-10,Product Knowledge,Sales Skills,850000,108
763,Enterprise,1,2025-12-24,Tools Training,Soft Skills,850000,107
764,Enterprise,1,2026-02-05,Sales Skills,Sales Skills,850000,133
765,Enterprise,1,2025-06-02,Tools Training,Product Knowledge,850000,119
766,Enterprise,1,2025-07-19,Sales Skills,Product Knowledge,850000,107
767,Enterprise,1,2025-06-27,Product Knowledge,Tools Training,850000,123
768,Enterprise,1,2026-01-02,Sales Skills,Sales Skills,850000,126
769,Enterprise,1,2026-03-22,Tools Training,Sales Skills,850000,136
770,Enterprise,1,2026-04-28,Sales Skills,Product Knowledge,850000,143
771,Enterprise,1,2025-07-08,Soft Skills,Tools Training,850000,141
772,Enterprise,1,2025-09-07,Sales Skills,Tools Training,850000,151
773,Enterprise,1,2025-07-03,Product Knowledge,Sales Skills,850000,148
774,Enterprise,1,2025-12-24,Tools Training,Sales Skills,850000,120
775,Enterprise,1,2025-07-25,Soft Skills,Tools Training,850000,155
776,Enterprise,1,2026-02-16,Sales Skills,Product Knowledge,850000,116
777,Enterprise,1,2025-12-29,Soft Skills,Tools Training,850000,86
778,Enterprise,1,2025-10-17,Soft Skills,Soft Skills,850000,139
779,Enterprise,1,2025-05-30,Tools Training,Soft Skills,850000,115
780,Enterprise,1,2025-11-21,Product Knowledge,Tools Training,850000,132
781,Enterprise,1,2025-06-21,Soft Skills,Tools Training,850000,123
782,Enterprise,1,2025-07-14,Soft Skills,Soft Skills,850000,116
783,Enterprise,1,2026-04-23,Sales Skills,Product Knowledge,850000,98
784,Enterprise,1,2025-12-25,Tools Training,Sales Skills,850000,113
785,Enterprise,1,2025-07-10,Soft Skills,Soft Skills,850000,129
786,Enterprise,1,2025-10-08,Product Knowledge,Sales Skills,850000,159
787,Enterprise,1,2026-03-30,Sales Skills,Product Knowledge,850000,103
788,Enterprise,1,2026-02-22,Tools Training,Sales Skills,850000,137
789,Enterprise,1,2025-08-13,Tools Training,Soft Skills,850000,122
790,Enterprise,1,2025-09-08,Tools Training,Product Knowledge,850000,121
791,Enterprise,1,2025-08-11,Product Knowledge,Product Knowledge,850000,118
792,Enterprise,1,2025-12-29,Sales Skills,Sales Skills,850000,170
793,Enterprise,1,2025-11-11,Product Knowledge,Soft Skills,850000,112
794,Enterprise,1,2025-07-30,Soft Skills,Sales Skills,850000,61
795,Enterprise,1,2025-07-19,Soft Skills,Product Knowledge,850000,82
796,Enterprise,1,2026-02-21,Sales Skills,Sales Skills,850000,84
797,Enterprise,1,2025-06-29,Sales Skills,Tools Training,850000,90
798,Enterprise,1,2026-03-19,Product Knowledge,Soft Skills,850000,129
799,Enterprise,1,2026-01-11,Soft Skills,Tools Training,850000,90
800,Enterprise,1,2025-06-10,Tools Training,Sales Skills,850000,101
801,Enterprise,1,2026-01-28,Soft Skills,Tools Training,850000,135
802,Enterprise,1,2025-07-31,Tools Training,Soft Skills,850000,115
803,Enterprise,1,2026-01-16,Tools Training,Sales Skills,850000,155
804,Enterprise,1,2026-04-22,Soft Skills,Sales Skills,850000,108
805,Enterprise,1,2025-12-06,Tools Training,Soft Skills,850000,140
806,Enterprise,1,2026-01-29,Sales Skills,Product Knowledge,850000,133
807,Enterprise,1,2025-08-06,Product Knowledge,Sales Skills,850000,109
808,Enterprise,1,2025-08-27,Tools Training,Tools Training,850000,67
809,Enterprise,1,2026-04-25,Product Knowledge,Product Knowledge,850000,107
810,Enterprise,1,2026-04-18,Product Knowledge,Sales Skills,850000,150
811,Enterprise,1,2025-12-04,Soft Skills,Soft Skills,850000,100
812,Enterprise,1,2026-02-19,Tools Training,Tools Training,850000,126
813,Enterprise,1,2025-08-23,Product Knowledge,Soft Skills,850000,210
814,Enterprise,1,2025-10-09,Soft Skills,Sales Skills,850000,91
815,Enterprise,1,2025-08-31,Tools Training,Product Knowledge,850000,141
816,Enterprise,1,2026-01-28,Tools Training,Tools Training,850000,134
817,Enterprise,1,2025-09-03,Soft Skills,Tools Training,850000,141
818,Enterprise,1,2025-06-05,Soft Skills,Soft Skills,850000,128
819,Enterprise,1,2025-09-17,Sales Skills,Tools Training,850000,122
820,Enterprise,1,2025-10-23,Tools Training,Tools Training,850000,154
821,Enterprise,1,2025-10-04,Sales Skills,Soft Skills,850000,188
822,Enterprise,1,2025-10-08,Product Knowledge,Sales Skills,850000,138
823,Enterprise,1,2025-11-29,Product Knowledge,Tools Training,850000,131
824,Enterprise,1,2025-11-18,Tools Training,Product Knowledge,850000,174
825,Enterprise,1,2025-08-09,Tools Training,Sales Skills,850000,159
826,Enterprise,1,2025-12-10,Soft Skills,Soft Skills,850000,85
827,Enterprise,1,2025-10-24,Soft Skills,Tools Training,850000,159
828,Enterprise,1,2025-10-18,Tools Training,Soft Skills,850000,145
829,Enterprise,1,2026-04-07,Soft Skills,Soft Skills,850000,103
830,Enterprise,1,2026-02-14,Tools Training,Soft Skills,850000,125
831,Enterprise,1,2025-08-14,Soft Skills,Product Knowledge,850000,156
832,Enterprise,1,2026-03-16,Sales Skills,Tools Training,850000,178
833,Enterprise,1,2025-12-28,Sales Skills,Tools Training,850000,136
834,Enterprise,1,2025-11-19,Product Knowledge,Soft Skills,850000,148
835,Enterprise,1,2025-12-07,Product Knowledge,Sales Skills,850000,93
836,Enterprise,1,2025-10-28,Tools Training,Tools Training,850000,123
837,Enterprise,1,2025-07-14,Product Knowledge,Soft Skills,850000,150
838,Enterprise,1,2026-03-06,Tools Training,Product Knowledge,850000,108
839,Enterprise,1,2025-09-21,Sales Skills,Sales Skills,850000,158
840,Enterprise,1,2025-11-23,Sales Skills,Sales Skills,850000,133
841,Enterprise,1,2026-04-09,Sales Skills,Product Knowledge,850000,114
842,Enterprise,1,2026-03-30,Sales Skills,Tools Training,850000,87
843,Enterprise,1,2026-04-07,Soft Skills,Soft Skills,850000,122
844,Enterprise,1,2026-03-07,Soft Skills,Soft Skills,850000,156
845,Enterprise,1,2025-11-21,Product Knowledge,Soft Skills,850000,60
846,Enterprise,1,2026-03-08,Soft Skills,Tools Training,850000,176
847,Enterprise,1,2026-04-08,Tools Training,Tools Training,850000,97
848,Enterprise,1,2025-08-09,Product Knowledge,Soft Skills,850000,130
849,Enterprise,1,2026-01-01,Sales Skills,Soft Skills,850000,141
850,Enterprise,1,2026-03-12,Tools Training,Sales Skills,850000,148
851,Enterprise,1,2025-09-01,Soft Skills,Product Knowledge,850000,108
852,Enterprise,1,2025-07-10,Sales Skills,Tools Training,850000,126
853,Enterprise,1,2026-02-01,Sales Skills,Soft Skills,850000,149
854,Enterprise,1,2025-12-12,Sales Skills,Sales Skills,850000,101
855,Enterprise,1,2026-01-13,Soft Skills,Soft Skills,850000,146
856,Enterprise,1,2026-01-20,Product Knowledge,Tools Training,850000,112
857,Enterprise,1,2025-06-27,Soft Skills,Soft Skills,850000,149
858,Enterprise,1,2025-11-02,Sales Skills,Sales Skills,850000,122
859,Enterprise,1,2025-10-26,Soft Skills,Tools Training,850000,128
860,Enterprise,1,2025-09-25,Soft Skills,Tools Training,850000,110
861,Enterprise,1,2025-11-06,Sales Skills,Sales Skills,850000,140
862,Enterprise,1,2026-04-06,Soft Skills,Tools Training,850000,103
863,Enterprise,1,2025-07-31,Sales Skills,Sales Skills,850000,137
864,Enterprise,1,2025-10-01,Soft Skills,Sales Skills,850000,130
865,Enterprise,1,2025-07-06,Tools Training,Soft Skills,850000,125
866,Enterprise,1,2026-03-20,Tools Training,Tools Training,850000,98
867,Enterprise,1,2025-12-05,Sales Skills,Soft Skills,850000,161
868,Enterprise,1,2026-04-17,Product Knowledge,Sales Skills,850000,143
869,Enterprise,1,2026-01-20,Sales Skills,Product Knowledge,850000,114
870,Enterprise,1,2025-06-24,Soft Skills,Product Knowledge,850000,139
871,Enterprise,1,2026-01-20,Product Knowledge,Sales Skills,850000,153
872,Enterprise,1,2025-09-26,Soft Skills,Tools Training,850000,170
873,Enterprise,1,2025-07-12,Soft Skills,Soft Skills,850000,101
874,Enterprise,1,2025-12-02,Soft Skills,Soft Skills,850000,157
875,Enterprise,1,2025-06-24,Soft Skills,Tools Training,850000,131
876,Enterprise,1,2025-09-15,Sales Skills,Sales Skills,850000,121
877,Enterprise,1,2026-03-12,Soft Skills,Tools Training,850000,127
878,Enterprise,1,2026-03-08,Product Knowledge,Product Knowledge,850000,97
879,Enterprise,1,2026-04-17,Product Knowledge,Sales Skills,850000,83
880,Enterprise,1,2025-12-13,Tools Training,Sales Skills,850000,94
881,Enterprise,1,2026-01-09,Soft Skills,Soft Skills,850000,144
882,Enterprise,1,2026-04-01,Tools Training,Sales Skills,850000,118
883,Enterprise,1,2025-09-14,Sales Skills,Soft Skills,850000,122
884,Enterprise,1,2026-01-01,Soft Skills,Soft Skills,850000,112
885,Enterprise,1,2025-11-06,Soft Skills,Tools Training,850000,113
886,Enterprise,1,2025-10-31,Product Knowledge,Tools Training,850000,116
887,Enterprise,1,2025-11-06,Product Knowledge,Tools Training,850000,119
888,Enterprise,1,2025-09-18,Sales Skills,Sales Skills,850000,131
889,Enterprise,1,2026-03-28,Sales Skills,Product Knowledge,850000,102
890,Enterprise,1,2026-04-18,Soft Skills,Soft Skills,850000,146
891,Enterprise,1,2026-03-18,Soft Skills,Tools Training,850000,142
892,Enterprise,1,2025-06-27,Sales Skills,Soft Skills,850000,181
893,Enterprise,1,2025-06-03,Soft Skills,Soft Skills,850000,136
894,Enterprise,1,2026-03-16,Product Knowledge,Tools Training,850000,158
895,Enterprise,1,2025-12-19,Sales Skills,Product Knowledge,850000,134
896,Enterprise,1,2025-09-16,Soft Skills,Sales Skills,850000,141
897,Enterprise,1,2026-02-10,Soft Skills,Product Knowledge,850000,130
898,Enterprise,1,2026-01-16,Sales Skills,Tools Training,850000,113
899,Enterprise,1,2025-12-18,Tools Training,Tools Training,850000,185
900,Enterprise,1,2025-07-16,Soft Skills,Product Knowledge,850000,138
901,Enterprise,1,2025-09-09,Tools Training,Product Knowledge,850000,144
902,Enterprise,1,2026-04-04,Sales Skills,Product Knowledge,850000,101
903,Enterprise,1,2025-07-03,Tools Training,Soft Skills,850000,151
904,Enterprise,1,2025-06-13,Sales Skills,Tools Training,850000,127
905,Enterprise,1,2026-03-09,Sales Skills,Tools Training,850000,160
906,Enterprise,1,2025-11-22,Sales Skills,Product Knowledge,850000,100
907,Enterprise,1,2025-08-31,Soft Skills,Soft Skills,850000,138
908,Enterprise,1,2025-08-25,Product Knowledge,Sales Skills,850000,131
909,Enterprise,1,2025-09-16,Sales Skills,Product Knowledge,850000,126
910,Enterprise,1,2025-07-10,Product Knowledge,Product Knowledge,850000,80
911,Enterprise,1,2025-10-02,Tools Training,Product Knowledge,850000,89
912,Enterprise,1,2026-04-27,Product Knowledge,Product Knowledge,850000,131
913,Enterprise,1,2026-01-27,Soft Skills,Sales Skills,850000,152
914,Enterprise,1,2025-10-03,Soft Skills,Tools Training,850000,124
915,Enterprise,1,2025-06-01,Soft Skills,Product Knowledge,850000,60
916,Enterprise,1,2025-11-12,Soft Skills,Soft Skills,850000,142
917,Enterprise,1,2025-08-21,Tools Training,Sales Skills,850000,127
918,Enterprise,1,2026-01-31,Product Knowledge,Tools Training,850000,135
919,Enterprise,1,2025-06-23,Sales Skills,Tools Training,850000,102
920,Enterprise,1,2025-07-05,Sales Skills,Soft Skills,850000,162
921,Enterprise,1,2025-08-26,Product Knowledge,Soft Skills,850000,155
922,Enterprise,1,2026-01-26,Sales Skills,Tools Training,850000,117
923,Enterprise,1,2026-03-22,Soft Skills,Sales Skills,850000,141
924,Enterprise,1,2026-02-15,Soft Skills,Sales Skills,850000,137
925,Enterprise,1,2025-11-25,Soft Skills,Product Knowledge,850000,143
926,Enterprise,1,2025-08-21,Soft Skills,Product Knowledge,850000,90
927,Enterprise,1,2026-03-06,Sales Skills,Tools Training,850000,112
928,Enterprise,1,2025-12-10,Sales Skills,Product Knowledge,850000,133
929,Enterprise,1,2025-09-14,Tools Training,Product Knowledge,850000,104
930,Enterprise,1,2025-12-22,Soft Skills,Sales Skills,850000,82
931,Enterprise,1,2026-01-27,Soft Skills,Sales Skills,850000,189
932,Enterprise,1,2026-01-26,Tools Training,Tools Training,850000,117
933,Enterprise,1,2026-01-07,Sales Skills,Product Knowledge,850000,78
934,Enterprise,1,2025-11-08,Soft Skills,Sales Skills,850000,114
935,Enterprise,1,2025-10-31,Product Knowledge,Sales Skills,850000,164
936,Enterprise,1,2026-03-03,Product Knowledge,Sales Skills,850000,91
937,Enterprise,1,2026-01-04,Sales Skills,Sales Skills,850000,103
938,Enterprise,1,2025-07-26,Product Knowledge,Soft Skills,850000,146
939,Enterprise,1,2025-09-05,Soft Skills,Tools Training,850000,115
940,Enterprise,1,2025-06-22,Tools Training,Sales Skills,850000,85
941,Enterprise,1,2026-01-21,Sales Skills,Soft Skills,850000,151
942,Enterprise,1,2025-10-13,Tools Training,Tools Training,850000,112
943,Enterprise,1,2025-06-07,Product Knowledge,Soft Skills,850000,117
944,Enterprise,1,2025-07-25,Product Knowledge,Soft Skills,850000,156
945,Enterprise,1,2025-08-31,Sales Skills,Soft Skills,850000,137
946,Enterprise,1,2025-12-04,Soft Skills,Tools Training,850000,88
947,Enterprise,1,2026-03-15,Soft Skills,Tools Training,850000,60
948,Enterprise,1,2026-03-21,Tools Training,Sales Skills,850000,131
949,Enterprise,1,2025-11-17,Product Knowledge,Soft Skills,850000,155
950,Enterprise,1,2025-06-11,Product Knowledge,Sales Skills,850000,146
951,Enterprise,1,2025-10-31,Sales Skills,Tools Training,850000,109
952,Enterprise,1,2025-08-19,Sales Skills,Product Knowledge,850000,79
953,Enterprise,1,2025-11-12,Product Knowledge,Soft Skills,850000,107
954,Enterprise,1,2026-01-17,Product Knowledge,Sales Skills,850000,126
955,Enterprise,1,2025-06-17,Product Knowledge,Tools Training,850000,153
956,Enterprise,1,2025-06-02,Product Knowledge,Tools Training,850000,121
957,Enterprise,1,2025-09-03,Product Knowledge,Product Knowledge,850000,167
958,Enterprise,1,2026-03-31,Product Knowledge,Sales Skills,850000,112
959,Enterprise,1,2026-04-05,Sales Skills,Product Knowledge,850000,102
960,Enterprise,1,2026-03-14,Product Knowledge,Soft Skills,850000,100
961,Enterprise,1,2026-03-22,Product Knowledge,Sales Skills,850000,145
962,Enterprise,1,2025-09-01,Soft Skills,Tools Training,850000,104
963,Enterprise,1,2025-07-17,Sales Skills,Tools Training,850000,129
964,Enterprise,1,2026-04-20,Product Knowledge,Sales Skills,850000,77
965,Enterprise,1,2025-07-31,Sales Skills,Tools Training,850000,81
966,Enterprise,1,2026-01-18,Sales Skills,Sales Skills,850000,148
967,Enterprise,1,2025-10-21,Sales Skills,Tools Training,850000,61
968,Enterprise,1,2026-02-01,Product Knowledge,Soft Skills,850000,130
969,Enterprise,1,2025-08-02,Sales Skills,Tools Training,850000,117
970,Enterprise,1,2025-11-14,Sales Skills,Product Knowledge,850000,176
971,Enterprise,1,2025-06-21,Sales Skills,Sales Skills,850000,149
972,Enterprise,1,2025-12-10,Product Knowledge,Product Knowledge,850000,108
973,Enterprise,1,2025-06-26,Sales Skills,Tools Training,850000,146
974,Enterprise,1,2025-10-20,Sales Skills,Sales Skills,850000,157
975,Enterprise,1,2025-08-02,Soft Skills,Product Knowledge,850000,60
976,Enterprise,1,2026-03-18,Soft Skills,Tools Training,850000,130
977,Enterprise,1,2026-02-11,Tools Training,Sales Skills,850000,83
978,Enterprise,1,2025-11-13,Tools Training,Sales Skills,850000,116
979,Enterprise,1,2025-10-19,Soft Skills,Sales Skills,850000,120
980,Enterprise,1,2025-09-02,Soft Skills,Product Knowledge,850000,71
981,Enterprise,1,2025-12-04,Product Knowledge,Sales Skills,850000,98
982,Enterprise,1,2025-12-03,Tools Training,Soft Skills,850000,118
983,Enterprise,1,2025-11-30,Sales Skills,Sales Skills,850000,153
984,Enterprise,1,2025-06-06,Tools Training,Product Knowledge,850000,110
985,Enterprise,1,2026-01-06,Product Knowledge,Sales Skills,850000,127
986,Enterprise,1,2025-06-03,Sales Skills,Tools Training,850000,108
987,Enterprise,1,2025-12-11,Sales Skills,Soft Skills,850000,83
988,Enterprise,1,2025-05-31,Sales Skills,Product Knowledge,850000,157
989,Enterprise,1,2026-03-02,Sales Skills,Tools Training,850000,107
990,Enterprise,1,2025-09-28,Sales Skills,Tools Training,850000,119
991,Enterprise,1,2026-03-14,Soft Skills,Product Knowledge,850000,130
992,Enterprise,1,2026-02-10,Tools Training,Product Knowledge,850000,124
993,Enterprise,1,2025-09-27,Soft Skills,Soft Skills,850000,168
994,Enterprise,1,2026-04-01,Soft Skills,Product Knowledge,850000,112
995,Enterprise,1,2025-06-15,Product Knowledge,Product Knowledge,850000,135
996,Enterprise,1,2025-11-24,Product Knowledge,Sales Skills,850000,124
997,Enterprise,1,2025-06-12,Product Knowledge,Soft Skills,850000,168
998,Enterprise,1,2025-09-23,Sales Skills,Soft Skills,850000,108
999,Enterprise,1,2026-02-18,Sales Skills,Tools Training,850000,102
1000,Enterprise,1,2025-10-04,Product Knowledge,Soft Skills,850000,107
1001,Enterprise,1,2025-07-24,Tools Training,Tools Training,850000,131
1002,Enterprise,1,2025-07-09,Tools Training,Sales Skills,850000,127
1003,Enterprise,1,2025-09-12,Soft Skills,Soft Skills,850000,122
1004,Enterprise,1,2026-02-05,Tools Training,Tools Training,850000,105
1005,Enterprise,1,2025-06-12,Soft Skills,Product Knowledge,850000,159
1006,Enterprise,1,2025-09-09,Tools Training,Soft Skills,850000,154
1007,Enterprise,1,2026-03-02,Sales Skills,Tools Training,850000,154
1008,Enterprise,1,2025-11-27,Sales Skills,Product Knowledge,850000,133
1009,Enterprise,1,2025-06-25,Product Knowledge,Soft Skills,850000,119
1010,Enterprise,1,2026-01-22,Product Knowledge,Sales Skills,850000,133
1011,Enterprise,1,2025-07-20,Tools Training,Sales Skills,850000,87
1012,Enterprise,1,2025-12-14,Soft Skills,Tools Training,850000,169
1013,Enterprise,1,2025-12-13,Product Knowledge,Soft Skills,850000,157
1014,Enterprise,1,2025-07-16,Product Knowledge,Soft Skills,850000,116
1015,Enterprise,1,2025-11-15,Tools Training,Sales Skills,850000,101
1016,Enterprise,1,2025-12-24,Sales Skills,Soft Skills,850000,122
1017,Enterprise,1,2025-08-02,Tools Training,Product Knowledge,850000,127
1018,Enterprise,1,2025-08-25,Soft Skills,Sales Skills,850000,163
1019,Enterprise,1,2026-03-18,Soft Skills,Sales Skills,850000,89
1020,Enterprise,1,2025-11-13,Tools Training,Sales Skills,850000,145
1021,Enterprise,1,2025-08-28,Tools Training,Soft Skills,850000,136
1022,Enterprise,1,2026-02-26,Sales Skills,Sales Skills,850000,141
1023,Enterprise,1,2026-02-20,Product Knowledge,Product Knowledge,850000,98
1024,Enterprise,1,2025-11-20,Tools Training,Soft Skills,850000,73
1025,Enterprise,1,2026-01-26,Tools Training,Tools Training,850000,139
1026,Enterprise,1,2026-02-12,Soft Skills,Product Knowledge,850000,139
1027,Enterprise,1,2025-06-13,Sales Skills,Sales Skills,850000,153
1028,Enterprise,1,2026-01-13,Sales Skills,Tools Training,850000,104
1029,Enterprise,1,2025-07-20,Tools Training,Soft Skills,850000,153
1030,Enterprise,1,2025-09-12,Product Knowledge,Soft Skills,850000,119
1031,Enterprise,1,2026-01-06,Soft Skills,Product Knowledge,850000,141
1032,Enterprise,1,2026-02-26,Product Knowledge,Soft Skills,850000,131
1033,Enterprise,1,2025-12-12,Product Knowledge,Soft Skills,850000,89
1034,Enterprise,1,2025-12-16,Sales Skills,Tools Training,850000,137
1035,Enterprise,1,2025-06-24,Product Knowledge,Product Knowledge,850000,153
1036,Enterprise,1,2025-12-30,Sales Skills,Product Knowledge,850000,97
1037,Enterprise,1,2026-03-23,Sales Skills,Product Knowledge,850000,127
1038,Enterprise,1,2026-04-09,Product Knowledge,Tools Training,850000,97
1039,Enterprise,1,2026-01-11,Soft Skills,Sales Skills,850000,120
1040,Enterprise,1,2025-12-22,Soft Skills,Soft Skills,850000,161
1041,Enterprise,1,2025-07-21,Sales Skills,Sales Skills,850000,208
1042,Enterprise,1,2025-06-15,Product Knowledge,Soft Skills,850000,160
1043,Enterprise,1,2025-11-28,Tools Training,Soft Skills,850000,112
1044,Enterprise,1,2026-03-25,Product Knowledge,Product Knowledge,850000,141
1045,Enterprise,1,2025-11-04,Sales Skills,Sales Skills,850000,145
1046,Enterprise,1,2025-09-29,Sales Skills,Sales Skills,850000,126
1047,Enterprise,1,2026-04-24,Product Knowledge,Sales Skills,850000,130
1048,Enterprise,1,2026-01-02,Sales Skills,Product Knowledge,850000,209
1049,Enterprise,1,2026-02-02,Tools Training,Product Knowledge,850000,130
1050,Enterprise,1,2025-06-21,Tools Training,Product Knowledge,850000,130
1051,Enterprise,1,2025-07-19,Soft Skills,Product Knowledge,850000,60
1052,Enterprise,1,2026-01-08,Tools Training,Sales Skills,850000,96
1053,Enterprise,1,2025-08-26,Product Knowledge,Product Knowledge,850000,129
1054,Enterprise,1,2025-07-15,Product Knowledge,Sales Skills,850000,174
1055,Enterprise,1,2025-12-25,Soft Skills,Tools Training,850000,106
1056,Enterprise,1,2025-11-19,Sales Skills,Product Knowledge,850000,90
1057,Enterprise,1,2026-04-02,Tools Training,Product Knowledge,850000,100
1058,Enterprise,1,2025-12-24,Tools Training,Product Knowledge,850000,111
1059,Enterprise,1,2025-11-29,Tools Training,Sales Skills,850000,154
1060,Enterprise,1,2026-04-11,Tools Training,Product Knowledge,850000,184
1061,Enterprise,1,2025-11-06,Product Knowledge,Tools Training,850000,104
1062,Enterprise,1,2025-12-10,Product Knowledge,Sales Skills,850000,144
1063,Enterprise,1,2026-01-27,Sales Skills,Sales Skills,850000,97
1064,Enterprise,1,2025-06-14,Sales Skills,Sales Skills,850000,128
1065,Enterprise,1,2025-07-09,Tools Training,Sales Skills,850000,138
1066,Enterprise,1,2025-06-09,Product Knowledge,Sales Skills,850000,103
1067,Enterprise,1,2026-04-23,Tools Training,Sales Skills,850000,141
1068,Enterprise,1,2025-08-22,Sales Skills,Tools Training,850000,163
1069,Enterprise,1,2025-10-05,Product Knowledge,Soft Skills,850000,118
1070,Enterprise,1,2025-12-07,Sales Skills,Product Knowledge,850000,136
1071,Enterprise,1,2025-11-25,Sales Skills,Sales Skills,850000,155
1072,Enterprise,1,2026-02-03,Soft Skills,Sales Skills,850000,148
1073,Enterprise,1,2026-01-02,Tools Training,Tools Training,850000,119
1074,Enterprise,1,2025-08-02,Tools Training,Tools Training,850000,166
1075,Enterprise,1,2025-10-31,Product Knowledge,Tools Training,850000,175
1076,Enterprise,1,2026-03-13,Product Knowledge,Soft Skills,850000,95
1077,Enterprise,1,2025-12-15,Sales Skills,Soft Skills,850000,118
1078,Enterprise,1,2025-07-12,Tools Training,Soft Skills,850000,152
1079,Enterprise,1,2026-01-04,Product Knowledge,Sales Skills,850000,109
1080,Enterprise,1,2026-03-16,Product Knowledge,Tools Training,850000,131
1081,Enterprise,1,2026-04-10,Product Knowledge,Product Knowledge,850000,95
1082,Enterprise,1,2025-06-14,Soft Skills,Tools Training,850000,106
1083,Enterprise,1,2026-02-27,Tools Training,Product Knowledge,850000,85
1084,Enterprise,1,2026-01-13,Soft Skills,Tools Training,850000,86
1085,Enterprise,1,2025-09-07,Sales Skills,Soft Skills,850000,134
1086,Enterprise,1,2025-11-22,Soft Skills,Product Knowledge,850000,134
1087,Enterprise,1,2025-06-17,Product Knowledge,Sales Skills,850000,79
1088,Enterprise,1,2025-06-16,Tools Training,Soft Skills,850000,176
1089,Enterprise,1,2025-06-20,Tools Training,Tools Training,850000,144
1090,Enterprise,1,2026-01-28,Sales Skills,Tools Training,850000,100
1091,Enterprise,1,2025-09-22,Soft Skills,Tools Training,850000,95
1092,Enterprise,1,2025-07-27,Soft Skills,Product Knowledge,850000,116
1093,Enterprise,1,2025-07-12,Product Knowledge,Product Knowledge,850000,129
1094,Enterprise,1,2025-06-02,Product Knowledge,Sales Skills,850000,158
1095,Enterprise,1,2025-08-04,Soft Skills,Tools Training,850000,103
1096,Enterprise,1,2025-06-21,Soft Skills,Sales Skills,850000,168
1097,Enterprise,1,2026-01-26,Tools Training,Tools Training,850000,137
1098,Enterprise,1,2026-02-08,Product Knowledge,Product Knowledge,850000,144
1099,Enterprise,1,2025-11-03,Product Knowledge,Product Knowledge,850000,158
1100,Enterprise,1,2025-09-18,Sales Skills,Soft Skills,850000,114
1101,Enterprise,1,2026-02-27,Product Knowledge,Tools Training,850000,95
1102,Enterprise,1,2025-09-20,Sales Skills,Sales Skills,850000,150
1103,Enterprise,1,2025-11-08,Product Knowledge,Sales Skills,850000,121
1104,Enterprise,1,2025-07-26,Product Knowledge,Tools Training,850000,162
1105,Enterprise,1,2025-10-05,Product Knowledge,Soft Skills,850000,145
1106,Enterprise,1,2025-10-08,Sales Skills,Soft Skills,850000,147
1107,Enterprise,1,2025-08-16,Sales Skills,Sales Skills,850000,78
1108,Enterprise,1,2026-01-24,Tools Training,Tools Training,850000,118
1109,Enterprise,1,2026-04-25,Soft Skills,Product Knowledge,850000,153
1110,Enterprise,1,2025-09-25,Soft Skills,Product Knowledge,850000,135
1111,Enterprise,1,2025-10-25,Tools Training,Soft Skills,850000,174
1112,Enterprise,1,2026-02-12,Product Knowledge,Product Knowledge,850000,128
1113,Enterprise,1,2025-08-15,Sales Skills,Soft Skills,850000,146
1114,Enterprise,1,2026-03-23,Soft Skills,Tools Training,850000,142
1115,Enterprise,1,2025-07-28,Tools Training,Sales Skills,850000,142
1116,Enterprise,1,2025-11-18,Tools Training,Tools Training,850000,155
1117,Enterprise,1,2025-08-20,Tools Training,Tools Training,850000,130
1118,Enterprise,1,2025-06-30,Sales Skills,Tools Training,850000,124
1119,Enterprise,1,2026-02-03,Soft Skills,Tools Training,850000,163
1120,Enterprise,1,2025-10-05,Soft Skills,Tools Training,850000,143
1121,Enterprise,1,2026-04-27,Product Knowledge,Tools Training,850000,153
1122,Enterprise,1,2026-04-05,Soft Skills,Sales Skills,850000,135
1123,Enterprise,1,2026-04-01,Product Knowledge,Sales Skills,850000,116
1124,Enterprise,1,2025-11-28,Soft Skills,Soft Skills,850000,169
1125,Enterprise,1,2025-10-01,Product Knowledge,Tools Training,850000,117
1126,Enterprise,1,2026-04-02,Sales Skills,Tools Training,850000,152
1127,Enterprise,1,2025-06-19,Product Knowledge,Soft Skills,850000,60
1128,Enterprise,1,2025-08-27,Sales Skills,Product Knowledge,850000,87
1129,Enterprise,1,2025-11-15,Tools Training,Sales Skills,850000,109
1130,Enterprise,1,2025-11-26,Tools Training,Product Knowledge,850000,129
1131,Enterprise,1,2025-10-02,Tools Training,Tools Training,850000,111
1132,Enterprise,1,2025-10-30,Product Knowledge,Product Knowledge,850000,130
1133,Enterprise,1,2025-06-13,Tools Training,Soft Skills,850000,160
1134,Enterprise,1,2025-09-28,Product Knowledge,Tools Training,850000,173
1135,Enterprise,1,2025-10-03,Soft Skills,Product Knowledge,850000,116
1136,Enterprise,1,2026-01-08,Sales Skills,Tools Training,850000,135
1137,Enterprise,1,2026-03-02,Product Knowledge,Soft Skills,850000,149
1138,Enterprise,1,2025-09-20,Product Knowledge,Tools Training,850000,139
1139,Enterprise,1,2025-11-25,Sales Skills,Product Knowledge,850000,60
1140,Enterprise,1,2025-07-11,Sales Skills,Product Knowledge,850000,117
1141,Enterprise,1,2025-06-12,Soft Skills,Soft Skills,850000,130
1142,Enterprise,1,2025-07-05,Product Knowledge,Soft Skills,850000,147
1143,Enterprise,1,2026-04-22,Tools Training,Soft Skills,850000,131
1144,Enterprise,1,2025-06-16,Tools Training,Tools Training,850000,146
1145,Enterprise,1,2026-03-16,Soft Skills,Tools Training,850000,159
1146,Enterprise,1,2026-02-16,Tools Training,Tools Training,850000,111
1147,Enterprise,1,2025-09-30,Tools Training,Tools Training,850000,145
1148,Enterprise,1,2025-06-21,Soft Skills,Tools Training,850000,97
1149,Enterprise,1,2026-01-25,Soft Skills,Tools Training,850000,113
1150,Enterprise,1,2025-06-25,Tools Training,Soft Skills,850000,135
1151,Enterprise,1,2025-07-31,Product Knowledge,Tools Training,850000,120
1152,Enterprise,1,2026-03-03,Product Knowledge,Tools Training,850000,105
1153,Enterprise,1,2025-07-28,Soft Skills,Tools Training,850000,122
1154,Enterprise,1,2025-07-11,Product Knowledge,Sales Skills,850000,104
1155,Enterprise,1,2025-07-08,Soft Skills,Soft Skills,850000,114
1156,Enterprise,1,2026-01-27,Product Knowledge,Soft Skills,850000,112
1157,Enterprise,1,2026-03-01,Soft Skills,Sales Skills,850000,113
1158,Enterprise,1,2026-04-17,Soft Skills,Soft Skills,850000,156
1159,Enterprise,1,2026-01-19,Product Knowledge,Sales Skills,850000,149
1160,Enterprise,1,2025-10-20,Product Knowledge,Product Knowledge,850000,168
1161,Enterprise,1,2025-12-23,Soft Skills,Soft Skills,850000,135
1162,Enterprise,1,2025-12-06,Sales Skills,Tools Training,850000,97
1163,Enterprise,1,2025-09-19,Product Knowledge,Sales Skills,850000,151
1164,Enterprise,1,2025-10-28,Product Knowledge,Sales Skills,850000,110
1165,Enterprise,1,2025-07-26,Tools Training,Soft Skills,850000,141
1166,Enterprise,1,2026-01-14,Tools Training,Tools Training,850000,171
1167,Enterprise,1,2025-06-15,Soft Skills,Sales Skills,850000,130
1168,Enterprise,1,2026-03-21,Soft Skills,Product Knowledge,850000,96
1169,Enterprise,1,2025-09-23,Sales Skills,Tools Training,850000,60
1170,Enterprise,1,2025-06-02,Soft Skills,Product Knowledge,850000,181
1171,Enterprise,1,2025-10-01,Soft Skills,Product Knowledge,850000,103
1172,Enterprise,1,2025-07-09,Soft Skills,Tools Training,850000,135
1173,Enterprise,1,2025-09-18,Sales Skills,Sales Skills,850000,119
1174,Enterprise,1,2025-09-13,Product Knowledge,Tools Training,850000,117
1175,Enterprise,1,2026-02-12,Tools Training,Product Knowledge,850000,116
1176,Enterprise,1,2025-12-19,Soft Skills,Tools Training,850000,201
1177,Enterprise,1,2026-02-17,Product Knowledge,Tools Training,850000,167
1178,Enterprise,1,2025-12-31,Soft Skills,Sales Skills,850000,93
1179,Enterprise,1,2025-09-20,Product Knowledge,Product Knowledge,850000,125
1180,Enterprise,1,2025-10-04,Product Knowledge,Soft Skills,850000,158
1181,Enterprise,1,2025-10-12,Product Knowledge,Product Knowledge,850000,68
1182,Enterprise,1,2026-03-29,Tools Training,Product Knowledge,850000,152
1183,Enterprise,1,2025-08-17,Tools Training,Sales Skills,850000,129
1184,Enterprise,1,2025-08-18,Sales Skills,Product Knowledge,850000,102
1185,Enterprise,1,2025-06-26,Product Knowledge,Sales Skills,850000,95
1186,Enterprise,1,2025-08-23,Soft Skills,Tools Training,850000,145
1187,Enterprise,1,2026-04-17,Sales Skills,Soft Skills,850000,163
1188,Enterprise,1,2025-10-07,Sales Skills,Product Knowledge,850000,172
1189,Enterprise,1,2025-07-31,Tools Training,Sales Skills,850000,98
1190,Enterprise,1,2025-07-25,Product Knowledge,Soft Skills,850000,104
1191,Enterprise,1,2025-08-09,Tools Training,Product Knowledge,850000,146
1192,Enterprise,1,2025-08-27,Product Knowledge,Tools Training,850000,153
1193,Enterprise,1,2025-07-18,Sales Skills,Tools Training,850000,158
1194,Enterprise,1,2026-01-26,Sales Skills,Soft Skills,850000,115
1195,Enterprise,1,2026-03-06,Tools Training,Sales Skills,850000,91
1196,Enterprise,1,2025-11-01,Product Knowledge,Soft Skills,850000,144
1197,Enterprise,1,2026-03-08,Product Knowledge,Tools Training,850000,67
1198,Enterprise,1,2026-04-29,Soft Skills,Tools Training,850000,174
1199,Enterprise,1,2025-06-03,Tools Training,Soft Skills,850000,82
1200,Enterprise,1,2025-09-05,Product Knowledge,Sales Skills,850000,117
1201,Enterprise,1,2026-02-17,Tools Training,Soft Skills,850000,132
1202,Enterprise,1,2026-03-19,Product Knowledge,Tools Training,850000,139
1203,Enterprise,1,2025-12-12,Sales Skills,Soft Skills,850000,179
1204,Enterprise,1,2025-09-21,Sales Skills,Sales Skills,850000,150
1205,Enterprise,1,2026-03-05,Sales Skills,Sales Skills,850000,108
1206,Enterprise,1,2025-10-20,Tools Training,Product Knowledge,850000,121
1207,Enterprise,1,2025-10-12,Tools Training,Soft Skills,850000,105
1208,Enterprise,1,2025-06-29,Sales Skills,Tools Training,850000,146
1209,Enterprise,1,2026-02-26,Tools Training,Sales Skills,850000,129
1210,Enterprise,1,2026-04-24,Tools Training,Soft Skills,850000,114
1211,Enterprise,1,2026-04-02,Product Knowledge,Sales Skills,850000,135
1212,Enterprise,1,2025-07-05,Soft Skills,Product Knowledge,850000,140
1213,Enterprise,1,2025-08-04,Product Knowledge,Tools Training,850000,150
1214,Enterprise,1,2025-10-26,Soft Skills,Tools Training,850000,167
1215,Enterprise,1,2025-09-04,Sales Skills,Product Knowledge,850000,122
1216,Enterprise,1,2025-10-02,Soft Skills,Soft Skills,850000,103
1217,Enterprise,1,2026-01-23,Soft Skills,Tools Training,850000,143
1218,Enterprise,1,2025-12-14,Tools Training,Soft Skills,850000,120
1219,Enterprise,1,2025-10-28,Product Knowledge,Sales Skills,850000,95
1220,Enterprise,1,2026-04-05,Tools Training,Product Knowledge,850000,134
1221,Enterprise,1,2026-02-22,Product Knowledge,Sales Skills,850000,120
1222,Enterprise,1,2025-07-22,Soft Skills,Soft Skills,850000,80
1223,Enterprise,1,2026-04-20,Tools Training,Product Knowledge,850000,110
1224,Enterprise,1,2025-07-21,Soft Skills,Sales Skills,850000,101
1225,Enterprise,1,2025-08-02,Soft Skills,Product Knowledge,850000,156
1226,Enterprise,1,2025-11-06,Product Knowledge,Tools Training,850000,122
1227,Enterprise,1,2025-12-11,Tools Training,Soft Skills,850000,118
1228,Enterprise,1,2025-12-22,Product Knowledge,Sales Skills,850000,142
1229,Enterprise,1,2026-02-23,Sales Skills,Soft Skills,850000,111
1230,Enterprise,1,2026-01-04,Product Knowledge,Sales Skills,850000,96
1231,Enterprise,1,2025-07-10,Product Knowledge,Soft Skills,850000,134
1232,Enterprise,1,2025-07-02,Sales Skills,Sales Skills,850000,129
1233,Enterprise,1,2026-02-19,Tools Training,Tools Training,850000,118
1234,Enterprise,1,2026-01-29,Product Knowledge,Sales Skills,850000,146
1235,Enterprise,1,2025-09-15,Tools Training,Soft Skills,850000,179
1236,Enterprise,1,2025-08-31,Product Knowledge,Sales Skills,850000,148
1237,Enterprise,1,2025-11-01,Sales Skills,Sales Skills,850000,122
1238,Enterprise,1,2025-06-23,Sales Skills,Soft Skills,850000,128
1239,Enterprise,1,2025-09-05,Tools Training,Soft Skills,850000,86
1240,Enterprise,1,2026-04-28,Sales Skills,Soft Skills,850000,138
1241,Enterprise,1,2025-10-24,Soft Skills,Soft Skills,850000,153
1242,Enterprise,1,2026-01-30,Sales Skills,Tools Training,850000,134
1243,Enterprise,1,2025-09-22,Tools Training,Product Knowledge,850000,124
1244,Enterprise,1,2025-08-26,Tools Training,Soft Skills,850000,138
1245,Enterprise,1,2026-02-13,Sales Skills,Tools Training,850000,83
1246,Enterprise,1,2025-06-13,Sales Skills,Tools Training,850000,129
1247,Enterprise,1,2025-10-30,Product Knowledge,Product Knowledge,850000,133
1248,Enterprise,1,2026-01-21,Sales Skills,Soft Skills,850000,138
1249,Enterprise,1,2026-04-22,Product Knowledge,Sales Skills,850000,92
1250,Enterprise,1,2026-02-11,Sales Skills,Product Knowledge,850000,131
1251,Enterprise,1,2025-11-18,Sales Skills,Tools Training,850000,110
1252,Enterprise,1,2025-06-24,Sales Skills,Tools Training,850000,89
1253,Enterprise,1,2025-08-04,Tools Training,Soft Skills,850000,73
1254,Enterprise,1,2026-04-24,Sales Skills,Product Knowledge,850000,115
1255,Enterprise,1,2026-03-03,Product Knowledge,Tools Training,850000,135
1256,Enterprise,1,2026-04-25,Product Knowledge,Soft Skills,850000,180
1257,Enterprise,1,2025-10-14,Soft Skills,Sales Skills,850000,159
1258,Enterprise,1,2025-08-24,Product Knowledge,Product Knowledge,850000,168
1259,Enterprise,1,2026-04-17,Tools Training,Tools Training,850000,105
1260,Enterprise,1,2026-02-26,Tools Training,Tools Training,850000,104
1261,Enterprise,1,2026-01-20,Soft Skills,Soft Skills,850000,137
1262,Enterprise,1,2025-06-17,Sales Skills,Sales Skills,850000,130
1263,Enterprise,1,2025-06-07,Soft Skills,Soft Skills,850000,112
1264,Enterprise,1,2025-12-10,Product Knowledge,Product Knowledge,850000,117
1265,Enterprise,1,2025-12-23,Tools Training,Product Knowledge,850000,110
1266,Enterprise,1,2025-06-10,Soft Skills,Tools Training,850000,131
1267,Enterprise,1,2025-10-04,Sales Skills,Product Knowledge,850000,92
1268,Enterprise,1,2025-07-17,Tools Training,Product Knowledge,850000,117
1269,Enterprise,1,2025-12-15,Sales Skills,Tools Training,850000,175
1270,Enterprise,1,2026-03-16,Product Knowledge,Soft Skills,850000,126
1271,Enterprise,1,2026-02-18,Tools Training,Product Knowledge,850000,164
1272,Enterprise,1,2025-09-12,Product Knowledge,Product Knowledge,850000,166
1273,Enterprise,1,2025-10-15,Product Knowledge,Tools Training,850000,112
1274,Enterprise,1,2025-11-08,Tools Training,Sales Skills,850000,163
1275,Enterprise,1,2025-12-29,Sales Skills,Tools Training,850000,114
1276,Enterprise,1,2026-04-24,Soft Skills,Product Knowledge,850000,118
1277,Enterprise,1,2025-12-05,Sales Skills,Sales Skills,850000,134
1278,Enterprise,1,2025-10-10,Soft Skills,Product Knowledge,850000,80
1279,Enterprise,1,2026-01-08,Product Knowledge,Tools Training,850000,130
1280,Enterprise,1,2025-07-05,Sales Skills,Soft Skills,850000,153
1281,Enterprise,1,2025-07-07,Soft Skills,Product Knowledge,850000,138
1282,Enterprise,1,2025-07-13,Product Knowledge,Sales Skills,850000,115
1283,Enterprise,1,2025-12-01,Tools Training,Product Knowledge,850000,106
1284,Enterprise,1,2026-04-27,Sales Skills,Soft Skills,850000,149
1285,Enterprise,1,2026-02-13,Sales Skills,Tools Training,850000,161
1286,Enterprise,1,2025-09-09,Sales Skills,Tools Training,850000,156
1287,Enterprise,1,2025-10-10,Tools Training,Soft Skills,850000,89
1288,Enterprise,1,2025-08-17,Tools Training,Product Knowledge,850000,142
1289,Enterprise,1,2025-07-23,Soft Skills,Tools Training,850000,116
1290,Enterprise,1,2026-04-05,Product Knowledge,Product Knowledge,850000,116
1291,Enterprise,1,2025-06-20,Sales Skills,Product Knowledge,850000,156
1292,Enterprise,1,2026-01-04,Soft Skills,Product Knowledge,850000,110
1293,Enterprise,1,2025-08-07,Soft Skills,Product Knowledge,850000,115
1294,Enterprise,1,2025-06-02,Sales Skills,Product Knowledge,850000,111
1295,Enterprise,1,2026-03-07,Tools Training,Product Knowledge,850000,115
1296,Enterprise,1,2025-10-25,Product Knowledge,Soft Skills,850000,87
1297,Enterprise,1,2025-08-11,Tools Training,Soft Skills,850000,106
1298,Enterprise,1,2025-07-06,Soft Skills,Soft Skills,850000,155
1299,Enterprise,1,2025-06-01,Product Knowledge,Tools Training,850000,122
1300,Enterprise,1,2025-07-21,Tools Training,Tools Training,850000,126
1301,Enterprise,1,2026-02-17,Product Knowledge,Tools Training,850000,119
1302,Enterprise,1,2026-04-18,Sales Skills,Product Knowledge,850000,147
1303,Enterprise,1,2026-03-18,Soft Skills,Soft Skills,850000,109
1304,Enterprise,1,2026-04-22,Sales Skills,Product Knowledge,850000,144
1305,Enterprise,1,2025-10-04,Tools Training,Soft Skills,850000,85
1306,Enterprise,1,2025-08-03,Product Knowledge,Tools Training,850000,150
1307,Enterprise,1,2025-11-01,Tools Training,Tools Training,850000,60
1308,Enterprise,1,2025-09-14,Tools Training,Product Knowledge,850000,115
1309,Enterprise,1,2025-07-29,Sales Skills,Tools Training,850000,107
1310,Enterprise,1,2025-06-23,Soft Skills,Sales Skills,850000,108
1311,Enterprise,1,2025-12-03,Product Knowledge,Product Knowledge,850000,102
1312,Enterprise,1,2025-09-18,Soft Skills,Product Knowledge,850000,161
1313,Enterprise,1,2026-03-31,Sales Skills,Tools Training,850000,169
1314,Enterprise,1,2025-06-16,Product Knowledge,Sales Skills,850000,101
1315,Enterprise,1,2026-04-08,Sales Skills,Tools Training,850000,90
1316,Enterprise,1,2026-03-23,Product Knowledge,Soft Skills,850000,95
1317,Enterprise,1,2025-09-03,Soft Skills,Soft Skills,850000,113
1318,Enterprise,1,2026-03-11,Product Knowledge,Sales Skills,850000,135
1319,Enterprise,1,2025-12-25,Soft Skills,Sales Skills,850000,102
1320,Enterprise,1,2025-07-04,Product Knowledge,Sales Skills,850000,127
1321,Enterprise,1,2025-07-06,Soft Skills,Tools Training,850000,132
1322,Enterprise,1,2025-11-22,Soft Skills,Tools Training,850000,60
1323,Enterprise,1,2025-10-23,Product Knowledge,Product Knowledge,850000,115
1324,Enterprise,1,2025-10-18,Soft Skills,Soft Skills,850000,167
1325,Enterprise,1,2025-07-31,Tools Training,Sales Skills,850000,188
1326,Enterprise,1,2026-01-13,Soft Skills,Sales Skills,850000,126
1327,Enterprise,1,2026-04-26,Soft Skills,Tools Training,850000,141
1328,Enterprise,1,2025-10-03,Sales Skills,Tools Training,850000,194
1329,Enterprise,1,2025-06-13,Tools Training,Product Knowledge,850000,158
1330,Enterprise,1,2026-01-14,Soft Skills,Soft Skills,850000,143
1331,Enterprise,1,2026-01-12,Product Knowledge,Tools Training,850000,122
1332,Enterprise,1,2025-06-03,Sales Skills,Tools Training,850000,118
1333,Enterprise,1,2026-04-18,Soft Skills,Sales Skills,850000,97
1334,Enterprise,1,2025-08-07,Soft Skills,Product Knowledge,850000,116
1335,Enterprise,1,2025-07-08,Product Knowledge,Product Knowledge,850000,158
1336,Enterprise,1,2025-07-01,Sales Skills,Product Knowledge,850000,90
1337,Enterprise,1,2025-10-04,Product Knowledge,Tools Training,850000,115
1338,Enterprise,1,2025-07-21,Sales Skills,Soft Skills,850000,118
1339,Enterprise,1,2025-11-19,Soft Skills,Soft Skills,850000,136
1340,Enterprise,1,2026-02-16,Soft Skills,Product Knowledge,850000,91
1341,Enterprise,1,2025-10-11,Soft Skills,Soft Skills,850000,159
1342,Enterprise,1,2026-03-22,Soft Skills,Product Knowledge,850000,139
1343,Enterprise,1,2025-06-13,Product Knowledge,Tools Training,850000,159
1344,Enterprise,1,2025-11-22,Sales Skills,Product Knowledge,850000,151
1345,Enterprise,1,2025-10-18,Soft Skills,Sales Skills,850000,171
1346,Enterprise,1,2026-01-10,Product Knowledge,Sales Skills,850000,180
1347,Enterprise,1,2025-12-05,Product Knowledge,Soft Skills,850000,133
1348,Enterprise,1,2025-12-01,Soft Skills,Product Knowledge,850000,116
1349,Enterprise,1,2026-03-25,Sales Skills,Soft Skills,850000,81
1350,Enterprise,1,2025-12-03,Product Knowledge,Product Knowledge,850000,150
1351,Enterprise,1,2025-10-17,Soft Skills,Tools Training,850000,149
1352,Enterprise,1,2025-12-02,Soft Skills,Tools Training,850000,103
1353,Enterprise,1,2025-09-11,Product Knowledge,Sales Skills,850000,158
1354,Enterprise,1,2025-10-13,Product Knowledge,Soft Skills,850000,91
1355,Enterprise,1,2026-04-15,Sales Skills,Tools Training,850000,132
1356,Enterprise,1,2026-01-16,Soft Skills,Tools Training,850000,144
1357,Enterprise,1,2025-10-06,Tools Training,Product Knowledge,850000,100
1358,Enterprise,1,2025-10-22,Tools Training,Soft Skills,850000,163
1359,Enterprise,1,2025-08-22,Tools Training,Product Knowledge,850000,163
1360,Enterprise,1,2025-06-09,Soft Skills,Tools Training,850000,132
1361,Enterprise,1,2026-01-31,Soft Skills,Tools Training,850000,113
1362,Enterprise,1,2026-01-24,Tools Training,Tools Training,850000,60
1363,Enterprise,1,2026-03-07,Product Knowledge,Soft Skills,850000,165
1364,Enterprise,1,2026-01-21,Soft Skills,Product Knowledge,850000,60
1365,Enterprise,1,2025-10-19,Sales Skills,Sales Skills,850000,118
1366,Enterprise,1,2025-10-18,Sales Skills,Soft Skills,850000,70
1367,Enterprise,1,2025-06-08,Sales Skills,Tools Training,850000,172
1368,Enterprise,1,2025-10-24,Tools Training,Sales Skills,850000,148
1369,Enterprise,1,2025-10-08,Tools Training,Soft Skills,850000,81
1370,Enterprise,1,2025-08-30,Product Knowledge,Tools Training,850000,139
1371,Enterprise,1,2026-01-18,Sales Skills,Soft Skills,850000,129
1372,Enterprise,1,2026-02-03,Soft Skills,Soft Skills,850000,121
1373,Enterprise,1,2026-01-09,Tools Training,Soft Skills,850000,155
1374,Enterprise,1,2025-10-12,Product Knowledge,Product Knowledge,850000,135
1375,Enterprise,1,2025-09-02,Sales Skills,Soft Skills,850000,98
1376,Enterprise,1,2025-12-14,Soft Skills,Soft Skills,850000,96
1377,Enterprise,1,2025-10-01,Tools Training,Product Knowledge,850000,104
1378,Enterprise,1,2026-03-19,Tools Training,Tools Training,850000,124
1379,Enterprise,1,2025-07-10,Product Knowledge,Product Knowledge,850000,76
1380,Enterprise,1,2025-09-12,Sales Skills,Product Knowledge,850000,131
1381,Enterprise,1,2025-09-22,Soft Skills,Tools Training,850000,170
1382,Enterprise,1,2025-08-06,Tools Training,Sales Skills,850000,142
1383,Enterprise,1,2025-06-10,Product Knowledge,Soft Skills,850000,142
1384,Enterprise,1,2026-03-10,Sales Skills,Sales Skills,850000,100
1385,Enterprise,1,2026-03-15,Sales Skills,Sales Skills,850000,134
1386,Enterprise,1,2026-01-02,Product Knowledge,Sales Skills,850000,130
1387,Enterprise,1,2026-01-04,Sales Skills,Tools Training,850000,98
1388,Enterprise,1,2025-12-29,Tools Training,Soft Skills,850000,171
1389,Enterprise,1,2025-09-27,Tools Training,Tools Training,850000,107
1390,Enterprise,1,2025-06-21,Product Knowledge,Sales Skills,850000,155
1391,Enterprise,1,2026-03-07,Product Knowledge,Product Knowledge,850000,103
1392,Enterprise,1,2026-03-26,Product Knowledge,Soft Skills,850000,124
1393,Enterprise,1,2025-07-31,Product Knowledge,Product Knowledge,850000,134
1394,Enterprise,1,2026-03-14,Sales Skills,Soft Skills,850000,125
1395,Enterprise,1,2025-08-27,Tools Training,Sales Skills,850000,111
1396,Enterprise,1,2026-04-23,Product Knowledge,Sales Skills,850000,130
1397,Enterprise,1,2025-10-02,Sales Skills,Tools Training,850000,111
1398,Enterprise,1,2025-06-28,Product Knowledge,Tools Training,850000,112
1399,Enterprise,1,2025-06-26,Soft Skills,Product Knowledge,850000,102
1400,Enterprise,1,2026-04-26,Sales Skills,Soft Skills,850000,111
1401,Enterprise,1,2025-09-24,Soft Skills,Sales Skills,850000,104
1402,Enterprise,1,2025-07-12,Product Knowledge,Soft Skills,850000,118
1403,Enterprise,1,2025-12-28,Sales Skills,Product Knowledge,850000,150
1404,Enterprise,1,2025-11-25,Soft Skills,Sales Skills,850000,173
1405,Enterprise,1,2026-04-14,Tools Training,Soft Skills,850000,155
1406,Enterprise,1,2026-04-13,Tools Training,Soft Skills,850000,130
1407,Enterprise,1,2026-03-22,Product Knowledge,Tools Training,850000,85
1408,Enterprise,1,2026-02-23,Soft Skills,Soft Skills,850000,126
1409,Enterprise,1,2025-09-20,Tools Training,Tools Training,850000,87
1410,Enterprise,1,2025-08-20,Sales Skills,Tools Training,850000,97
1411,Enterprise,1,2026-02-02,Soft Skills,Soft Skills,850000,98
1412,Enterprise,1,2025-11-29,Product Knowledge,Tools Training,850000,80
1413,Enterprise,1,2026-01-19,Product Knowledge,Tools Training,850000,137
1414,Enterprise,1,2025-08-27,Sales Skills,Soft Skills,850000,112
1415,Enterprise,1,2025-08-26,Sales Skills,Tools Training,850000,136
1416,Enterprise,1,2025-08-15,Soft Skills,Tools Training,850000,84
1417,Enterprise,1,2025-11-09,Tools Training,Product Knowledge,850000,129
1418,Enterprise,1,2025-09-06,Product Knowledge,Sales Skills,850000,109
1419,Enterprise,1,2025-10-26,Product Knowledge,Tools Training,850000,108
1420,Enterprise,1,2026-02-21,Tools Training,Product Knowledge,850000,123
1421,Enterprise,1,2025-10-16,Product Knowledge,Product Knowledge,850000,157
1422,Enterprise,1,2025-11-09,Tools Training,Product Knowledge,850000,110
1423,Enterprise,1,2026-04-05,Tools Training,Soft Skills,850000,117
1424,Enterprise,1,2025-11-14,Soft Skills,Soft Skills,850000,125
1425,Enterprise,1,2025-09-22,Product Knowledge,Sales Skills,850000,125
1426,Enterprise,1,2025-12-01,Soft Skills,Sales Skills,850000,116
1427,Enterprise,1,2025-09-27,Tools Training,Product Knowledge,850000,106
1428,Enterprise,1,2025-08-22,Tools Training,Product Knowledge,850000,151
1429,Enterprise,1,2025-08-02,Sales Skills,Tools Training,850000,138
1430,Enterprise,1,2026-03-26,Product Knowledge,Soft Skills,850000,108
1431,Enterprise,1,2026-01-09,Product Knowledge,Soft Skills,850000,116
1432,Enterprise,1,2025-11-06,Soft Skills,Tools Training,850000,142
1433,Enterprise,1,2026-02-04,Soft Skills,Sales Skills,850000,127
1434,Enterprise,1,2025-10-17,Soft Skills,Sales Skills,850000,113
1435,Enterprise,1,2025-06-18,Tools Training,Tools Training,850000,111
1436,Enterprise,1,2025-06-07,Product Knowledge,Product Knowledge,850000,116
1437,Enterprise,1,2025-07-26,Sales Skills,Product Knowledge,850000,184
1438,Enterprise,1,2025-10-04,Product Knowledge,Soft Skills,850000,142
1439,Enterprise,1,2025-06-28,Product Knowledge,Product Knowledge,850000,123
1440,Enterprise,1,2025-05-31,Sales Skills,Soft Skills,850000,123
1441,Enterprise,1,2025-07-25,Product Knowledge,Tools Training,850000,153
1442,Enterprise,1,2025-06-15,Sales Skills,Soft Skills,850000,67
1443,Enterprise,1,2025-11-02,Sales Skills,Soft Skills,850000,158
1444,Enterprise,1,2025-09-22,Sales Skills,Soft Skills,850000,105
1445,Enterprise,1,2025-07-02,Soft Skills,Soft Skills,850000,127
1446,Enterprise,1,2026-01-26,Sales Skills,Sales Skills,850000,139
1447,Enterprise,1,2025-10-15,Tools Training,Sales Skills,850000,143
1448,Enterprise,1,2025-11-06,Tools Training,Soft Skills,850000,155
1449,Enterprise,1,2026-01-06,Tools Training,Tools Training,850000,167
1450,Enterprise,1,2025-06-25,Product Knowledge,Product Knowledge,850000,161
1451,Enterprise,1,2026-04-16,Sales Skills,Sales Skills,850000,112
1452,Enterprise,1,2026-03-10,Tools Training,Tools Training,850000,142
1453,Enterprise,1,2025-09-28,Product Knowledge,Soft Skills,850000,140
1454,Enterprise,1,2025-09-22,Soft Skills,Soft Skills,850000,111
1455,Enterprise,1,2025-10-25,Soft Skills,Sales Skills,850000,136
1456,Enterprise,1,2025-12-25,Sales Skills,Sales Skills,850000,61
1457,Enterprise,1,2026-01-21,Soft Skills,Product Knowledge,850000,118
1458,Enterprise,1,2025-06-01,Product Knowledge,Tools Training,850000,96
1459,Enterprise,1,2025-06-24,Tools Training,Soft Skills,850000,130
1460,Enterprise,1,2025-11-08,Product Knowledge,Soft Skills,850000,110
1461,Enterprise,1,2025-09-06,Product Knowledge,Soft Skills,850000,140
1462,Enterprise,1,2026-02-04,Sales Skills,Sales Skills,850000,171
1463,Enterprise,1,2026-02-24,Tools Training,Tools Training,850000,87
1464,Enterprise,1,2025-11-23,Sales Skills,Tools Training,850000,97
1465,Enterprise,1,2025-12-05,Sales Skills,Tools Training,850000,92
1466,Enterprise,1,2025-07-03,Soft Skills,Product Knowledge,850000,133
1467,Enterprise,1,2026-02-01,Soft Skills,Tools Training,850000,159
1468,Enterprise,1,2025-12-17,Tools Training,Sales Skills,850000,108
1469,Enterprise,1,2025-08-28,Product Knowledge,Soft Skills,850000,164
1470,Enterprise,1,2026-01-08,Sales Skills,Sales Skills,850000,134
1471,Enterprise,1,2025-11-04,Sales Skills,Soft Skills,850000,114
1472,Enterprise,1,2026-04-02,Sales Skills,Product Knowledge,850000,108
1473,Enterprise,1,2026-04-05,Tools Training,Sales Skills,850000,103
1474,Enterprise,1,2026-03-23,Product Knowledge,Sales Skills,850000,77
1475,Enterprise,1,2026-02-14,Tools Training,Sales Skills,850000,143
1476,Enterprise,1,2025-09-17,Soft Skills,Tools Training,850000,129
1477,Enterprise,1,2025-12-05,Soft Skills,Sales Skills,850000,101
1478,Enterprise,1,2026-03-26,Product Knowledge,Sales Skills,850000,164
1479,Enterprise,1,2025-11-28,Product Knowledge,Sales Skills,850000,152
1480,Enterprise,1,2025-10-01,Sales Skills,Soft Skills,850000,131
1481,Enterprise,1,2025-10-30,Tools Training,Sales Skills,850000,130
1482,Enterprise,1,2025-09-06,Soft Skills,Tools Training,850000,149
1483,Enterprise,1,2026-03-27,Sales Skills,Product Knowledge,850000,182
1484,Enterprise,1,2026-02-19,Soft Skills,Sales Skills,850000,87
1485,Enterprise,1,2026-03-13,Product Knowledge,Product Knowledge,850000,141
1486,Enterprise,1,2025-08-29,Product Knowledge,Soft Skills,850000,103
1487,Enterprise,1,2026-02-01,Tools Training,Soft Skills,850000,160
1488,Enterprise,1,2025-10-21,Soft Skills,Sales Skills,850000,114
1489,Enterprise,1,2026-01-11,Soft Skills,Tools Training,850000,122
1490,Enterprise,1,2025-12-05,Tools Training,Product Knowledge,850000,153
1491,Enterprise,1,2026-01-27,Soft Skills,Tools Training,850000,98
1492,Enterprise,1,2025-10-21,Product Knowledge,Soft Skills,850000,154
1493,Enterprise,1,2026-04-21,Sales Skills,Product Knowledge,850000,115
1494,Enterprise,1,2026-02-16,Soft Skills,Tools Training,850000,87
1495,Enterprise,1,2025-12-21,Tools Training,Soft Skills,850000,139
1496,Enterprise,1,2025-06-14,Tools Training,Sales Skills,850000,131
1497,Enterprise,1,2025-11-30,Sales Skills,Tools Training,850000,82
1498,Enterprise,1,2025-09-19,Sales Skills,Tools Training,850000,86
1499,Enterprise,1,2025-07-28,Product Knowledge,Sales Skills,850000,98
1500,Enterprise,1,2026-04-17,Product Knowledge,Tools Training,850000,118
1501,Enterprise,1,2025-09-22,Product Knowledge,Tools Training,850000,126
1502,Enterprise,1,2026-02-07,Tools Training,Product Knowledge,850000,85
1503,Enterprise,1,2025-10-20,Soft Skills,Tools Training,850000,91
1504,Enterprise,1,2025-06-16,Soft Skills,Soft Skills,850000,172
1505,Enterprise,1,2025-09-26,Soft Skills,Tools Training,850000,139
1506,Enterprise,1,2026-03-26,Tools Training,Product Knowledge,850000,140
1507,Enterprise,1,2026-01-20,Sales Skills,Soft Skills,850000,83
1508,Enterprise,1,2026-01-09,Product Knowledge,Soft Skills,850000,93
1509,Enterprise,1,2025-11-02,Soft Skills,Tools Training,850000,103
1510,Enterprise,1,2026-03-19,Sales Skills,Tools Training,850000,94
1511,Enterprise,1,2025-11-08,Soft Skills,Product Knowledge,850000,110
1512,Enterprise,1,2025-09-27,Product Knowledge,Sales Skills,850000,137
1513,Enterprise,1,2025-12-25,Soft Skills,Tools Training,850000,126
1514,Enterprise,1,2026-04-04,Tools Training,Tools Training,850000,67
1515,Enterprise,1,2025-07-20,Product Knowledge,Tools Training,850000,136
1516,Enterprise,1,2026-01-30,Soft Skills,Sales Skills,850000,134
1517,Enterprise,1,2026-03-07,Soft Skills,Tools Training,850000,159
1518,Enterprise,1,2025-07-28,Soft Skills,Soft Skills,850000,147
1519,Enterprise,1,2025-09-28,Soft Skills,Product Knowledge,850000,154
1520,Enterprise,1,2025-10-16,Tools Training,Tools Training,850000,150
1521,Enterprise,1,2025-08-27,Sales Skills,Tools Training,850000,148
1522,Enterprise,1,2025-09-12,Tools Training,Soft Skills,850000,114
1523,Enterprise,1,2026-02-02,Sales Skills,Sales Skills,850000,135
1524,Enterprise,1,2025-11-03,Tools Training,Soft Skills,850000,116
1525,Enterprise,1,2025-11-16,Tools Training,Soft Skills,850000,195
1526,Enterprise,1,2026-03-13,Soft Skills,Tools Training,850000,133
1527,Enterprise,1,2025-11-06,Tools Training,Tools Training,850000,160
1528,Enterprise,1,2025-07-31,Soft Skills,Soft Skills,850000,155
1529,Enterprise,1,2026-01-04,Product Knowledge,Product Knowledge,850000,119
1530,Enterprise,1,2025-05-30,Tools Training,Product Knowledge,850000,100
1531,Enterprise,1,2026-04-03,Soft Skills,Tools Training,850000,155
1532,Enterprise,1,2025-10-22,Tools Training,Sales Skills,850000,166
1533,Enterprise,1,2025-10-23,Product Knowledge,Tools Training,850000,137
1534,Enterprise,1,2025-09-06,Product Knowledge,Sales Skills,850000,127
1535,Enterprise,1,2026-01-22,Tools Training,Tools Training,850000,122
1536,Enterprise,1,2025-10-20,Sales Skills,Sales Skills,850000,90
1537,Enterprise,1,2026-03-23,Product Knowledge,Sales Skills,850000,121
1538,Enterprise,1,2026-01-31,Soft Skills,Product Knowledge,850000,108
1539,Enterprise,1,2026-01-27,Product Knowledge,Tools Training,850000,60
1540,Enterprise,1,2025-08-01,Product Knowledge,Product Knowledge,850000,101
1541,Enterprise,1,2025-12-23,Product Knowledge,Tools Training,850000,92
1542,Enterprise,1,2025-12-21,Soft Skills,Sales Skills,850000,61
1543,Enterprise,1,2026-02-08,Soft Skills,Soft Skills,850000,125
1544,Enterprise,1,2026-04-14,Tools Training,Sales Skills,850000,126
1545,Enterprise,1,2025-11-16,Sales Skills,Product Knowledge,850000,115
1546,Enterprise,1,2025-08-08,Tools Training,Soft Skills,850000,88
1547,Enterprise,1,2025-06-14,Sales Skills,Product Knowledge,850000,149
1548,Enterprise,1,2025-08-22,Product Knowledge,Sales Skills,850000,110
1549,Enterprise,1,2026-04-12,Sales Skills,Soft Skills,850000,100
1550,Enterprise,1,2025-12-19,Soft Skills,Sales Skills,850000,147
1551,Enterprise,1,2026-02-07,Sales Skills,Soft Skills,850000,129
1552,Enterprise,1,2026-01-14,Sales Skills,Tools Training,850000,119
1553,Enterprise,1,2025-09-14,Soft Skills,Soft Skills,850000,147
1554,Enterprise,1,2026-01-07,Sales Skills,Soft Skills,850000,103
1555,Enterprise,1,2026-04-12,Tools Training,Tools Training,850000,172
1556,Enterprise,1,2025-10-23,Product Knowledge,Sales Skills,850000,116
1557,Enterprise,1,2026-02-10,Product Knowledge,Product Knowledge,850000,145
1558,Enterprise,1,2025-06-20,Soft Skills,Tools Training,850000,157
1559,Enterprise,1,2026-02-18,Soft Skills,Product Knowledge,850000,135
1560,Enterprise,1,2025-10-19,Soft Skills,Product Knowledge,850000,125
1561,Enterprise,1,2025-06-29,Tools Training,Tools Training,850000,98
1562,Enterprise,1,2025-06-02,Product Knowledge,Tools Training,850000,162
1563,Enterprise,1,2025-10-28,Soft Skills,Tools Training,850000,111
1564,Enterprise,1,2025-06-06,Sales Skills,Product Knowledge,850000,154
1565,Enterprise,1,2025-09-01,Tools Training,Tools Training,850000,129
1566,Enterprise,1,2025-06-15,Sales Skills,Tools Training,850000,94
1567,Enterprise,1,2025-06-18,Product Knowledge,Tools Training,850000,74
1568,Enterprise,1,2025-09-30,Product Knowledge,Sales Skills,850000,91
1569,Enterprise,1,2026-03-19,Sales Skills,Product Knowledge,850000,121
1570,Enterprise,1,2025-10-05,Product Knowledge,Soft Skills,850000,116
1571,Enterprise,1,2025-07-26,Sales Skills,Soft Skills,850000,98
1572,Enterprise,1,2025-07-13,Product Knowledge,Sales Skills,850000,153
1573,Enterprise,1,2025-06-26,Sales Skills,Sales Skills,850000,123
1574,Enterprise,1,2026-04-14,Soft Skills,Tools Training,850000,89
1575,Enterprise,1,2026-02-28,Soft Skills,Sales Skills,850000,84
1576,Enterprise,1,2026-01-20,Product Knowledge,Soft Skills,850000,123
1577,Enterprise,1,2025-11-10,Soft Skills,Tools Training,850000,127
1578,Enterprise,1,2025-11-19,Product Knowledge,Sales Skills,850000,132
1579,Enterprise,1,2025-10-06,Tools Training,Product Knowledge,850000,91
1580,Enterprise,1,2026-04-20,Product Knowledge,Sales Skills,850000,130
1581,Enterprise,1,2026-02-08,Soft Skills,Sales Skills,850000,166
1582,Enterprise,1,2025-12-22,Product Knowledge,Tools Training,850000,126
1583,Enterprise,1,2026-03-03,Sales Skills,Sales Skills,850000,119
1584,Enterprise,1,2025-07-25,Tools Training,Product Knowledge,850000,105
1585,Enterprise,1,2025-05-30,Tools Training,Soft Skills,850000,122
1586,Enterprise,1,2026-01-11,Tools Training,Soft Skills,850000,137
1587,Enterprise,1,2025-09-23,Tools Training,Product Knowledge,850000,114
1588,Enterprise,1,2026-01-01,Soft Skills,Product Knowledge,850000,133
1589,Enterprise,1,2025-11-27,Sales Skills,Product Knowledge,850000,143
1590,Enterprise,1,2026-01-23,Sales Skills,Sales Skills,850000,162
1591,Enterprise,1,2025-11-30,Tools Training,Product Knowledge,850000,146
1592,Enterprise,1,2026-03-18,Tools Training,Sales Skills,850000,141
1593,Enterprise,1,2026-04-29,Product Knowledge,Tools Training,850000,178
1594,Enterprise,1,2026-04-20,Tools Training,Product Knowledge,850000,145
1595,Enterprise,1,2025-09-16,Soft Skills,Sales Skills,850000,140
1596,Enterprise,1,2026-01-23,Product Knowledge,Tools Training,850000,178
1597,Enterprise,1,2025-10-21,Soft Skills,Soft Skills,850000,147
1598,Enterprise,1,2025-10-04,Sales Skills,Soft Skills,850000,179
1599,Enterprise,1,2026-04-15,Soft Skills,Product Knowledge,850000,148
1600,Enterprise,1,2025-10-25,Product Knowledge,Product Knowledge,850000,153
1601,Enterprise,1,2025-12-21,Sales Skills,Tools Training,850000,135
1602,Enterprise,1,2026-01-31,Tools Training,Soft Skills,850000,60
1603,Enterprise,1,2025-07-26,Tools Training,Product Knowledge,850000,129
1604,Enterprise,1,2026-04-05,Sales Skills,Soft Skills,850000,105
1605,Enterprise,1,2026-01-03,Soft Skills,Product Knowledge,850000,105
1606,Enterprise,1,2025-12-31,Sales Skills,Sales Skills,850000,120
1607,Enterprise,1,2025-09-26,Sales Skills,Soft Skills,850000,96
1608,Enterprise,1,2025-07-31,Sales Skills,Product Knowledge,850000,124
1609,Enterprise,1,2026-01-26,Sales Skills,Product Knowledge,850000,144
1610,Enterprise,1,2025-10-29,Sales Skills,Soft Skills,850000,103
1611,Enterprise,1,2026-02-15,Soft Skills,Soft Skills,850000,87
1612,Enterprise,1,2026-01-19,Sales Skills,Product Knowledge,850000,130
1613,Enterprise,1,2026-04-13,Tools Training,Soft Skills,850000,163
1614,Enterprise,1,2026-03-14,Tools Training,Soft Skills,850000,107
1615,Enterprise,1,2025-08-08,Soft Skills,Sales Skills,850000,125
1616,Enterprise,1,2025-08-26,Tools Training,Product Knowledge,850000,70
1617,Enterprise,1,2026-04-04,Soft Skills,Sales Skills,850000,74
1618,Enterprise,1,2025-10-31,Tools Training,Product Knowledge,850000,101
1619,Enterprise,1,2025-07-06,Soft Skills,Sales Skills,850000,75
1620,Enterprise,1,2025-10-28,Tools Training,Tools Training,850000,139
1621,Enterprise,1,2026-03-12,Soft Skills,Soft Skills,850000,114
1622,Enterprise,1,2026-01-02,Tools Training,Product Knowledge,850000,154
1623,Enterprise,1,2025-07-02,Product Knowledge,Product Knowledge,850000,110
1624,Enterprise,1,2025-12-22,Sales Skills,Sales Skills,850000,127
1625,Enterprise,1,2025-08-07,Soft Skills,Sales Skills,850000,121
1626,Enterprise,1,2025-12-17,Soft Skills,Soft Skills,850000,108
1627,Enterprise,1,2026-02-18,Product Knowledge,Product Knowledge,850000,134
1628,Enterprise,1,2025-10-13,Sales Skills,Product Knowledge,850000,171
1629,Enterprise,1,2025-12-30,Soft Skills,Soft Skills,850000,84
1630,Enterprise,1,2025-08-20,Product Knowledge,Tools Training,850000,123
1631,Enterprise,1,2026-04-28,Soft Skills,Product Knowledge,850000,101
1632,Enterprise,1,2026-03-17,Sales Skills,Sales Skills,850000,60
1633,Enterprise,1,2026-02-11,Product Knowledge,Sales Skills,850000,116
1634,Enterprise,1,2025-06-30,Soft Skills,Soft Skills,850000,80
1635,Enterprise,1,2026-02-23,Sales Skills,Tools Training,850000,125
1636,Enterprise,1,2025-08-19,Soft Skills,Soft Skills,850000,123
1637,Enterprise,1,2025-12-21,Tools Training,Tools Training,850000,139
1638,Enterprise,1,2025-08-05,Soft Skills,Product Knowledge,850000,105
1639,Enterprise,1,2026-01-20,Soft Skills,Sales Skills,850000,77
1640,Enterprise,1,2025-09-04,Product Knowledge,Sales Skills,850000,105
1641,Enterprise,1,2025-10-20,Sales Skills,Tools Training,850000,136
1642,Enterprise,1,2026-02-18,Soft Skills,Soft Skills,850000,156
1643,Enterprise,1,2026-04-11,Tools Training,Sales Skills,850000,149
1644,Enterprise,1,2025-06-30,Tools Training,Tools Training,850000,115
1645,Enterprise,1,2026-02-20,Product Knowledge,Sales Skills,850000,118
1646,Enterprise,1,2026-04-07,Sales Skills,Sales Skills,850000,90
1647,Enterprise,1,2026-04-21,Sales Skills,Product Knowledge,850000,93
1648,Enterprise,1,2025-06-06,Sales Skills,Sales Skills,850000,140
1649,Enterprise,1,2025-08-06,Sales Skills,Tools Training,850000,137
1650,Enterprise,1,2026-01-01,Product Knowledge,Tools Training,850000,131
1651,Enterprise,1,2026-04-16,Tools Training,Product Knowledge,850000,99
1652,Enterprise,1,2026-03-27,Sales Skills,Product Knowledge,850000,142
1653,Enterprise,1,2025-12-29,Tools Training,Tools Training,850000,129
1654,Enterprise,1,2025-08-16,Soft Skills,Tools Training,850000,121
1655,Enterprise,1,2026-04-26,Sales Skills,Product Knowledge,850000,141
1656,Enterprise,1,2025-12-30,Soft Skills,Product Knowledge,850000,101
1657,Enterprise,1,2025-10-15,Sales Skills,Tools Training,850000,102
1658,Enterprise,1,2025-08-06,Tools Training,Sales Skills,850000,142
1659,Enterprise,1,2025-12-11,Tools Training,Soft Skills,850000,210
1660,Enterprise,1,2025-06-25,Soft Skills,Product Knowledge,850000,94
1661,Enterprise,1,2025-09-30,Product Knowledge,Soft Skills,850000,149
1662,Enterprise,1,2025-08-20,Product Knowledge,Soft Skills,850000,105
1663,Enterprise,1,2025-08-31,Product Knowledge,Product Knowledge,850000,138
1664,Enterprise,1,2025-11-14,Soft Skills,Soft Skills,850000,78
1665,Enterprise,1,2025-12-16,Product Knowledge,Product Knowledge,850000,154
1666,Enterprise,1,2025-10-23,Soft Skills,Product Knowledge,850000,99
1667,Enterprise,1,2026-03-17,Product Knowledge,Soft Skills,850000,129
1668,Enterprise,1,2026-03-10,Product Knowledge,Soft Skills,850000,111
1669,Enterprise,1,2025-10-12,Sales Skills,Product Knowledge,850000,97
1670,Enterprise,1,2026-03-22,Soft Skills,Sales Skills,850000,111
1671,Enterprise,1,2026-04-12,Tools Training,Product Knowledge,850000,112
1672,Enterprise,1,2026-01-10,Sales Skills,Soft Skills,850000,143
1673,Enterprise,1,2026-03-29,Tools Training,Product Knowledge,850000,125
1674,Enterprise,1,2026-03-04,Soft Skills,Soft Skills,850000,136
1675,Enterprise,1,2025-07-17,Sales Skills,Product Knowledge,850000,123
1676,Enterprise,1,2026-04-12,Tools Training,Sales Skills,850000,109
1677,Enterprise,1,2025-09-13,Product Knowledge,Sales Skills,850000,124
1678,Enterprise,1,2025-08-27,Product Knowledge,Product Knowledge,850000,110
1679,Enterprise,1,2025-08-19,Soft Skills,Sales Skills,850000,106
1680,Enterprise,1,2025-11-04,Tools Training,Product Knowledge,850000,117
1681,Enterprise,1,2025-10-26,Sales Skills,Soft Skills,850000,145
1682,Enterprise,1,2026-01-31,Soft Skills,Product Knowledge,850000,202
1683,Enterprise,1,2025-10-02,Tools Training,Tools Training,850000,93
1684,Enterprise,1,2025-06-24,Soft Skills,Sales Skills,850000,60
1685,Enterprise,1,2025-12-11,Sales Skills,Product Knowledge,850000,150
1686,Enterprise,1,2025-10-30,Sales Skills,Tools Training,850000,125
1687,Enterprise,1,2025-07-19,Product Knowledge,Product Knowledge,850000,128
1688,Enterprise,1,2025-08-18,Soft Skills,Product Knowledge,850000,83
1689,Enterprise,1,2026-01-12,Product Knowledge,Soft Skills,850000,123
1690,Enterprise,1,2025-08-15,Tools Training,Sales Skills,850000,137
1691,Enterprise,1,2025-07-22,Tools Training,Soft Skills,850000,114
1692,Enterprise,1,2025-08-19,Soft Skills,Sales Skills,850000,152
1693,Enterprise,1,2026-03-29,Tools Training,Product Knowledge,850000,129
1694,Enterprise,1,2025-06-26,Sales Skills,Sales Skills,850000,91
1695,Enterprise,1,2025-10-31,Soft Skills,Tools Training,850000,150
1696,Enterprise,1,2025-08-10,Soft Skills,Soft Skills,850000,112
1697,Enterprise,1,2025-08-18,Product Knowledge,Sales Skills,850000,96
1698,Enterprise,1,2026-04-19,Soft Skills,Product Knowledge,850000,136
1699,Enterprise,1,2025-11-30,Sales Skills,Sales Skills,850000,115
1700,Enterprise,1,2025-09-23,Tools Training,Soft Skills,850000,69
1701,Enterprise,1,2025-11-30,Tools Training,Soft Skills,850000,122
1702,Enterprise,1,2026-01-16,Soft Skills,Tools Training,850000,136
1703,Enterprise,1,2025-06-25,Sales Skills,Soft Skills,850000,83
1704,Enterprise,1,2026-04-21,Soft Skills,Sales Skills,850000,100
1705,Enterprise,1,2025-08-29,Sales Skills,Product Knowledge,850000,157
1706,Enterprise,1,2025-09-16,Sales Skills,Tools Training,850000,115
1707,Enterprise,1,2026-01-14,Tools Training,Product Knowledge,850000,164
1708,Enterprise,1,2025-06-10,Sales Skills,Sales Skills,850000,124
1709,Enterprise,1,2026-02-18,Soft Skills,Tools Training,850000,154
1710,Enterprise,1,2026-02-15,Tools Training,Sales Skills,850000,147
1711,Enterprise,1,2025-12-08,Tools Training,Product Knowledge,850000,122
1712,Enterprise,1,2025-06-27,Product Knowledge,Soft Skills,850000,128
1713,Enterprise,1,2026-04-26,Product Knowledge,Soft Skills,850000,97
1714,Enterprise,1,2026-01-19,Tools Training,Sales Skills,850000,78
1715,Enterprise,1,2026-02-28,Product Knowledge,Tools Training,850000,138
1716,Enterprise,1,2025-12-30,Tools Training,Product Knowledge,850000,144
1717,Enterprise,1,2026-01-15,Tools Training,Sales Skills,850000,117
1718,Enterprise,1,2025-10-05,Soft Skills,Product Knowledge,850000,197
1719,Enterprise,1,2026-02-13,Sales Skills,Tools Training,850000,104
1720,Enterprise,1,2025-09-24,Sales Skills,Soft Skills,850000,98
1721,Enterprise,1,2025-08-22,Product Knowledge,Product Knowledge,850000,129
1722,Enterprise,1,2026-01-30,Sales Skills,Product Knowledge,850000,108
1723,Enterprise,1,2025-07-10,Tools Training,Product Knowledge,850000,143
1724,Enterprise,1,2026-03-12,Soft Skills,Soft Skills,850000,80
1725,Enterprise,1,2025-08-26,Tools Training,Soft Skills,850000,127
1726,Enterprise,1,2026-03-13,Tools Training,Tools Training,850000,166
1727,Enterprise,1,2026-01-22,Product Knowledge,Soft Skills,850000,123
1728,Enterprise,1,2025-10-27,Tools Training,Sales Skills,850000,158
1729,Enterprise,1,2026-04-03,Soft Skills,Product Knowledge,850000,83
1730,Enterprise,1,2025-10-17,Product Knowledge,Sales Skills,850000,60
1731,Enterprise,1,2026-01-06,Sales Skills,Soft Skills,850000,124
1732,Enterprise,1,2025-06-23,Sales Skills,Soft Skills,850000,157
1733,Enterprise,1,2025-10-16,Tools Training,Product Knowledge,850000,119
1734,Enterprise,1,2026-02-05,Tools Training,Tools Training,850000,134
1735,Enterprise,1,2025-11-25,Sales Skills,Product Knowledge,850000,102
1736,Enterprise,1,2026-03-24,Sales Skills,Tools Training,850000,80
1737,Enterprise,1,2026-03-16,Soft Skills,Soft Skills,850000,117
1738,Enterprise,1,2025-06-26,Tools Training,Sales Skills,850000,119
1739,Enterprise,1,2025-07-04,Soft Skills,Tools Training,850000,109
1740,Enterprise,1,2026-03-27,Product Knowledge,Sales Skills,850000,112
1741,Enterprise,1,2026-03-06,Sales Skills,Tools Training,850000,125
1742,Enterprise,1,2026-04-20,Product Knowledge,Tools Training,850000,134
1743,Enterprise,1,2025-12-23,Sales Skills,Product Knowledge,850000,98
1744,Enterprise,1,2025-09-29,Sales Skills,Sales Skills,850000,153
1745,Enterprise,1,2025-12-06,Tools Training,Soft Skills,850000,112
1746,Enterprise,1,2025-07-08,Product Knowledge,Tools Training,850000,136
1747,Enterprise,1,2026-02-26,Sales Skills,Product Knowledge,850000,140
1748,Enterprise,0,,,,850000,118
1749,Enterprise,0,,,,850000,213
1750,Enterprise,0,,,,850000,237
1751,Enterprise,0,,,,850000,176
1752,Enterprise,0,,,,850000,120
1753,Enterprise,0,,,,850000,176
1754,Enterprise,0,,,,850000,176
1755,Enterprise,0,,,,850000,195
1756,Enterprise,0,,,,850000,173
1757,Enterprise,0,,,,850000,176
1758,Enterprise,0,,,,850000,153
1759,Enterprise,0,,,,850000,164
1760,Enterprise,0,,,,850000,190
1761,Enterprise,0,,,,850000,109
1762,Enterprise,0,,,,850000,163
1763,Enterprise,0,,,,850000,196
1764,Enterprise,0,,,,850000,226
1765,Enterprise,0,,,,850000,161
1766,Enterprise,0,,,,850000,211
1767,Enterprise,0,,,,850000,228
1768,Enterprise,0,,,,850000,161
1769,Enterprise,0,,,,850000,156
1770,Enterprise,0,,,,850000,168
1771,Enterprise,0,,,,850000,171
1772,Enterprise,0,,,,850000,208
1773,Enterprise,0,,,,850000,149
1774,Enterprise,0,,,,850000,223
1775,Enterprise,0,,,,850000,148
1776,Enterprise,0,,,,850000,133
1777,Enterprise,0,,,,850000,190
1778,Enterprise,0,,,,850000,213
1779,Enterprise,0,,,,850000,179
1780,Enterprise,0,,,,850000,187
1781,Enterprise,0,,,,850000,236
1782,Enterprise,0,,,,850000,213
1783,Enterprise,0,,,,850000,174
1784,Enterprise,0,,,,850000,160
1785,Enterprise,0,,,,850000,209
1786,Enterprise,0,,,,850000,200
1787,Enterprise,0,,,,850000,187
1788,Enterprise,0,,,,850000,163
1789,Enterprise,0,,,,850000,171
1790,Enterprise,0,,,,850000,169
1791,Enterprise,0,,,,850000,164
1792,Enterprise,0,,,,850000,154
1793,Enterprise,0,,,,850000,182
1794,Enterprise,0,,,,850000,153
1795,Enterprise,0,,,,850000,179
1796,Enterprise,0,,,,850000,106
1797,Enterprise,0,,,,850000,154
1798,Enterprise,0,,,,850000,209
1799,Enterprise,0,,,,850000,145
1800,Enterprise,0,,,,850000,192
1801,Enterprise,0,,,,850000,147
1802,Enterprise,0,,,,850000,198
1803,Enterprise,0,,,,850000,164
1804,Enterprise,0,,,,850000,163
1805,Enterprise,0,,,,850000,175
1806,Enterprise,0,,,,850000,131
1807,Enterprise,0,,,,850000,205
1808,Enterprise,0,,,,850000,215
1809,Enterprise,0,,,,850000,162
1810,Enterprise,0,,,,850000,190
1811,Enterprise,0,,,,850000,198
1812,Enterprise,0,,,,850000,171
1813,Enterprise,0,,,,850000,138
1814,Enterprise,0,,,,850000,225
1815,Enterprise,0,,,,850000,161
1816,Enterprise,0,,,,850000,154
1817,Enterprise,0,,,,850000,226
1818,Enterprise,0,,,,850000,193
1819,Enterprise,0,,,,850000,182
1820,Enterprise,0,,,,850000,142
1821,Enterprise,0,,,,850000,199
1822,Enterprise,0,,,,850000,240
1823,Enterprise,0,,,,850000,202
1824,Enterprise,0,,,,850000,189
1825,Enterprise,0,,,,850000,197
1826,Enterprise,0,,,,850000,163
1827,Enterprise,0,,,,850000,163
1828,Enterprise,0,,,,850000,162
1829,Enterprise,0,,,,850000,155
1830,Enterprise,0,,,,850000,162
1831,Enterprise,0,,,,850000,162
1832,Enterprise,0,,,,850000,166
1833,Enterprise,0,,,,850000,165
1834,Enterprise,0,,,,850000,181
1835,Enterprise,0,,,,850000,176
1836,Enterprise,0,,,,850000,179
1837,Enterprise,0,,,,850000,222
1838,Enterprise,0,,,,850000,176
1839,Enterprise,0,,,,850000,240
1840,Enterprise,0,,,,850000,185
1841,Enterprise,0,,,,850000,159
1842,Enterprise,0,,,,850000,217
1843,Enterprise,0,,,,850000,171
1844,Enterprise,0,,,,850000,97
1845,Enterprise,0,,,,850000,173
1846,Enterprise,0,,,,850000,166
1847,Enterprise,0,,,,850000,225
1848,Enterprise,0,,,,850000,145
1849,Enterprise,0,,,,850000,163
1850,Enterprise,0,,,,850000,214
1851,Enterprise,0,,,,850000,186
1852,Enterprise,0,,,,850000,168
1853,Enterprise,0,,,,850000,149
1854,Enterprise,0,,,,850000,185
1855,Enterprise,0,,,,850000,173
1856,Enterprise,0,,,,850000,149
1857,Enterprise,0,,,,850000,151
1858,Enterprise,0,,,,850000,147
1859,Enterprise,0,,,,850000,142
1860,Enterprise,0,,,,850000,203
1861,Enterprise,0,,,,850000,199
1862,Enterprise,0,,,,850000,203
1863,Enterprise,0,,,,850000,174
1864,Enterprise,0,,,,850000,166
1865,Enterprise,0,,,,850000,166
1866,Enterprise,0,,,,850000,206
1867,Enterprise,0,,,,850000,115
1868,Enterprise,0,,,,850000,157
1869,Enterprise,0,,,,850000,145
1870,Enterprise,0,,,,850000,217
1871,Enterprise,0,,,,850000,158
1872,Enterprise,0,,,,850000,121
1873,Enterprise,0,,,,850000,181
1874,Enterprise,0,,,,850000,162
1875,Enterprise,0,,,,850000,156
1876,Enterprise,0,,,,850000,152
1877,Enterprise,0,,,,850000,151
1878,Enterprise,0,,,,850000,196
1879,Enterprise,0,,,,850000,181
1880,Enterprise,0,,,,850000,167
1881,Enterprise,0,,,,850000,138
1882,Enterprise,0,,,,850000,168
1883,Enterprise,0,,,,850000,182
1884,Enterprise,0,,,,850000,183
1885,Enterprise,0,,,,850000,179
1886,Enterprise,0,,,,850000,144
1887,Enterprise,0,,,,850000,97
1888,Enterprise,0,,,,850000,231
1889,Enterprise,0,,,,850000,132
1890,Enterprise,0,,,,850000,111
1891,Enterprise,0,,,,850000,178
1892,Enterprise,0,,,,850000,119
1893,Enterprise,0,,,,850000,148
1894,Enterprise,0,,,,850000,191
1895,Enterprise,0,,,,850000,230
1896,Enterprise,0,,,,850000,186
1897,Enterprise,0,,,,850000,159
1898,Enterprise,0,,,,850000,172
1899,Enterprise,0,,,,850000,116
1900,Enterprise,0,,,,850000,159
1901,Enterprise,0,,,,850000,159
1902,Enterprise,0,,,,850000,178
1903,Enterprise,0,,,,850000,236
1904,Enterprise,0,,,,850000,112
1905,Enterprise,0,,,,850000,160
1906,Enterprise,0,,,,850000,115
1907,Enterprise,0,,,,850000,157
1908,Enterprise,0,,,,850000,146
1909,Enterprise,0,,,,850000,126
1910,Enterprise,0,,,,850000,203
1911,Enterprise,0,,,,850000,182
1912,Enterprise,0,,,,850000,199
1913,Enterprise,0,,,,850000,156
1914,Enterprise,0,,,,850000,171
1915,Enterprise,0,,,,850000,225
1916,Enterprise,0,,,,850000,173
1917,Enterprise,0,,,,850000,199
1918,Enterprise,0,,,,850000,154
1919,Enterprise,0,,,,850000,196
1920,Enterprise,0,,,,850000,156
1921,Enterprise,0,,,,850000,113
1922,Enterprise,0,,,,850000,173
1923,Enterprise,0,,,,850000,158
1924,Enterprise,0,,,,850000,122
1925,Enterprise,0,,,,850000,180
1926,Enterprise,0,,,,850000,145
1927,Enterprise,0,,,,850000,240
1928,Enterprise,0,,,,850000,127
1929,Enterprise,0,,,,850000,135
1930,Enterprise,0,,,,850000,201
1931,Enterprise,0,,,,850000,169
1932,Enterprise,0,,,,850000,201
1933,Enterprise,0,,,,850000,186
1934,Enterprise,0,,,,850000,155
1935,Enterprise,0,,,,850000,129
1936,Enterprise,0,,,,850000,208
1937,Enterprise,0,,,,850000,132
1938,Enterprise,0,,,,850000,191
1939,Enterprise,0,,,,850000,203
1940,Enterprise,0,,,,850000,169
1941,Enterprise,0,,,,850000,164
1942,Enterprise,0,,,,850000,142
1943,Enterprise,0,,,,850000,188
1944,Enterprise,0,,,,850000,90
1945,Enterprise,0,,,,850000,196
1946,Enterprise,0,,,,850000,177
1947,Enterprise,0,,,,850000,166
1948,Enterprise,0,,,,850000,181
1949,Enterprise,0,,,,850000,130
1950,Enterprise,0,,,,850000,96
1951,Enterprise,0,,,,850000,188
1952,Enterprise,0,,,,850000,216
1953,Enterprise,0,,,,850000,118
1954,Enterprise,0,,,,850000,140
1955,Enterprise,0,,,,850000,198
1956,Enterprise,0,,,,850000,185
1957,Enterprise,0,,,,850000,240
1958,Enterprise,0,,,,850000,208
1959,Enterprise,0,,,,850000,200
1960,Enterprise,0,,,,850000,149
1961,Enterprise,0,,,,850000,190
1962,Enterprise,0,,,,850000,221
1963,Enterprise,0,,,,850000,168
1964,Enterprise,0,,,,850000,170
1965,Enterprise,0,,,,850000,178
1966,Enterprise,0,,,,850000,152
1967,Enterprise,0,,,,850000,182
1968,Enterprise,0,,,,850000,181
1969,Enterprise,0,,,,850000,221
1970,Enterprise,0,,,,850000,167
1971,Enterprise,0,,,,850000,195
1972,Enterprise,0,,,,850000,168
1973,Enterprise,0,,,,850000,194
1974,Enterprise,0,,,,850000,165
1975,Enterprise,0,,,,850000,192
1976,Enterprise,0,,,,850000,197
1977,Enterprise,0,,,,850000,139
1978,Enterprise,0,,,,850000,209
1979,Enterprise,0,,,,850000,168
1980,Enterprise,0,,,,850000,158
1981,Enterprise,0,,,,850000,151
1982,Enterprise,0,,,,850000,183
1983,Enterprise,0,,,,850000,173
1984,Enterprise,0,,,,850000,185
1985,Enterprise,0,,,,850000,186
1986,Enterprise,0,,,,850000,193
1987,Enterprise,0,,,,850000,240
1988,Enterprise,0,,,,850000,175
1989,Enterprise,0,,,,850000,150
1990,Enterprise,0,,,,850000,109
1991,Enterprise,0,,,,850000,135
1992,Enterprise,0,,,,850000,213
1993,Enterprise,0,,,,850000,197
1994,Enterprise,0,,,,850000,130
1995,Enterprise,0,,,,850000,240
1996,Enterprise,0,,,,850000,184
1997,Enterprise,0,,,,850000,188
1998,Enterprise,0,,,,850000,240
1999,Enterprise,0,,,,850000,229
2000,Enterprise,0,,,,850000,198
2001,Enterprise,0,,,,850000,200
2002,Enterprise,0,,,,850000,203
2003,Enterprise,0,,,,850000,166
2004,Enterprise,0,,,,850000,183
2005,Enterprise,0,,,,850000,192
2006,Enterprise,0,,,,850000,169
2007,Enterprise,0,,,,850000,143
2008,Enterprise,0,,,,850000,165
2009,Enterprise,0,,,,850000,142
2010,Enterprise,0,,,,850000,176
2011,Enterprise,0,,,,850000,117
2012,Enterprise,0,,,,850000,184
2013,Enterprise,0,,,,850000,121
2014,Enterprise,0,,,,850000,161
2015,Enterprise,0,,,,850000,190
2016,Enterprise,0,,,,850000,199
2017,Enterprise,0,,,,850000,195
2018,Enterprise,0,,,,850000,184
2019,Enterprise,0,,,,850000,138
2020,Enterprise,0,,,,850000,205
2021,Enterprise,0,,,,850000,138
2022,Enterprise,0,,,,850000,209
2023,Enterprise,0,,,,850000,194
2024,Enterprise,0,,,,850000,217
2025,Enterprise,0,,,,850000,174
2026,Enterprise,0,,,,850000,147
2027,Enterprise,0,,,,850000,132
2028,Enterprise,0,,,,850000,136
2029,Enterprise,0,,,,850000,121
2030,Enterprise,0,,,,850000,204
2031,Enterprise,0,,,,850000,208
2032,Enterprise,0,,,,850000,191
2033,Enterprise,0,,,,850000,172
2034,Enterprise,0,,,,850000,239
2035,Enterprise,0,,,,850000,170
2036,Enterprise,0,,,,850000,181
2037,Enterprise,0,,,,850000,172
2038,Enterprise,0,,,,850000,163
2039,Enterprise,0,,,,850000,194
2040,Enterprise,0,,,,850000,153
2041,Enterprise,0,,,,850000,151
2042,Enterprise,0,,,,850000,195
2043,Enterprise,0,,,,850000,158
2044,Enterprise,0,,,,850000,178
2045,Enterprise,0,,,,850000,163
2046,Enterprise,0,,,,850000,173
2047,Enterprise,0,,,,850000,152
2048,Enterprise,0,,,,850000,153
2049,Enterprise,0,,,,850000,147
2050,Enterprise,0,,,,850000,200
2051,Enterprise,0,,,,850000,179
2052,Enterprise,0,,,,850000,203
2053,Enterprise,0,,,,850000,206
2054,Enterprise,0,,,,850000,159
2055,Enterprise,0,,,,850000,202
2056,Enterprise,0,,,,850000,173
2057,Enterprise,0,,,,850000,168
2058,Enterprise,0,,,,850000,214
2059,Enterprise,0,,,,850000,191
2060,Enterprise,0,,,,850000,162
2061,Enterprise,0,,,,850000,189
2062,Enterprise,0,,,,850000,133
2063,Enterprise,0,,,,850000,181
2064,Enterprise,0,,,,850000,126
2065,Enterprise,0,,,,850000,142
2066,Enterprise,0,,,,850000,192
2067,Enterprise,0,,,,850000,90
2068,Enterprise,0,,,,850000,231
2069,Enterprise,0,,,,850000,200
2070,Enterprise,0,,,,850000,115
2071,Enterprise,0,,,,850000,240
2072,Enterprise,0,,,,850000,240
2073,Enterprise,0,,,,850000,168
2074,Enterprise,0,,,,850000,144
2075,Enterprise,0,,,,850000,227
2076,Enterprise,0,,,,850000,162
2077,Enterprise,0,,,,850000,179
2078,Enterprise,0,,,,850000,212
2079,Enterprise,0,,,,850000,169
2080,Enterprise,0,,,,850000,166
2081,Enterprise,0,,,,850000,133
2082,Enterprise,0,,,,850000,153
2083,Enterprise,0,,,,850000,165
2084,Enterprise,0,,,,850000,134
2085,Enterprise,0,,,,850000,137
2086,Enterprise,0,,,,850000,175
2087,Enterprise,0,,,,850000,114
2088,Enterprise,0,,,,850000,145
2089,Enterprise,0,,,,850000,236
2090,Enterprise,0,,,,850000,162
2091,Enterprise,0,,,,850000,158
2092,Enterprise,0,,,,850000,162
2093,Enterprise,0,,,,850000,163
2094,Enterprise,0,,,,850000,192
2095,Enterprise,0,,,,850000,190
2096,Enterprise,0,,,,850000,161
2097,Enterprise,0,,,,850000,167
2098,Enterprise,0,,,,850000,216
2099,Enterprise,0,,,,850000,125
2100,Enterprise,0,,,,850000,172
2101,Enterprise,0,,,,850000,178
2102,Enterprise,0,,,,850000,149
2103,Enterprise,0,,,,850000,170
2104,Enterprise,0,,,,850000,144
2105,Enterprise,0,,,,850000,194
2106,Enterprise,0,,,,850000,131
2107,Enterprise,0,,,,850000,207
2108,Enterprise,0,,,,850000,171
2109,Enterprise,0,,,,850000,159
2110,Enterprise,0,,,,850000,141
2111,Enterprise,0,,,,850000,206
2112,Enterprise,0,,,,850000,153
2113,Enterprise,0,,,,850000,136
2114,Enterprise,0,,,,850000,207
2115,Enterprise,0,,,,850000,145
2116,Enterprise,0,,,,850000,170
2117,Enterprise,0,,,,850000,200
2118,Enterprise,0,,,,850000,179
2119,Enterprise,0,,,,850000,229
2120,Enterprise,0,,,,850000,147
2121,Enterprise,0,,,,850000,167
2122,Enterprise,0,,,,850000,169
2123,Enterprise,0,,,,850000,193
2124,Enterprise,0,,,,850000,215
2125,Enterprise,0,,,,850000,176
2126,Enterprise,0,,,,850000,169
2127,Enterprise,0,,,,850000,126
2128,Enterprise,0,,,,850000,177
2129,Enterprise,0,,,,850000,153
2130,Enterprise,0,,,,850000,193
2131,Enterprise,0,,,,850000,160
2132,Enterprise,0,,,,850000,166
2133,Enterprise,0,,,,850000,127
2134,Enterprise,0,,,,850000,116
2135,Enterprise,0,,,,850000,233
2136,Enterprise,0,,,,850000,178
2137,Enterprise,0,,,,850000,186
2138,Enterprise,0,,,,850000,144
2139,Enterprise,0,,,,850000,202
2140,Enterprise,0,,,,850000,196
2141,Enterprise,0,,,,850000,148
2142,Enterprise,0,,,,850000,140
2143,Enterprise,0,,,,850000,150
2144,Enterprise,0,,,,850000,173
2145,Enterprise,0,,,,850000,179
2146,Enterprise,0,,,,850000,175
2147,Enterprise,0,,,,850000,215
2148,Enterprise,0,,,,850000,151
2149,Enterprise,0,,,,850000,139
2150,Enterprise,0,,,,850000,174
2151,Enterprise,0,,,,850000,119
2152,Enterprise,0,,,,850000,196
2153,Enterprise,0,,,,850000,177
2154,Enterprise,0,,,,850000,163
2155,Enterprise,0,,,,850000,161
2156,Enterprise,0,,,,850000,203
2157,Enterprise,0,,,,850000,202
2158,Enterprise,0,,,,850000,166
2159,Enterprise,0,,,,850000,192
2160,Enterprise,0,,,,850000,201
2161,Enterprise,0,,,,850000,184
2162,Enterprise,0,,,,850000,167
2163,Enterprise,0,,,,850000,186
2164,Enterprise,0,,,,850000,140
2165,Enterprise,0,,,,850000,176
2166,Enterprise,0,,,,850000,166
2167,Enterprise,0,,,,850000,161
2168,Enterprise,0,,,,850000,118
2169,Enterprise,0,,,,850000,141
2170,Enterprise,0,,,,850000,158
2171,Enterprise,0,,,,850000,202
2172,Enterprise,0,,,,850000,183
2173,Enterprise,0,,,,850000,204
2174,Enterprise,0,,,,850000,213
2175,Enterprise,0,,,,850000,184
2176,Enterprise,0,,,,850000,178
2177,Enterprise,0,,,,850000,142
2178,Enterprise,0,,,,850000,237
2179,Enterprise,0,,,,850000,128
2180,Enterprise,0,,,,850000,177
2181,Enterprise,0,,,,850000,200
2182,Enterprise,0,,,,850000,201
2183,Enterprise,0,,,,850000,137
2184,Enterprise,0,,,,850000,160
2185,Enterprise,0,,,,850000,148
2186,Enterprise,0,,,,850000,110
2187,Enterprise,0,,,,850000,178
2188,Enterprise,0,,,,850000,151
2189,Enterprise,0,,,,850000,222
2190,Enterprise,0,,,,850000,193
2191,Enterprise,0,,,,850000,175
2192,Enterprise,0,,,,850000,158
2193,Enterprise,0,,,,850000,177
2194,Enterprise,0,,,,850000,165
2195,Enterprise,0,,,,850000,176
2196,Enterprise,0,,,,850000,234
2197,Enterprise,0,,,,850000,139
2198,Enterprise,0,,,,850000,168
2199,Enterprise,0,,,,850000,196
2200,Enterprise,0,,,,850000,161
2201,Enterprise,0,,,,850000,224
2202,Enterprise,0,,,,850000,195
2203,Enterprise,0,,,,850000,150
2204,Enterprise,0,,,,850000,180
2205,Enterprise,0,,,,850000,151
2206,Enterprise,0,,,,850000,148
2207,Enterprise,0,,,,850000,169
2208,Enterprise,0,,,,850000,214
2209,Enterprise,0,,,,850000,197
2210,Enterprise,0,,,,850000,173
2211,Enterprise,0,,,,850000,198
2212,Enterprise,0,,,,850000,182
2213,Enterprise,0,,,,850000,136
2214,Enterprise,0,,,,850000,169
2215,Enterprise,0,,,,850000,171
2216,Enterprise,0,,,,850000,198
2217,Enterprise,0,,,,850000,155
2218,Enterprise,0,,,,850000,144
2219,Enterprise,0,,,,850000,172
2220,Enterprise,0,,,,850000,153
2221,Enterprise,0,,,,850000,163
2222,Enterprise,0,,,,850000,171
2223,Enterprise,0,,,,850000,161
2224,Enterprise,0,,,,850000,204
2225,Enterprise,0,,,,850000,219
2226,Enterprise,0,,,,850000,201
2227,Enterprise,0,,,,850000,117
2228,Enterprise,0,,,,850000,153
2229,Enterprise,0,,,,850000,168
2230,Enterprise,0,,,,850000,114
2231,Enterprise,0,,,,850000,145
2232,Enterprise,0,,,,850000,167
2233,Enterprise,0,,,,850000,159
2234,Enterprise,0,,,,850000,174
2235,Enterprise,0,,,,850000,129
2236,Enterprise,0,,,,850000,159
2237,Enterprise,0,,,,850000,178
2238,Enterprise,0,,,,850000,174
2239,Enterprise,0,,,,850000,188
2240,Enterprise,0,,,,850000,186
2241,Enterprise,0,,,,850000,160
2242,Enterprise,0,,,,850000,177
2243,Enterprise,0,,,,850000,148
2244,Enterprise,0,,,,850000,165
2245,Enterprise,0,,,,850000,140
2246,Enterprise,0,,,,850000,208
2247,Enterprise,0,,,,850000,165
2248,Enterprise,0,,,,850000,208
2249,Enterprise,0,,,,850000,183
2250,Enterprise,0,,,,850000,145
2251,Enterprise,0,,,,850000,182
2252,Enterprise,0,,,,850000,199
2253,Enterprise,0,,,,850000,171
2254,Enterprise,0,,,,850000,176
2255,Enterprise,0,,,,850000,156
2256,Enterprise,0,,,,850000,174
2257,Enterprise,0,,,,850000,181
2258,Enterprise,0,,,,850000,155
2259,Enterprise,0,,,,850000,139
2260,Enterprise,0,,,,850000,215
2261,Enterprise,0,,,,850000,193
2262,Enterprise,0,,,,850000,156
2263,Enterprise,0,,,,850000,181
2264,Enterprise,0,,,,850000,126
2265,Enterprise,0,,,,850000,110
2266,Enterprise,0,,,,850000,208
2267,Enterprise,0,,,,850000,181
2268,Enterprise,0,,,,850000,172
2269,Enterprise,0,,,,850000,181
2270,Enterprise,0,,,,850000,240
2271,Enterprise,0,,,,850000,201
2272,Enterprise,0,,,,850000,140
2273,Enterprise,0,,,,850000,120
2274,Enterprise,0,,,,850000,207
2275,Enterprise,0,,,,850000,201
2276,Enterprise,0,,,,850000,192
2277,Enterprise,0,,,,850000,147
2278,Enterprise,0,,,,850000,185
2279,Enterprise,0,,,,850000,150
2280,Enterprise,0,,,,850000,195
2281,Enterprise,0,,,,850000,205
2282,Enterprise,0,,,,850000,156
2283,Enterprise,0,,,,850000,210
2284,Enterprise,0,,,,850000,177
2285,Enterprise,0,,,,850000,189
2286,Enterprise,0,,,,850000,132
2287,Enterprise,0,,,,850000,181
2288,Enterprise,0,,,,850000,152
2289,Enterprise,0,,,,850000,189
2290,Enterprise,0,,,,850000,220
2291,Enterprise,0,,,,850000,183
2292,Enterprise,0,,,,850000,145
2293,Enterprise,0,,,,850000,194
2294,Enterprise,0,,,,850000,186
2295,Enterprise,0,,,,850000,239
2296,Enterprise,0,,,,850000,182
2297,Enterprise,0,,,,850000,155
2298,Enterprise,0,,,,850000,198
2299,Enterprise,0,,,,850000,169
2300,Enterprise,0,,,,850000,176
2301,Enterprise,0,,,,850000,144
2302,Enterprise,0,,,,850000,170
2303,Enterprise,0,,,,850000,174
2304,Enterprise,0,,,,850000,169
2305,Enterprise,0,,,,850000,155
2306,Enterprise,0,,,,850000,183
2307,Enterprise,0,,,,850000,144
2308,Enterprise,0,,,,850000,136
2309,Enterprise,0,,,,850000,196
2310,Enterprise,0,,,,850000,193
2311,Enterprise,0,,,,850000,132
2312,Enterprise,0,,,,850000,115
2313,Enterprise,0,,,,850000,141
2314,Enterprise,0,,,,850000,169
2315,Enterprise,0,,,,850000,210
2316,Enterprise,0,,,,850000,169
2317,Enterprise,0,,,,850000,149
2318,Enterprise,0,,,,850000,178
2319,Enterprise,0,,,,850000,170
2320,Enterprise,0,,,,850000,129
2321,Enterprise,0,,,,850000,129
2322,Enterprise,0,,,,850000,130
2323,Enterprise,0,,,,850000,240
2324,Enterprise,0,,,,850000,201
2325,Enterprise,0,,,,850000,155
2326,Enterprise,0,,,,850000,209
2327,Enterprise,0,,,,850000,155
2328,Enterprise,0,,,,850000,208
2329,Enterprise,0,,,,850000,176
2330,Enterprise,0,,,,850000,152
2331,Enterprise,0,,,,850000,195
2332,Enterprise,0,,,,850000,178
2333,Enterprise,0,,,,850000,186
2334,Enterprise,0,,,,850000,180
2335,Enterprise,0,,,,850000,180
2336,Enterprise,0,,,,850000,199
2337,Enterprise,0,,,,850000,240
2338,Enterprise,0,,,,850000,213
2339,Enterprise,0,,,,850000,181
2340,Enterprise,0,,,,850000,164
2341,Enterprise,0,,,,850000,167
2342,Enterprise,0,,,,850000,133
2343,Enterprise,0,,,,850000,195
2344,Enterprise,0,,,,850000,141
2345,Enterprise,0,,,,850000,162
2346,Enterprise,0,,,,850000,195
2347,Enterprise,0,,,,850000,166
2348,Enterprise,0,,,,850000,158
2349,Enterprise,0,,,,850000,135
2350,Enterprise,0,,,,850000,212
2351,Enterprise,0,,,,850000,147
2352,Enterprise,0,,,,850000,155
2353,Enterprise,0,,,,850000,116
2354,Enterprise,0,,,,850000,173
2355,Enterprise,0,,,,850000,163
2356,Enterprise,0,,,,850000,179
2357,Enterprise,0,,,,850000,136
2358,Enterprise,0,,,,850000,197
2359,Enterprise,0,,,,850000,115
2360,Enterprise,0,,,,850000,171
2361,Enterprise,0,,,,850000,177
2362,Enterprise,0,,,,850000,175
2363,Enterprise,0,,,,850000,179
2364,Enterprise,0,,,,850000,199
2365,Enterprise,0,,,,850000,216
2366,Enterprise,0,,,,850000,169
2367,Enterprise,0,,,,850000,143
2368,Enterprise,0,,,,850000,191
2369,Enterprise,0,,,,850000,165
2370,Enterprise,0,,,,850000,214
2371,Enterprise,0,,,,850000,154
2372,Enterprise,0,,,,850000,146
2373,Enterprise,0,,,,850000,178
2374,Enterprise,0,,,,850000,118
2375,Enterprise,0,,,,850000,159
2376,Enterprise,0,,,,850000,163
2377,Enterprise,0,,,,850000,181
2378,Enterprise,0,,,,850000,142
2379,Enterprise,0,,,,850000,145
2380,Enterprise,0,,,,850000,211
2381,Enterprise,0,,,,850000,173
2382,Enterprise,0,,,,850000,201
2383,Enterprise,0,,,,850000,156
2384,Enterprise,0,,,,850000,172
2385,Enterprise,0,,,,850000,180
2386,Enterprise,0,,,,850000,229
2387,Enterprise,0,,,,850000,167
2388,Enterprise,0,,,,850000,168
2389,Enterprise,0,,,,850000,209
2390,Enterprise,0,,,,850000,161
2391,Enterprise,0,,,,850000,183
2392,Enterprise,0,,,,850000,206
2393,Enterprise,0,,,,850000,155
2394,Enterprise,0,,,,850000,184
2395,Enterprise,0,,,,850000,229
2396,Enterprise,0,,,,850000,203
2397,Enterprise,0,,,,850000,183
2398,Enterprise,0,,,,850000,166
2399,Enterprise,0,,,,850000,154
2400,Enterprise,0,,,,850000,142
2401,Enterprise,0,,,,850000,222
2402,Enterprise,0,,,,850000,216
2403,Enterprise,0,,,,850000,152
2404,Enterprise,0,,,,850000,184
2405,Enterprise,0,,,,850000,177
2406,Enterprise,0,,,,850000,211
2407,Enterprise,0,,,,850000,186
2408,Enterprise,0,,,,850000,173
2409,Enterprise,0,,,,850000,156
2410,Enterprise,0,,,,850000,184
2411,Enterprise,0,,,,850000,162
2412,Enterprise,0,,,,850000,181
2413,Enterprise,0,,,,850000,171
2414,Enterprise,0,,,,850000,162
2415,Enterprise,0,,,,850000,142
2416,Enterprise,0,,,,850000,190
2417,Enterprise,0,,,,850000,175
2418,Enterprise,0,,,,850000,231
2419,Enterprise,0,,,,850000,140
2420,Enterprise,0,,,,850000,194
2421,Enterprise,0,,,,850000,171
2422,Enterprise,0,,,,850000,240
2423,Enterprise,0,,,,850000,191
2424,Enterprise,0,,,,850000,184
2425,Enterprise,0,,,,850000,171
2426,Enterprise,0,,,,850000,151
2427,Enterprise,0,,,,850000,183
2428,Enterprise,0,,,,850000,129
2429,Enterprise,0,,,,850000,131
2430,Enterprise,0,,,,850000,206
2431,Enterprise,0,,,,850000,117
2432,Enterprise,0,,,,850000,163
2433,Enterprise,0,,,,850000,140
2434,Enterprise,0,,,,850000,161
2435,Enterprise,0,,,,850000,179
2436,Enterprise,0,,,,850000,205
2437,Enterprise,0,,,,850000,212
2438,Enterprise,0,,,,850000,144
2439,Enterprise,0,,,,850000,159
2440,Enterprise,0,,,,850000,240
2441,Enterprise,0,,,,850000,165
2442,Enterprise,0,,,,850000,145
2443,Enterprise,0,,,,850000,151
2444,Enterprise,0,,,,850000,166
2445,Enterprise,0,,,,850000,161
2446,Enterprise,0,,,,850000,166
2447,Enterprise,0,,,,850000,173
2448,Enterprise,0,,,,850000,173
2449,Enterprise,0,,,,850000,143
2450,Enterprise,0,,,,850000,185
2451,Enterprise,0,,,,850000,177
2452,Enterprise,0,,,,850000,189
2453,Enterprise,0,,,,850000,119
2454,Enterprise,0,,,,850000,179
2455,Enterprise,0,,,,850000,110
2456,Enterprise,0,,,,850000,168
2457,Enterprise,0,,,,850000,195
2458,Enterprise,0,,,,850000,207
2459,Enterprise,0,,,,850000,184
2460,Enterprise,0,,,,850000,195
2461,Enterprise,0,,,,850000,164
2462,Enterprise,0,,,,850000,157
2463,Enterprise,0,,,,850000,240
2464,Enterprise,0,,,,850000,200
2465,Enterprise,0,,,,850000,136
2466,Enterprise,0,,,,850000,118
2467,Enterprise,0,,,,850000,159
2468,Enterprise,0,,,,850000,212
2469,Enterprise,0,,,,850000,175
2470,Enterprise,0,,,,850000,102
2471,Enterprise,0,,,,850000,168
2472,Enterprise,0,,,,850000,173
2473,Enterprise,0,,,,850000,96
2474,Enterprise,0,,,,850000,174
2475,Enterprise,0,,,,850000,141
2476,Enterprise,0,,,,850000,115
2477,Enterprise,0,,,,850000,225
2478,Enterprise,0,,,,850000,140
2479,Enterprise,0,,,,850000,152
2480,Enterprise,0,,,,850000,152
2481,Enterprise,0,,,,850000,174
2482,Enterprise,0,,,,850000,230
2483,Enterprise,0,,,,850000,135
2484,Enterprise,0,,,,850000,164
2485,Enterprise,0,,,,850000,177
2486,Enterprise,0,,,,850000,146
2487,Enterprise,0,,,,850000,163
2488,Enterprise,0,,,,850000,193
2489,Enterprise,0,,,,850000,149
2490,Enterprise,0,,,,850000,163
2491,Enterprise,0,,,,850000,160
2492,Enterprise,0,,,,850000,170
2493,Enterprise,0,,,,850000,181
2494,Enterprise,0,,,,850000,192
2495,Enterprise,0,,,,850000,236
2496,Enterprise,0,,,,850000,90
2497,Enterprise,0,,,,850000,168
2498,Enterprise,0,,,,850000,130
2499,Enterprise,0,,,,850000,161
2500,Enterprise,0,,,,850000,202
2501,Enterprise,0,,,,850000,212
2502,Enterprise,0,,,,850000,213
2503,Enterprise,0,,,,850000,213
2504,Enterprise,0,,,,850000,168
2505,Enterprise,0,,,,850000,218
2506,Enterprise,0,,,,850000,225
2507,Enterprise,0,,,,850000,178
2508,Enterprise,0,,,,850000,211
2509,Enterprise,0,,,,850000,175
2510,Enterprise,0,,,,850000,219
2511,Enterprise,0,,,,850000,168
2512,Enterprise,0,,,,850000,154
2513,Enterprise,0,,,,850000,138
2514,Enterprise,0,,,,850000,168
2515,Enterprise,0,,,,850000,176
2516,Enterprise,0,,,,850000,143
2517,Enterprise,0,,,,850000,165
2518,Enterprise,0,,,,850000,157
2519,Enterprise,0,,,,850000,139
2520,Enterprise,0,,,,850000,207
2521,Enterprise,0,,,,850000,212
2522,Enterprise,0,,,,850000,207
2523,Enterprise,0,,,,850000,171
2524,Enterprise,0,,,,850000,173
2525,Enterprise,0,,,,850000,139
2526,Enterprise,0,,,,850000,187
2527,Enterprise,0,,,,850000,179
2528,Enterprise,0,,,,850000,240
2529,Enterprise,0,,,,850000,208
2530,Enterprise,0,,,,850000,184
2531,Enterprise,0,,,,850000,172
2532,Enterprise,0,,,,850000,206
2533,Enterprise,0,,,,850000,144
2534,Enterprise,0,,,,850000,210
2535,Enterprise,0,,,,850000,139
2536,Enterprise,0,,,,850000,156
2537,Enterprise,0,,,,850000,115
2538,Enterprise,0,,,,850000,193
2539,Enterprise,0,,,,850000,181
2540,Enterprise,0,,,,850000,156
2541,Enterprise,0,,,,850000,144
2542,Enterprise,0,,,,850000,218
2543,Enterprise,0,,,,850000,169
2544,Enterprise,0,,,,850000,149
2545,Enterprise,0,,,,850000,235
2546,Enterprise,0,,,,850000,152
2547,Enterprise,0,,,,850000,210
2548,Enterprise,0,,,,850000,137
2549,Enterprise,0,,,,850000,162
2550,Enterprise,0,,,,850000,190
2551,Enterprise,0,,,,850000,172
2552,Enterprise,0,,,,850000,181
2553,Enterprise,0,,,,850000,156
2554,Enterprise,0,,,,850000,122
2555,Enterprise,0,,,,850000,220
2556,Enterprise,0,,,,850000,158
2557,Enterprise,0,,,,850000,183
2558,Enterprise,0,,,,850000,196
2559,Enterprise,0,,,,850000,183
2560,Enterprise,0,,,,850000,151
2561,Enterprise,0,,,,850000,211
2562,Enterprise,0,,,,850000,190
2563,Enterprise,0,,,,850000,180
2564,Enterprise,0,,,,850000,179
2565,Enterprise,0,,,,850000,227
2566,Enterprise,0,,,,850000,150
2567,Enterprise,0,,,,850000,187
2568,Enterprise,0,,,,850000,157
2569,Enterprise,0,,,,850000,112
2570,Enterprise,0,,,,850000,111
2571,Enterprise,0,,,,850000,141
2572,Enterprise,0,,,,850000,152
2573,Enterprise,0,,,,850000,240
2574,Enterprise,0,,,,850000,196
2575,Enterprise,0,,,,850000,199
2576,Enterprise,0,,,,850000,153
2577,Enterprise,0,,,,850000,175
2578,Enterprise,0,,,,850000,240
2579,Enterprise,0,,,,850000,135
2580,Enterprise,0,,,,850000,188
2581,Enterprise,0,,,,850000,225
2582,Enterprise,0,,,,850000,204
2583,Enterprise,0,,,,850000,231
2584,Enterprise,0,,,,850000,180
2585,Enterprise,0,,,,850000,193
2586,Enterprise,0,,,,850000,177
2587,Enterprise,0,,,,850000,191
2588,Enterprise,0,,,,850000,144
2589,Enterprise,0,,,,850000,199
2590,Enterprise,0,,,,850000,183
2591,Enterprise,0,,,,850000,176
2592,Enterprise,0,,,,850000,229
2593,Enterprise,0,,,,850000,165
2594,Enterprise,0,,,,850000,212
2595,Enterprise,0,,,,850000,215
2596,Enterprise,0,,,,850000,201
2597,Enterprise,0,,,,850000,143
2598,Enterprise,0,,,,850000,185
2599,Enterprise,0,,,,850000,236
2600,Enterprise,0,,,,850000,115
2601,Enterprise,0,,,,850000,167
2602,Enterprise,0,,,,850000,211
2603,Enterprise,0,,,,850000,170
2604,Enterprise,0,,,,850000,199
2605,Enterprise,0,,,,850000,219
2606,Enterprise,0,,,,850000,181
2607,Enterprise,0,,,,850000,190
2608,Enterprise,0,,,,850000,176
2609,Enterprise,0,,,,850000,183
2610,Enterprise,0,,,,850000,240
2611,Enterprise,0,,,,850000,171
2612,Enterprise,0,,,,850000,162
2613,Enterprise,0,,,,850000,207
2614,Enterprise,0,,,,850000,147
2615,Enterprise,0,,,,850000,154
2616,Enterprise,0,,,,850000,154
2617,Enterprise,0,,,,850000,165
2618,Enterprise,0,,,,850000,167
2619,Enterprise,0,,,,850000,196
2620,Enterprise,0,,,,850000,163
2621,Enterprise,0,,,,850000,197
2622,Enterprise,0,,,,850000,201
2623,Enterprise,0,,,,850000,153
2624,Enterprise,0,,,,850000,200
2625,Enterprise,0,,,,850000,203
2626,Enterprise,0,,,,850000,117
2627,Enterprise,0,,,,850000,183
2628,Enterprise,0,,,,850000,157
2629,Enterprise,0,,,,850000,215
2630,Enterprise,0,,,,850000,157
2631,Enterprise,0,,,,850000,131
2632,Enterprise,0,,,,850000,173
2633,Enterprise,0,,,,850000,145
2634,Enterprise,0,,,,850000,201
2635,Enterprise,0,,,,850000,148
2636,Enterprise,0,,,,850000,173
2637,Enterprise,0,,,,850000,223
2638,Enterprise,0,,,,850000,209
2639,Enterprise,0,,,,850000,189
2640,Enterprise,0,,,,850000,169
2641,Enterprise,0,,,,850000,186
2642,Enterprise,0,,,,850000,196
2643,Enterprise,0,,,,850000,142
2644,Enterprise,0,,,,850000,201
2645,Enterprise,0,,,,850000,138
2646,Enterprise,0,,,,850000,192
2647,Enterprise,0,,,,850000,138
2648,Enterprise,0,,,,850000,236
2649,Enterprise,0,,,,850000,198
2650,Enterprise,0,,,,850000,124
2651,Enterprise,0,,,,850000,173
2652,Enterprise,0,,,,850000,157
2653,Enterprise,0,,,,850000,153
2654,Enterprise,0,,,,850000,178
2655,Enterprise,0,,,,850000,144
2656,Enterprise,0,,,,850000,198
2657,Enterprise,0,,,,850000,196
2658,Enterprise,0,,,,850000,185
2659,Enterprise,0,,,,850000,173
2660,Enterprise,0,,,,850000,195
2661,Enterprise,0,,,,850000,199
2662,Enterprise,0,,,,850000,188
2663,Enterprise,0,,,,850000,132
2664,Enterprise,0,,,,850000,148
2665,Enterprise,0,,,,850000,165
2666,Enterprise,0,,,,850000,126
2667,Enterprise,0,,,,850000,181
2668,Enterprise,0,,,,850000,219
2669,Enterprise,0,,,,850000,214
2670,Enterprise,0,,,,850000,197
2671,Enterprise,0,,,,850000,197
2672,Enterprise,0,,,,850000,240
2673,Enterprise,0,,,,850000,201
2674,Enterprise,0,,,,850000,203
2675,Enterprise,0,,,,850000,127
2676,Enterprise,0,,,,850000,216
2677,Enterprise,0,,,,850000,186
2678,Enterprise,0,,,,850000,171
2679,Enterprise,0,,,,850000,163
2680,Enterprise,0,,,,850000,156
2681,Enterprise,0,,,,850000,214
2682,Enterprise,0,,,,850000,173
2683,Enterprise,0,,,,850000,157
2684,Enterprise,0,,,,850000,149
2685,Enterprise,0,,,,850000,179
2686,Enterprise,0,,,,850000,162
2687,Enterprise,0,,,,850000,155
2688,Enterprise,0,,,,850000,129
2689,Enterprise,0,,,,850000,204
2690,Enterprise,0,,,,850000,169
2691,Enterprise,0,,,,850000,139
2692,Enterprise,0,,,,850000,165
2693,Enterprise,0,,,,850000,191
2694,Enterprise,0,,,,850000,174
2695,Enterprise,0,,,,850000,180
2696,Enterprise,0,,,,850000,175
2697,Enterprise,0,,,,850000,133
2698,Enterprise,0,,,,850000,204
2699,Enterprise,0,,,,850000,119
2700,Enterprise,0,,,,850000,188
2701,Enterprise,0,,,,850000,193
2702,Enterprise,0,,,,850000,166
2703,Enterprise,0,,,,850000,185
2704,Enterprise,0,,,,850000,165
2705,Enterprise,0,,,,850000,185
2706,Enterprise,0,,,,850000,205
2707,Enterprise,0,,,,850000,148
2708,Enterprise,0,,,,850000,195
2709,Enterprise,0,,,,850000,228
2710,Enterprise,0,,,,850000,182
2711,Enterprise,0,,,,850000,157
2712,Enterprise,0,,,,850000,240
2713,Enterprise,0,,,,850000,176
2714,Enterprise,0,,,,850000,181
2715,Enterprise,0,,,,850000,182
2716,Enterprise,0,,,,850000,188
2717,Enterprise,0,,,,850000,163
2718,Enterprise,0,,,,850000,180
2719,Enterprise,0,,,,850000,204
2720,Enterprise,0,,,,850000,162
2721,Enterprise,0,,,,850000,160
2722,Enterprise,0,,,,850000,164
2723,Enterprise,0,,,,850000,138
2724,Enterprise,0,,,,850000,152
2725,Enterprise,0,,,,850000,150
2726,Enterprise,0,,,,850000,173
2727,Enterprise,0,,,,850000,200
2728,Enterprise,0,,,,850000,220
2729,Enterprise,0,,,,850000,175
2730,Enterprise,0,,,,850000,188
2731,Enterprise,0,,,,850000,181
2732,Enterprise,0,,,,850000,107
2733,Enterprise,0,,,,850000,137
2734,Enterprise,0,,,,850000,198
2735,Enterprise,0,,,,850000,201
2736,Enterprise,0,,,,850000,200
2737,Enterprise,0,,,,850000,168
2738,Enterprise,0,,,,850000,110
2739,Enterprise,0,,,,850000,141
2740,Enterprise,0,,,,850000,145
2741,Enterprise,0,,,,850000,194
2742,Enterprise,0,,,,850000,162
2743,Enterprise,0,,,,850000,228
2744,Enterprise,0,,,,850000,220
2745,Enterprise,0,,,,850000,227
2746,Enterprise,0,,,,850000,144
2747,Enterprise,0,,,,850000,189
2748,Enterprise,0,,,,850000,158
2749,Enterprise,0,,,,850000,184
2750,Enterprise,0,,,,850000,148
2751,Enterprise,0,,,,850000,213
2752,Enterprise,0,,,,850000,148
2753,Enterprise,0,,,,850000,111
2754,Enterprise,0,,,,850000,239
2755,Enterprise,0,,,,850000,188
2756,Enterprise,0,,,,850000,139
2757,Enterprise,0,,,,850000,168
2758,Enterprise,0,,,,850000,155
2759,Enterprise,0,,,,850000,174
2760,Enterprise,0,,,,850000,199
2761,Enterprise,0,,,,850000,194
2762,Enterprise,0,,,,850000,182
2763,Enterprise,0,,,,850000,174
2764,Enterprise,0,,,,850000,208
2765,Enterprise,0,,,,850000,112
2766,Enterprise,0,,,,850000,150
2767,Enterprise,0,,,,850000,142
2768,Enterprise,0,,,,850000,206
2769,Enterprise,0,,,,850000,150
2770,Enterprise,0,,,,850000,132
2771,Enterprise,0,,,,850000,191
2772,Enterprise,0,,,,850000,144
2773,Enterprise,0,,,,850000,162
2774,Enterprise,0,,,,850000,240
2775,Enterprise,0,,,,850000,199
2776,Enterprise,0,,,,850000,167
2777,Enterprise,0,,,,850000,170
2778,Enterprise,0,,,,850000,203
2779,Enterprise,0,,,,850000,195
2780,Enterprise,0,,,,850000,176
2781,Enterprise,0,,,,850000,177
2782,Enterprise,0,,,,850000,126
2783,Enterprise,0,,,,850000,119
2784,Enterprise,0,,,,850000,168
2785,Enterprise,0,,,,850000,153
2786,Enterprise,0,,,,850000,192
2787,Enterprise,0,,,,850000,180
2788,Enterprise,0,,,,850000,149
2789,Enterprise,0,,,,850000,179
2790,Enterprise,0,,,,850000,160
2791,Enterprise,0,,,,850000,240
2792,Enterprise,0,,,,850000,186
2793,Enterprise,0,,,,850000,124
2794,Enterprise,0,,,,850000,232
2795,Enterprise,0,,,,850000,153
2796,Enterprise,0,,,,850000,142
2797,Enterprise,0,,,,850000,240
2798,Enterprise,0,,,,850000,185
2799,Enterprise,0,,,,850000,196
2800,Enterprise,0,,,,850000,197
2801,Enterprise,0,,,,850000,167
2802,Enterprise,0,,,,850000,155
2803,Enterprise,0,,,,850000,160
2804,Enterprise,0,,,,850000,225
2805,Enterprise,0,,,,850000,180
2806,Enterprise,0,,,,850000,216
2807,Enterprise,0,,,,850000,171
2808,Enterprise,0,,,,850000,149
2809,Enterprise,0,,,,850000,127
2810,Enterprise,0,,,,850000,194
2811,Enterprise,0,,,,850000,228
2812,Enterprise,0,,,,850000,145
2813,Enterprise,0,,,,850000,190
2814,Enterprise,0,,,,850000,129
2815,Enterprise,0,,,,850000,156
2816,Enterprise,0,,,,850000,182
2817,Enterprise,0,,,,850000,118
2818,Enterprise,0,,,,850000,173
2819,Enterprise,0,,,,850000,147
2820,Enterprise,0,,,,850000,193
2821,Enterprise,0,,,,850000,168
2822,Enterprise,0,,,,850000,204
2823,Enterprise,0,,,,850000,165
2824,Enterprise,0,,,,850000,130
2825,Enterprise,0,,,,850000,126
2826,Enterprise,0,,,,850000,112
2827,Enterprise,0,,,,850000,194
2828,Enterprise,0,,,,850000,240
2829,Enterprise,0,,,,850000,187
2830,Enterprise,0,,,,850000,227
2831,Enterprise,0,,,,850000,210
2832,Enterprise,0,,,,850000,157
2833,Enterprise,0,,,,850000,214
2834,Enterprise,0,,,,850000,158
2835,Enterprise,0,,,,850000,159
2836,Enterprise,0,,,,850000,167
2837,Enterprise,0,,,,850000,168
2838,Enterprise,0,,,,850000,195
2839,Enterprise,0,,,,850000,152
2840,Enterprise,0,,,,850000,202
2841,Enterprise,0,,,,850000,201
2842,Enterprise,0,,,,850000,184
2843,Enterprise,0,,,,850000,236
2844,Enterprise,0,,,,850000,215
2845,Enterprise,0,,,,850000,208
2846,Enterprise,0,,,,850000,176
2847,Enterprise,0,,,,850000,185
2848,Enterprise,0,,,,850000,190
2849,Enterprise,0,,,,850000,174
2850,Enterprise,0,,,,850000,161
2851,Enterprise,0,,,,850000,97
2852,Enterprise,0,,,,850000,196
2853,Enterprise,0,,,,850000,207
2854,Enterprise,0,,,,850000,136
2855,Enterprise,0,,,,850000,193
2856,Enterprise,0,,,,850000,155
2857,Enterprise,0,,,,850000,162
2858,Enterprise,0,,,,850000,215
2859,Enterprise,0,,,,850000,142
2860,Enterprise,0,,,,850000,142
2861,Enterprise,0,,,,850000,231
2862,Enterprise,0,,,,850000,169
2863,Enterprise,0,,,,850000,213
2864,Enterprise,0,,,,850000,122
2865,Enterprise,0,,,,850000,125
2866,Enterprise,0,,,,850000,144
2867,Enterprise,0,,,,850000,158
2868,Enterprise,0,,,,850000,129
2869,Enterprise,0,,,,850000,185
2870,Enterprise,0,,,,850000,187
2871,Enterprise,0,,,,850000,145
2872,Enterprise,0,,,,850000,147
2873,Enterprise,0,,,,850000,152
2874,Enterprise,0,,,,850000,136
2875,Enterprise,0,,,,850000,90
2876,Enterprise,0,,,,850000,171
2877,Enterprise,0,,,,850000,160
2878,Enterprise,0,,,,850000,163
2879,Enterprise,0,,,,850000,141
2880,Enterprise,0,,,,850000,199
2881,Enterprise,0,,,,850000,240
2882,Enterprise,0,,,,850000,147
2883,Enterprise,0,,,,850000,218
2884,Enterprise,0,,,,850000,185
2885,Enterprise,0,,,,850000,175
2886,Enterprise,0,,,,850000,162
2887,Enterprise,0,,,,850000,171
2888,Enterprise,0,,,,850000,210
2889,Enterprise,0,,,,850000,137
2890,Enterprise,0,,,,850000,165
2891,Enterprise,0,,,,850000,213
2892,Enterprise,0,,,,850000,205
2893,Enterprise,0,,,,850000,138
2894,Enterprise,0,,,,850000,168
2895,Enterprise,0,,,,850000,197
2896,Enterprise,0,,,,850000,195
2897,Enterprise,0,,,,850000,205
2898,Enterprise,0,,,,850000,186
2899,Enterprise,0,,,,850000,191
2900,Enterprise,0,,,,850000,184
2901,Enterprise,0,,,,850000,224
2902,Enterprise,0,,,,850000,160
2903,Enterprise,0,,,,850000,175
2904,Enterprise,0,,,,850000,141
2905,Enterprise,0,,,,850000,135
2906,Enterprise,0,,,,850000,184
2907,Enterprise,0,,,,850000,150
2908,Enterprise,0,,,,850000,172
2909,Enterprise,0,,,,850000,225
2910,Enterprise,0,,,,850000,223
2911,Enterprise,0,,,,850000,240
2912,Enterprise,0,,,,850000,226
2913,Enterprise,0,,,,850000,240
2914,Enterprise,0,,,,850000,187
2915,Enterprise,0,,,,850000,145
2916,Enterprise,0,,,,850000,141
2917,Enterprise,0,,,,850000,218
2918,Enterprise,0,,,,850000,175
2919,Enterprise,0,,,,850000,178
2920,Enterprise,0,,,,850000,156
2921,Enterprise,0,,,,850000,160
2922,Enterprise,0,,,,850000,186
2923,Enterprise,0,,,,850000,140
2924,Enterprise,0,,,,850000,182
2925,Enterprise,0,,,,850000,222
2926,Enterprise,0,,,,850000,105
2927,Enterprise,0,,,,850000,124
2928,Enterprise,0,,,,850000,195
2929,Enterprise,0,,,,850000,217
2930,Enterprise,0,,,,850000,158
2931,Enterprise,0,,,,850000,110
2932,Enterprise,0,,,,850000,219
2933,Enterprise,0,,,,850000,148
2934,Enterprise,0,,,,850000,162
2935,Enterprise,0,,,,850000,184
2936,Enterprise,0,,,,850000,152
2937,Enterprise,0,,,,850000,145
2938,Enterprise,0,,,,850000,146
2939,Enterprise,0,,,,850000,233
2940,Enterprise,0,,,,850000,211
2941,Enterprise,0,,,,850000,192
2942,Enterprise,0,,,,850000,104
2943,Enterprise,0,,,,850000,192
2944,Enterprise,0,,,,850000,190
2945,Enterprise,0,,,,850000,133
2946,Enterprise,0,,,,850000,182
2947,Enterprise,0,,,,850000,207
2948,Enterprise,0,,,,850000,192
2949,Enterprise,0,,,,850000,152
2950,Enterprise,0,,,,850000,174
2951,Enterprise,0,,,,850000,197
2952,Enterprise,0,,,,850000,175
2953,Enterprise,0,,,,850000,214
2954,Enterprise,0,,,,850000,186
2955,Enterprise,0,,,,850000,198
2956,Enterprise,0,,,,850000,200
2957,Enterprise,0,,,,850000,139
2958,Enterprise,0,,,,850000,175
2959,Enterprise,0,,,,850000,163
2960,Enterprise,0,,,,850000,207
2961,Enterprise,0,,,,850000,188
2962,Enterprise,0,,,,850000,167
2963,Enterprise,0,,,,850000,132
2964,Enterprise,0,,,,850000,122
2965,Enterprise,0,,,,850000,183
2966,Enterprise,0,,,,850000,151
2967,Enterprise,0,,,,850000,195
2968,Enterprise,0,,,,850000,121
2969,Enterprise,0,,,,850000,224
2970,Enterprise,0,,,,850000,195
2971,Enterprise,0,,,,850000,177
2972,Enterprise,0,,,,850000,227
2973,Enterprise,0,,,,850000,204
2974,Enterprise,0,,,,850000,158
2975,Enterprise,0,,,,850000,176
2976,Enterprise,0,,,,850000,111
2977,Enterprise,0,,,,850000,208
2978,Enterprise,0,,,,850000,164
2979,Enterprise,0,,,,850000,110
2980,Enterprise,0,,,,850000,136
2981,Enterprise,0,,,,850000,201
2982,Enterprise,0,,,,850000,225
2983,Enterprise,0,,,,850000,174
2984,Enterprise,0,,,,850000,142
2985,Enterprise,0,,,,850000,128
2986,Enterprise,0,,,,850000,219
2987,Enterprise,0,,,,850000,188
2988,Enterprise,0,,,,850000,163
2989,Enterprise,0,,,,850000,155
2990,Enterprise,0,,,,850000,195
2991,Enterprise,0,,,,850000,194
2992,Enterprise,0,,,,850000,145
2993,Enterprise,0,,,,850000,137
2994,Enterprise,0,,,,850000,139
2995,Enterprise,0,,,,850000,159
2996,Enterprise,0,,,,850000,151
2997,Enterprise,0,,,,850000,225
2998,Enterprise,0,,,,850000,157
2999,Enterprise,0,,,,850000,134
3000,Enterprise,0,,,,850000,135
3001,Enterprise,0,,,,850000,168
3002,Enterprise,0,,,,850000,115
3003,Enterprise,0,,,,850000,172
3004,Enterprise,0,,,,850000,131
3005,Enterprise,0,,,,850000,211
3006,Enterprise,0,,,,850000,177
3007,Enterprise,0,,,,850000,240
3008,Enterprise,0,,,,850000,166
3009,Enterprise,0,,,,850000,90
3010,Enterprise,0,,,,850000,220
3011,Enterprise,0,,,,850000,190
3012,Enterprise,0,,,,850000,195
3013,Enterprise,0,,,,850000,141
3014,Enterprise,0,,,,850000,172
3015,Enterprise,0,,,,850000,179
3016,Enterprise,0,,,,850000,166
3017,Enterprise,0,,,,850000,118
3018,Enterprise,0,,,,850000,240
3019,Enterprise,0,,,,850000,200
3020,Enterprise,0,,,,850000,187
3021,Enterprise,0,,,,850000,216
3022,Enterprise,0,,,,850000,194
3023,Enterprise,0,,,,850000,152
3024,Enterprise,0,,,,850000,213
3025,Enterprise,0,,,,850000,201
3026,Enterprise,0,,,,850000,153
3027,Enterprise,0,,,,850000,199
3028,Enterprise,0,,,,850000,166
3029,Enterprise,0,,,,850000,180
3030,Enterprise,0,,,,850000,193
3031,Enterprise,0,,,,850000,217
3032,Enterprise,0,,,,850000,153
3033,Enterprise,0,,,,850000,185
3034,Enterprise,0,,,,850000,238
3035,Enterprise,0,,,,850000,168
3036,Enterprise,0,,,,850000,180
3037,Enterprise,0,,,,850000,238
3038,Enterprise,0,,,,850000,194
3039,Enterprise,0,,,,850000,126
3040,Enterprise,0,,,,850000,148
3041,Enterprise,0,,,,850000,196
3042,Enterprise,0,,,,850000,187
3043,Enterprise,0,,,,850000,179
3044,Enterprise,0,,,,850000,240
3045,Enterprise,0,,,,850000,154
3046,Enterprise,0,,,,850000,171
3047,Enterprise,0,,,,850000,111
3048,Enterprise,0,,,,850000,211
3049,Enterprise,0,,,,850000,148
3050,Enterprise,0,,,,850000,207
3051,Enterprise,0,,,,850000,204
3052,Enterprise,0,,,,850000,240
3053,Enterprise,0,,,,850000,194
3054,Enterprise,0,,,,850000,162
3055,Enterprise,0,,,,850000,188
3056,Enterprise,0,,,,850000,149
3057,Enterprise,0,,,,850000,184
3058,Enterprise,0,,,,850000,167
3059,Enterprise,0,,,,850000,171
3060,Enterprise,0,,,,850000,145
3061,Enterprise,0,,,,850000,183
3062,Enterprise,0,,,,850000,200
3063,Enterprise,0,,,,850000,121
3064,Enterprise,0,,,,850000,151
3065,Enterprise,0,,,,850000,179
3066,Enterprise,0,,,,850000,98
3067,Enterprise,0,,,,850000,229
3068,Enterprise,0,,,,850000,151
3069,Enterprise,0,,,,850000,143
3070,Enterprise,0,,,,850000,167
3071,Enterprise,0,,,,850000,178
3072,Enterprise,0,,,,850000,149
3073,Enterprise,0,,,,850000,205
3074,Enterprise,0,,,,850000,186
3075,Enterprise,0,,,,850000,147
3076,Enterprise,0,,,,850000,157
3077,Enterprise,0,,,,850000,125
3078,Enterprise,0,,,,850000,133
3079,Enterprise,0,,,,850000,186
3080,Enterprise,0,,,,850000,147
3081,Enterprise,0,,,,850000,231
3082,Enterprise,0,,,,850000,176
3083,Enterprise,0,,,,850000,130
3084,Enterprise,0,,,,850000,137
3085,Enterprise,0,,,,850000,207
3086,Enterprise,0,,,,850000,171
3087,Enterprise,0,,,,850000,205
3088,Enterprise,0,,,,850000,162
3089,Enterprise,0,,,,850000,156
3090,Enterprise,0,,,,850000,209
3091,Enterprise,0,,,,850000,146
3092,Enterprise,0,,,,850000,189
3093,Enterprise,0,,,,850000,167
3094,Enterprise,0,,,,850000,202
3095,Enterprise,0,,,,850000,232
3096,Enterprise,0,,,,850000,161
3097,Enterprise,0,,,,850000,156
3098,Enterprise,0,,,,850000,195
3099,Enterprise,0,,,,850000,139
3100,Enterprise,0,,,,850000,225
3101,Enterprise,0,,,,850000,220
3102,Enterprise,0,,,,850000,142
3103,Enterprise,0,,,,850000,123
3104,Enterprise,0,,,,850000,136
3105,Enterprise,0,,,,850000,137
3106,Enterprise,0,,,,850000,199
3107,Enterprise,0,,,,850000,223
3108,Enterprise,0,,,,850000,199
3109,Enterprise,0,,,,850000,166
3110,Enterprise,0,,,,850000,184
3111,Enterprise,0,,,,850000,146
3112,Enterprise,0,,,,850000,209
3113,Enterprise,0,,,,850000,187
3114,Enterprise,0,,,,850000,198
3115,Enterprise,0,,,,850000,150
3116,Enterprise,0,,,,850000,168
3117,Enterprise,0,,,,850000,197
3118,Enterprise,0,,,,850000,220
3119,Enterprise,0,,,,850000,154
3120,Enterprise,0,,,,850000,198
3121,Enterprise,0,,,,850000,151
3122,Enterprise,0,,,,850000,240
3123,Enterprise,0,,,,850000,160
3124,Enterprise,0,,,,850000,194
3125,Enterprise,0,,,,850000,179
3126,Enterprise,0,,,,850000,240
3127,Enterprise,0,,,,850000,181
3128,Enterprise,0,,,,850000,157
3129,Enterprise,0,,,,850000,194
3130,Enterprise,0,,,,850000,193
3131,Enterprise,0,,,,850000,168
3132,Enterprise,0,,,,850000,138
3133,Enterprise,0,,,,850000,157
3134,Enterprise,0,,,,850000,202
3135,Enterprise,0,,,,850000,118
3136,Enterprise,0,,,,850000,166
3137,Enterprise,0,,,,850000,205
3138,Enterprise,0,,,,850000,171
3139,Enterprise,0,,,,850000,240
3140,Enterprise,0,,,,850000,118
3141,Enterprise,0,,,,850000,143
3142,Enterprise,0,,,,850000,99
3143,Enterprise,0,,,,850000,237
3144,Enterprise,0,,,,850000,143
3145,Enterprise,0,,,,850000,110
3146,Enterprise,0,,,,850000,154
3147,Enterprise,0,,,,850000,129
3148,Enterprise,0,,,,850000,154
3149,Enterprise,0,,,,850000,175
3150,Enterprise,0,,,,850000,199
3151,Enterprise,0,,,,850000,168
3152,Enterprise,0,,,,850000,174
3153,Enterprise,0,,,,850000,155
3154,Enterprise,0,,,,850000,125
3155,Enterprise,0,,,,850000,114
3156,Enterprise,0,,,,850000,162
3157,Enterprise,0,,,,850000,176
3158,Enterprise,0,,,,850000,159
3159,Enterprise,0,,,,850000,116
3160,Enterprise,0,,,,850000,180
3161,Enterprise,0,,,,850000,226
3162,Enterprise,0,,,,850000,170
3163,Enterprise,0,,,,850000,155
3164,Enterprise,0,,,,850000,172
3165,Enterprise,0,,,,850000,138
3166,Enterprise,0,,,,850000,136
3167,Enterprise,0,,,,850000,188
3168,Enterprise,0,,,,850000,205
3169,Enterprise,0,,,,850000,169
3170,Enterprise,0,,,,850000,110
3171,Enterprise,0,,,,850000,185
3172,Enterprise,0,,,,850000,240
3173,Enterprise,0,,,,850000,166
3174,Enterprise,0,,,,850000,168
3175,Enterprise,0,,,,850000,146
3176,Enterprise,0,,,,850000,189
3177,Enterprise,0,,,,850000,152
3178,Enterprise,0,,,,850000,206
3179,Enterprise,0,,,,850000,152
3180,Enterprise,0,,,,850000,184
3181,Enterprise,0,,,,850000,172
3182,Enterprise,0,,,,850000,223
3183,Enterprise,0,,,,850000,187
3184,Enterprise,0,,,,850000,218
3185,Enterprise,0,,,,850000,177
3186,Enterprise,0,,,,850000,168
3187,Enterprise,0,,,,850000,172
3188,Enterprise,0,,,,850000,149
3189,Enterprise,0,,,,850000,191
3190,Enterprise,0,,,,850000,151
3191,Enterprise,0,,,,850000,177
3192,Enterprise,0,,,,850000,201
3193,Enterprise,0,,,,850000,224
3194,Enterprise,0,,,,850000,179
3195,Enterprise,0,,,,850000,201
3196,Enterprise,0,,,,850000,197
3197,Enterprise,0,,,,850000,161
3198,Enterprise,0,,,,850000,240
3199,Enterprise,0,,,,850000,155
3200,Enterprise,0,,,,850000,176
3201,Enterprise,0,,,,850000,220
3202,Enterprise,0,,,,850000,219
3203,Enterprise,0,,,,850000,174
3204,Enterprise,0,,,,850000,205
3205,Enterprise,0,,,,850000,166
3206,Enterprise,0,,,,850000,158
3207,Enterprise,0,,,,850000,135
3208,Enterprise,0,,,,850000,197
3209,Enterprise,0,,,,850000,200
3210,Enterprise,0,,,,850000,155
3211,Enterprise,0,,,,850000,182
3212,Enterprise,0,,,,850000,240
3213,Enterprise,0,,,,850000,210
3214,Enterprise,0,,,,850000,145
3215,Enterprise,0,,,,850000,206
3216,Enterprise,0,,,,850000,145
3217,Enterprise,0,,,,850000,90
3218,Enterprise,0,,,,850000,173
3219,Enterprise,0,,,,850000,224
3220,Enterprise,0,,,,850000,218
3221,Enterprise,0,,,,850000,186
3222,Enterprise,0,,,,850000,156
3223,Enterprise,0,,,,850000,189
3224,Enterprise,0,,,,850000,165
3225,Enterprise,0,,,,850000,157
3226,Enterprise,0,,,,850000,207
3227,Enterprise,0,,,,850000,157
3228,Enterprise,0,,,,850000,210
3229,Enterprise,0,,,,850000,155
3230,Enterprise,0,,,,850000,239
3231,Enterprise,0,,,,850000,121
3232,Enterprise,0,,,,850000,143
3233,Enterprise,0,,,,850000,169
3234,Enterprise,0,,,,850000,110
3235,Enterprise,0,,,,850000,91
3236,Enterprise,0,,,,850000,110
3237,Mid-Market,1,2025-08-15,Product Knowledge,Soft Skills,450000,127
3238,Mid-Market,1,2026-01-21,Tools Training,Sales Skills,450000,60
3239,Mid-Market,1,2025-12-05,Tools Training,Tools Training,450000,89
3240,Mid-Market,1,2025-10-16,Sales Skills,Sales Skills,450000,126
3241,Mid-Market,1,2025-06-27,Tools Training,Soft Skills,450000,78
3242,Mid-Market,1,2025-12-13,Product Knowledge,Product Knowledge,450000,118
3243,Mid-Market,1,2025-11-04,Tools Training,Soft Skills,450000,110
3244,Mid-Market,1,2025-08-23,Tools Training,Soft Skills,450000,84
3245,Mid-Market,1,2026-04-07,Product Knowledge,Sales Skills,450000,127
3246,Mid-Market,1,2025-07-21,Tools Training,Sales Skills,450000,77
3247,Mid-Market,1,2025-06-21,Sales Skills,Tools Training,450000,138
3248,Mid-Market,1,2026-01-30,Product Knowledge,Soft Skills,450000,127
3249,Mid-Market,1,2025-07-24,Sales Skills,Product Knowledge,450000,130
3250,Mid-Market,1,2025-07-30,Tools Training,Soft Skills,450000,157
3251,Mid-Market,1,2026-01-17,Tools Training,Soft Skills,450000,127
3252,Mid-Market,1,2026-03-01,Sales Skills,Tools Training,450000,109
3253,Mid-Market,1,2025-08-03,Soft Skills,Product Knowledge,450000,104
3254,Mid-Market,1,2025-06-14,Soft Skills,Tools Training,450000,179
3255,Mid-Market,1,2026-01-06,Product Knowledge,Tools Training,450000,151
3256,Mid-Market,1,2025-11-14,Tools Training,Tools Training,450000,141
3257,Mid-Market,1,2025-07-22,Sales Skills,Sales Skills,450000,111
3258,Mid-Market,1,2025-09-07,Product Knowledge,Product Knowledge,450000,99
3259,Mid-Market,1,2026-02-15,Soft Skills,Tools Training,450000,85
3260,Mid-Market,1,2025-09-24,Soft Skills,Sales Skills,450000,108
3261,Mid-Market,1,2025-12-10,Sales Skills,Product Knowledge,450000,107
3262,Mid-Market,1,2025-10-14,Sales Skills,Product Knowledge,450000,156
3263,Mid-Market,1,2026-03-05,Tools Training,Product Knowledge,450000,117
3264,Mid-Market,1,2025-12-23,Tools Training,Product Knowledge,450000,130
3265,Mid-Market,1,2025-06-09,Sales Skills,Soft Skills,450000,131
3266,Mid-Market,1,2025-08-16,Sales Skills,Tools Training,450000,110
3267,Mid-Market,1,2025-07-15,Tools Training,Soft Skills,450000,108
3268,Mid-Market,1,2025-07-07,Product Knowledge,Sales Skills,450000,128
3269,Mid-Market,1,2026-03-13,Sales Skills,Soft Skills,450000,129
3270,Mid-Market,1,2026-02-20,Soft Skills,Soft Skills,450000,124
3271,Mid-Market,1,2026-01-31,Product Knowledge,Product Knowledge,450000,131
3272,Mid-Market,1,2025-12-20,Sales Skills,Tools Training,450000,110
3273,Mid-Market,1,2025-06-18,Sales Skills,Soft Skills,450000,133
3274,Mid-Market,1,2025-12-06,Soft Skills,Product Knowledge,450000,123
3275,Mid-Market,1,2026-02-28,Product Knowledge,Sales Skills,450000,153
3276,Mid-Market,1,2026-03-15,Product Knowledge,Tools Training,450000,107
3277,Mid-Market,1,2025-12-12,Sales Skills,Soft Skills,450000,109
3278,Mid-Market,1,2026-02-09,Product Knowledge,Product Knowledge,450000,120
3279,Mid-Market,1,2026-02-24,Soft Skills,Sales Skills,450000,148
3280,Mid-Market,1,2026-01-31,Soft Skills,Sales Skills,450000,115
3281,Mid-Market,1,2025-08-02,Tools Training,Soft Skills,450000,145
3282,Mid-Market,1,2025-07-02,Tools Training,Soft Skills,450000,102
3283,Mid-Market,1,2025-11-21,Product Knowledge,Soft Skills,450000,64
3284,Mid-Market,1,2025-12-16,Soft Skills,Tools Training,450000,133
3285,Mid-Market,1,2025-06-26,Soft Skills,Soft Skills,450000,138
3286,Mid-Market,1,2025-07-12,Product Knowledge,Product Knowledge,450000,184
3287,Mid-Market,1,2026-01-01,Product Knowledge,Tools Training,450000,204
3288,Mid-Market,1,2026-01-03,Tools Training,Soft Skills,450000,60
3289,Mid-Market,1,2026-01-05,Tools Training,Soft Skills,450000,182
3290,Mid-Market,1,2025-09-14,Tools Training,Product Knowledge,450000,147
3291,Mid-Market,1,2026-02-08,Sales Skills,Soft Skills,450000,136
3292,Mid-Market,1,2025-06-12,Sales Skills,Soft Skills,450000,145
3293,Mid-Market,1,2025-11-15,Tools Training,Sales Skills,450000,129
3294,Mid-Market,1,2026-04-28,Product Knowledge,Soft Skills,450000,122
3295,Mid-Market,1,2026-02-17,Sales Skills,Sales Skills,450000,132
3296,Mid-Market,1,2025-10-17,Product Knowledge,Soft Skills,450000,102
3297,Mid-Market,1,2025-12-10,Sales Skills,Product Knowledge,450000,103
3298,Mid-Market,1,2026-01-16,Product Knowledge,Product Knowledge,450000,130
3299,Mid-Market,1,2026-02-28,Tools Training,Tools Training,450000,177
3300,Mid-Market,1,2025-07-15,Product Knowledge,Soft Skills,450000,142
3301,Mid-Market,1,2026-04-19,Soft Skills,Tools Training,450000,109
3302,Mid-Market,1,2025-11-05,Product Knowledge,Product Knowledge,450000,79
3303,Mid-Market,1,2026-03-14,Soft Skills,Tools Training,450000,171
3304,Mid-Market,1,2025-12-28,Product Knowledge,Product Knowledge,450000,137
3305,Mid-Market,1,2026-01-13,Product Knowledge,Product Knowledge,450000,144
3306,Mid-Market,1,2025-09-07,Soft Skills,Tools Training,450000,175
3307,Mid-Market,1,2025-11-17,Sales Skills,Sales Skills,450000,67
3308,Mid-Market,1,2026-01-30,Soft Skills,Tools Training,450000,124
3309,Mid-Market,1,2026-03-16,Sales Skills,Soft Skills,450000,146
3310,Mid-Market,1,2025-11-10,Soft Skills,Tools Training,450000,110
3311,Mid-Market,1,2026-01-07,Soft Skills,Tools Training,450000,132
3312,Mid-Market,1,2025-06-09,Soft Skills,Product Knowledge,450000,112
3313,Mid-Market,1,2026-04-02,Soft Skills,Tools Training,450000,100
3314,Mid-Market,1,2025-07-31,Soft Skills,Tools Training,450000,60
3315,Mid-Market,1,2026-02-15,Product Knowledge,Sales Skills,450000,160
3316,Mid-Market,1,2025-07-13,Soft Skills,Sales Skills,450000,160
3317,Mid-Market,1,2025-10-26,Sales Skills,Sales Skills,450000,121
3318,Mid-Market,1,2026-01-20,Sales Skills,Sales Skills,450000,132
3319,Mid-Market,1,2025-09-01,Product Knowledge,Soft Skills,450000,136
3320,Mid-Market,1,2025-09-09,Tools Training,Soft Skills,450000,100
3321,Mid-Market,1,2025-07-27,Product Knowledge,Sales Skills,450000,113
3322,Mid-Market,1,2025-12-29,Tools Training,Product Knowledge,450000,139
3323,Mid-Market,1,2026-02-01,Tools Training,Soft Skills,450000,100
3324,Mid-Market,1,2025-08-29,Sales Skills,Product Knowledge,450000,125
3325,Mid-Market,1,2025-12-04,Soft Skills,Soft Skills,450000,113
3326,Mid-Market,1,2025-06-01,Product Knowledge,Sales Skills,450000,129
3327,Mid-Market,1,2026-03-06,Sales Skills,Sales Skills,450000,140
3328,Mid-Market,1,2025-06-09,Product Knowledge,Tools Training,450000,150
3329,Mid-Market,1,2026-02-09,Sales Skills,Sales Skills,450000,127
3330,Mid-Market,1,2026-03-09,Product Knowledge,Soft Skills,450000,117
3331,Mid-Market,1,2026-02-15,Tools Training,Product Knowledge,450000,119
3332,Mid-Market,1,2026-03-09,Product Knowledge,Sales Skills,450000,126
3333,Mid-Market,1,2026-02-02,Product Knowledge,Sales Skills,450000,98
3334,Mid-Market,1,2025-08-25,Sales Skills,Soft Skills,450000,149
3335,Mid-Market,1,2026-02-22,Tools Training,Product Knowledge,450000,138
3336,Mid-Market,1,2026-01-24,Soft Skills,Sales Skills,450000,148
3337,Mid-Market,1,2025-08-10,Sales Skills,Soft Skills,450000,157
3338,Mid-Market,1,2025-12-19,Product Knowledge,Sales Skills,450000,126
3339,Mid-Market,1,2025-12-30,Product Knowledge,Sales Skills,450000,130
3340,Mid-Market,1,2025-08-13,Tools Training,Product Knowledge,450000,96
3341,Mid-Market,1,2025-11-20,Product Knowledge,Tools Training,450000,133
3342,Mid-Market,1,2026-03-19,Soft Skills,Sales Skills,450000,100
3343,Mid-Market,1,2025-09-08,Product Knowledge,Sales Skills,450000,107
3344,Mid-Market,1,2026-01-14,Tools Training,Soft Skills,450000,156
3345,Mid-Market,1,2025-08-31,Sales Skills,Product Knowledge,450000,160
3346,Mid-Market,1,2025-12-10,Product Knowledge,Tools Training,450000,81
3347,Mid-Market,1,2026-01-08,Soft Skills,Soft Skills,450000,126
3348,Mid-Market,1,2026-02-04,Tools Training,Soft Skills,450000,82
3349,Mid-Market,1,2026-02-17,Sales Skills,Sales Skills,450000,79
3350,Mid-Market,1,2025-08-15,Tools Training,Product Knowledge,450000,84
3351,Mid-Market,1,2026-04-10,Tools Training,Tools Training,450000,145
3352,Mid-Market,1,2025-06-27,Product Knowledge,Product Knowledge,450000,111
3353,Mid-Market,1,2025-09-14,Sales Skills,Sales Skills,450000,128
3354,Mid-Market,1,2025-12-30,Sales Skills,Tools Training,450000,158
3355,Mid-Market,1,2025-11-08,Soft Skills,Soft Skills,450000,137
3356,Mid-Market,1,2026-01-10,Tools Training,Sales Skills,450000,84
3357,Mid-Market,1,2026-02-18,Soft Skills,Tools Training,450000,126
3358,Mid-Market,1,2025-06-06,Soft Skills,Sales Skills,450000,176
3359,Mid-Market,1,2025-11-15,Soft Skills,Soft Skills,450000,113
3360,Mid-Market,1,2025-10-28,Product Knowledge,Sales Skills,450000,133
3361,Mid-Market,1,2026-04-20,Soft Skills,Tools Training,450000,105
3362,Mid-Market,1,2025-12-26,Tools Training,Soft Skills,450000,79
3363,Mid-Market,1,2026-03-02,Sales Skills,Product Knowledge,450000,154
3364,Mid-Market,1,2025-08-08,Sales Skills,Sales Skills,450000,159
3365,Mid-Market,1,2025-07-21,Soft Skills,Soft Skills,450000,181
3366,Mid-Market,1,2025-12-26,Tools Training,Sales Skills,450000,137
3367,Mid-Market,1,2026-04-29,Sales Skills,Tools Training,450000,144
3368,Mid-Market,1,2026-02-09,Product Knowledge,Sales Skills,450000,123
3369,Mid-Market,1,2025-06-13,Product Knowledge,Product Knowledge,450000,152
3370,Mid-Market,1,2026-01-25,Sales Skills,Tools Training,450000,91
3371,Mid-Market,1,2025-12-05,Tools Training,Soft Skills,450000,132
3372,Mid-Market,1,2026-03-23,Sales Skills,Tools Training,450000,132
3373,Mid-Market,1,2025-05-31,Sales Skills,Soft Skills,450000,99
3374,Mid-Market,1,2026-03-23,Product Knowledge,Tools Training,450000,110
3375,Mid-Market,1,2025-06-26,Sales Skills,Soft Skills,450000,112
3376,Mid-Market,1,2025-08-04,Soft Skills,Soft Skills,450000,130
3377,Mid-Market,1,2025-08-12,Sales Skills,Sales Skills,450000,133
3378,Mid-Market,1,2025-09-28,Product Knowledge,Soft Skills,450000,113
3379,Mid-Market,1,2025-10-02,Soft Skills,Sales Skills,450000,132
3380,Mid-Market,1,2026-04-13,Soft Skills,Product Knowledge,450000,137
3381,Mid-Market,1,2026-03-15,Sales Skills,Sales Skills,450000,122
3382,Mid-Market,1,2026-03-07,Product Knowledge,Sales Skills,450000,117
3383,Mid-Market,1,2025-06-01,Soft Skills,Sales Skills,450000,106
3384,Mid-Market,1,2025-06-17,Product Knowledge,Soft Skills,450000,72
3385,Mid-Market,1,2025-10-03,Sales Skills,Soft Skills,450000,86
3386,Mid-Market,1,2025-08-15,Soft Skills,Soft Skills,450000,127
3387,Mid-Market,1,2025-11-03,Sales Skills,Soft Skills,450000,142
3388,Mid-Market,1,2025-08-13,Sales Skills,Sales Skills,450000,146
3389,Mid-Market,1,2026-01-25,Tools Training,Tools Training,450000,187
3390,Mid-Market,1,2025-09-26,Tools Training,Sales Skills,450000,116
3391,Mid-Market,1,2026-02-20,Sales Skills,Tools Training,450000,63
3392,Mid-Market,1,2025-10-04,Sales Skills,Product Knowledge,450000,126
3393,Mid-Market,1,2025-08-07,Sales Skills,Soft Skills,450000,115
3394,Mid-Market,1,2026-03-14,Product Knowledge,Soft Skills,450000,149
3395,Mid-Market,1,2025-10-02,Tools Training,Sales Skills,450000,199
3396,Mid-Market,1,2025-11-24,Sales Skills,Sales Skills,450000,142
3397,Mid-Market,1,2025-08-16,Soft Skills,Tools Training,450000,190
3398,Mid-Market,1,2026-03-31,Tools Training,Product Knowledge,450000,142
3399,Mid-Market,1,2025-06-03,Soft Skills,Sales Skills,450000,137
3400,Mid-Market,1,2025-06-04,Soft Skills,Sales Skills,450000,94
3401,Mid-Market,1,2025-12-04,Sales Skills,Sales Skills,450000,131
3402,Mid-Market,1,2025-09-07,Tools Training,Sales Skills,450000,153
3403,Mid-Market,1,2026-01-30,Sales Skills,Sales Skills,450000,117
3404,Mid-Market,1,2026-04-25,Sales Skills,Product Knowledge,450000,139
3405,Mid-Market,1,2026-01-29,Tools Training,Soft Skills,450000,176
3406,Mid-Market,1,2025-11-06,Product Knowledge,Soft Skills,450000,141
3407,Mid-Market,1,2025-10-01,Product Knowledge,Product Knowledge,450000,106
3408,Mid-Market,1,2025-06-04,Soft Skills,Tools Training,450000,73
3409,Mid-Market,1,2025-11-16,Product Knowledge,Sales Skills,450000,138
3410,Mid-Market,1,2025-10-23,Sales Skills,Tools Training,450000,103
3411,Mid-Market,1,2025-06-28,Soft Skills,Product Knowledge,450000,92
3412,Mid-Market,1,2026-03-21,Product Knowledge,Soft Skills,450000,116
3413,Mid-Market,1,2025-10-29,Tools Training,Soft Skills,450000,145
3414,Mid-Market,1,2025-08-09,Product Knowledge,Soft Skills,450000,122
3415,Mid-Market,1,2025-06-03,Sales Skills,Product Knowledge,450000,132
3416,Mid-Market,1,2026-03-02,Tools Training,Soft Skills,450000,105
3417,Mid-Market,1,2026-02-17,Sales Skills,Soft Skills,450000,131
3418,Mid-Market,1,2025-09-19,Soft Skills,Tools Training,450000,105
3419,Mid-Market,1,2025-07-16,Soft Skills,Soft Skills,450000,99
3420,Mid-Market,1,2025-10-23,Product Knowledge,Product Knowledge,450000,67
3421,Mid-Market,1,2025-08-24,Tools Training,Soft Skills,450000,162
3422,Mid-Market,1,2025-07-10,Sales Skills,Product Knowledge,450000,119
3423,Mid-Market,1,2025-06-17,Product Knowledge,Product Knowledge,450000,132
3424,Mid-Market,1,2026-01-04,Soft Skills,Tools Training,450000,128
3425,Mid-Market,1,2025-11-05,Soft Skills,Sales Skills,450000,120
3426,Mid-Market,1,2026-03-04,Tools Training,Sales Skills,450000,104
3427,Mid-Market,1,2025-07-16,Sales Skills,Tools Training,450000,140
3428,Mid-Market,1,2026-02-02,Product Knowledge,Product Knowledge,450000,138
3429,Mid-Market,1,2026-04-01,Sales Skills,Product Knowledge,450000,113
3430,Mid-Market,1,2025-11-18,Tools Training,Product Knowledge,450000,147
3431,Mid-Market,1,2026-01-19,Sales Skills,Product Knowledge,450000,126
3432,Mid-Market,1,2026-02-23,Product Knowledge,Soft Skills,450000,126
3433,Mid-Market,1,2025-09-14,Tools Training,Product Knowledge,450000,125
3434,Mid-Market,1,2026-02-03,Sales Skills,Sales Skills,450000,145
3435,Mid-Market,1,2026-04-09,Soft Skills,Sales Skills,450000,163
3436,Mid-Market,1,2025-08-13,Product Knowledge,Tools Training,450000,187
3437,Mid-Market,1,2025-06-26,Product Knowledge,Tools Training,450000,113
3438,Mid-Market,1,2025-06-21,Soft Skills,Tools Training,450000,115
3439,Mid-Market,1,2025-08-19,Sales Skills,Sales Skills,450000,149
3440,Mid-Market,1,2025-09-08,Sales Skills,Tools Training,450000,108
3441,Mid-Market,1,2025-06-02,Tools Training,Tools Training,450000,127
3442,Mid-Market,1,2025-09-11,Sales Skills,Tools Training,450000,79
3443,Mid-Market,1,2025-06-18,Tools Training,Sales Skills,450000,60
3444,Mid-Market,1,2026-03-02,Soft Skills,Product Knowledge,450000,89
3445,Mid-Market,1,2025-09-07,Sales Skills,Product Knowledge,450000,71
3446,Mid-Market,1,2025-11-14,Tools Training,Product Knowledge,450000,150
3447,Mid-Market,1,2026-03-07,Tools Training,Tools Training,450000,157
3448,Mid-Market,1,2025-06-17,Soft Skills,Sales Skills,450000,121
3449,Mid-Market,1,2025-06-10,Product Knowledge,Sales Skills,450000,88
3450,Mid-Market,1,2025-10-21,Tools Training,Sales Skills,450000,114
3451,Mid-Market,1,2025-09-13,Tools Training,Product Knowledge,450000,60
3452,Mid-Market,1,2026-04-17,Tools Training,Tools Training,450000,103
3453,Mid-Market,1,2026-01-09,Product Knowledge,Soft Skills,450000,113
3454,Mid-Market,1,2025-12-05,Tools Training,Sales Skills,450000,142
3455,Mid-Market,1,2025-11-17,Tools Training,Tools Training,450000,134
3456,Mid-Market,1,2026-03-01,Soft Skills,Tools Training,450000,102
3457,Mid-Market,1,2025-09-07,Tools Training,Sales Skills,450000,131
3458,Mid-Market,1,2025-09-10,Sales Skills,Tools Training,450000,96
3459,Mid-Market,1,2026-01-13,Product Knowledge,Sales Skills,450000,80
3460,Mid-Market,1,2025-10-28,Soft Skills,Sales Skills,450000,106
3461,Mid-Market,1,2025-12-17,Product Knowledge,Product Knowledge,450000,93
3462,Mid-Market,1,2025-06-10,Tools Training,Sales Skills,450000,113
3463,Mid-Market,1,2025-12-16,Tools Training,Sales Skills,450000,164
3464,Mid-Market,1,2025-07-08,Tools Training,Sales Skills,450000,139
3465,Mid-Market,1,2025-10-18,Sales Skills,Soft Skills,450000,84
3466,Mid-Market,1,2025-11-15,Product Knowledge,Tools Training,450000,116
3467,Mid-Market,1,2026-04-13,Sales Skills,Product Knowledge,450000,204
3468,Mid-Market,1,2025-10-05,Tools Training,Product Knowledge,450000,141
3469,Mid-Market,1,2026-01-19,Sales Skills,Tools Training,450000,95
3470,Mid-Market,1,2025-08-26,Tools Training,Soft Skills,450000,117
3471,Mid-Market,1,2025-11-08,Sales Skills,Product Knowledge,450000,159
3472,Mid-Market,1,2026-04-09,Soft Skills,Tools Training,450000,125
3473,Mid-Market,1,2026-01-23,Sales Skills,Tools Training,450000,105
3474,Mid-Market,1,2025-10-19,Tools Training,Sales Skills,450000,101
3475,Mid-Market,1,2026-02-01,Soft Skills,Tools Training,450000,151
3476,Mid-Market,1,2025-09-07,Soft Skills,Product Knowledge,450000,109
3477,Mid-Market,1,2025-12-12,Sales Skills,Sales Skills,450000,108
3478,Mid-Market,1,2026-01-24,Sales Skills,Sales Skills,450000,127
3479,Mid-Market,1,2026-04-04,Soft Skills,Tools Training,450000,175
3480,Mid-Market,1,2026-03-10,Sales Skills,Soft Skills,450000,96
3481,Mid-Market,1,2026-02-22,Product Knowledge,Soft Skills,450000,109
3482,Mid-Market,1,2025-10-15,Tools Training,Sales Skills,450000,139
3483,Mid-Market,1,2026-02-10,Tools Training,Sales Skills,450000,110
3484,Mid-Market,1,2026-04-01,Sales Skills,Product Knowledge,450000,115
3485,Mid-Market,1,2025-10-05,Product Knowledge,Product Knowledge,450000,63
3486,Mid-Market,1,2026-01-15,Sales Skills,Sales Skills,450000,114
3487,Mid-Market,1,2025-09-06,Product Knowledge,Soft Skills,450000,143
3488,Mid-Market,1,2025-12-04,Tools Training,Product Knowledge,450000,157
3489,Mid-Market,1,2026-03-23,Product Knowledge,Tools Training,450000,128
3490,Mid-Market,1,2025-06-07,Product Knowledge,Tools Training,450000,153
3491,Mid-Market,1,2025-08-23,Soft Skills,Soft Skills,450000,139
3492,Mid-Market,1,2025-06-10,Soft Skills,Sales Skills,450000,166
3493,Mid-Market,1,2025-07-04,Product Knowledge,Sales Skills,450000,123
3494,Mid-Market,1,2025-09-20,Tools Training,Sales Skills,450000,113
3495,Mid-Market,1,2025-11-23,Sales Skills,Sales Skills,450000,119
3496,Mid-Market,1,2025-07-07,Product Knowledge,Sales Skills,450000,144
3497,Mid-Market,1,2025-12-24,Tools Training,Soft Skills,450000,164
3498,Mid-Market,1,2026-03-29,Soft Skills,Soft Skills,450000,143
3499,Mid-Market,1,2025-08-04,Product Knowledge,Soft Skills,450000,119
3500,Mid-Market,1,2025-07-19,Tools Training,Sales Skills,450000,167
3501,Mid-Market,1,2025-12-02,Sales Skills,Product Knowledge,450000,99
3502,Mid-Market,1,2025-10-16,Tools Training,Sales Skills,450000,94
3503,Mid-Market,1,2025-09-30,Tools Training,Sales Skills,450000,100
3504,Mid-Market,1,2025-07-31,Product Knowledge,Soft Skills,450000,156
3505,Mid-Market,1,2025-08-24,Soft Skills,Sales Skills,450000,107
3506,Mid-Market,1,2026-04-28,Soft Skills,Tools Training,450000,122
3507,Mid-Market,1,2025-12-21,Sales Skills,Soft Skills,450000,120
3508,Mid-Market,1,2025-11-18,Soft Skills,Product Knowledge,450000,159
3509,Mid-Market,1,2025-12-23,Tools Training,Product Knowledge,450000,121
3510,Mid-Market,1,2025-12-13,Soft Skills,Sales Skills,450000,169
3511,Mid-Market,1,2025-09-08,Soft Skills,Product Knowledge,450000,160
3512,Mid-Market,1,2026-04-01,Sales Skills,Soft Skills,450000,125
3513,Mid-Market,1,2025-11-19,Soft Skills,Tools Training,450000,111
3514,Mid-Market,1,2025-06-08,Tools Training,Soft Skills,450000,143
3515,Mid-Market,1,2025-08-30,Tools Training,Sales Skills,450000,113
3516,Mid-Market,1,2026-02-07,Soft Skills,Tools Training,450000,117
3517,Mid-Market,1,2026-04-20,Sales Skills,Soft Skills,450000,107
3518,Mid-Market,1,2025-08-23,Product Knowledge,Product Knowledge,450000,127
3519,Mid-Market,1,2025-08-02,Sales Skills,Tools Training,450000,133
3520,Mid-Market,1,2026-01-25,Tools Training,Sales Skills,450000,113
3521,Mid-Market,1,2026-02-13,Sales Skills,Tools Training,450000,153
3522,Mid-Market,1,2025-06-08,Soft Skills,Soft Skills,450000,143
3523,Mid-Market,1,2025-12-18,Tools Training,Soft Skills,450000,203
3524,Mid-Market,1,2025-11-01,Soft Skills,Product Knowledge,450000,96
3525,Mid-Market,1,2025-11-06,Sales Skills,Soft Skills,450000,125
3526,Mid-Market,1,2025-12-06,Soft Skills,Product Knowledge,450000,116
3527,Mid-Market,1,2026-02-14,Sales Skills,Tools Training,450000,170
3528,Mid-Market,1,2026-02-02,Sales Skills,Product Knowledge,450000,109
3529,Mid-Market,1,2025-10-26,Tools Training,Product Knowledge,450000,164
3530,Mid-Market,1,2026-01-27,Sales Skills,Tools Training,450000,176
3531,Mid-Market,1,2026-04-13,Sales Skills,Soft Skills,450000,146
3532,Mid-Market,1,2025-07-12,Soft Skills,Tools Training,450000,149
3533,Mid-Market,1,2026-01-23,Soft Skills,Soft Skills,450000,157
3534,Mid-Market,1,2025-08-27,Product Knowledge,Sales Skills,450000,118
3535,Mid-Market,1,2025-10-04,Product Knowledge,Tools Training,450000,135
3536,Mid-Market,1,2025-08-14,Soft Skills,Product Knowledge,450000,83
3537,Mid-Market,1,2025-12-26,Soft Skills,Tools Training,450000,112
3538,Mid-Market,1,2025-08-23,Soft Skills,Product Knowledge,450000,134
3539,Mid-Market,1,2026-02-17,Soft Skills,Product Knowledge,450000,123
3540,Mid-Market,1,2025-08-28,Product Knowledge,Product Knowledge,450000,140
3541,Mid-Market,1,2026-04-14,Product Knowledge,Tools Training,450000,68
3542,Mid-Market,1,2026-02-16,Soft Skills,Tools Training,450000,120
3543,Mid-Market,1,2025-06-24,Sales Skills,Sales Skills,450000,74
3544,Mid-Market,1,2025-12-12,Tools Training,Sales Skills,450000,133
3545,Mid-Market,1,2025-06-10,Sales Skills,Soft Skills,450000,115
3546,Mid-Market,1,2025-08-15,Product Knowledge,Sales Skills,450000,140
3547,Mid-Market,1,2025-10-15,Tools Training,Soft Skills,450000,114
3548,Mid-Market,1,2025-08-20,Sales Skills,Sales Skills,450000,134
3549,Mid-Market,1,2025-12-01,Sales Skills,Product Knowledge,450000,153
3550,Mid-Market,1,2026-02-28,Tools Training,Product Knowledge,450000,119
3551,Mid-Market,1,2025-12-17,Product Knowledge,Tools Training,450000,175
3552,Mid-Market,1,2025-10-25,Tools Training,Tools Training,450000,138
3553,Mid-Market,1,2026-01-31,Soft Skills,Soft Skills,450000,147
3554,Mid-Market,1,2025-12-28,Soft Skills,Soft Skills,450000,93
3555,Mid-Market,1,2025-11-02,Soft Skills,Product Knowledge,450000,142
3556,Mid-Market,1,2025-11-10,Product Knowledge,Soft Skills,450000,101
3557,Mid-Market,1,2026-03-02,Tools Training,Product Knowledge,450000,108
3558,Mid-Market,1,2026-01-17,Product Knowledge,Tools Training,450000,60
3559,Mid-Market,1,2025-06-16,Soft Skills,Soft Skills,450000,88
3560,Mid-Market,1,2025-07-30,Product Knowledge,Soft Skills,450000,118
3561,Mid-Market,1,2025-06-23,Sales Skills,Soft Skills,450000,144
3562,Mid-Market,1,2026-03-10,Tools Training,Sales Skills,450000,133
3563,Mid-Market,1,2025-07-23,Tools Training,Tools Training,450000,114
3564,Mid-Market,1,2026-01-27,Sales Skills,Product Knowledge,450000,146
3565,Mid-Market,1,2025-06-22,Sales Skills,Sales Skills,450000,126
3566,Mid-Market,1,2025-12-29,Soft Skills,Product Knowledge,450000,133
3567,Mid-Market,1,2025-07-17,Sales Skills,Product Knowledge,450000,118
3568,Mid-Market,1,2025-09-24,Sales Skills,Product Knowledge,450000,153
3569,Mid-Market,1,2025-10-12,Soft Skills,Soft Skills,450000,92
3570,Mid-Market,1,2025-08-06,Soft Skills,Product Knowledge,450000,153
3571,Mid-Market,1,2026-03-26,Sales Skills,Soft Skills,450000,165
3572,Mid-Market,1,2026-04-29,Tools Training,Sales Skills,450000,112
3573,Mid-Market,1,2026-03-27,Tools Training,Soft Skills,450000,131
3574,Mid-Market,1,2026-02-09,Sales Skills,Sales Skills,450000,132
3575,Mid-Market,1,2025-08-21,Product Knowledge,Soft Skills,450000,103
3576,Mid-Market,1,2025-10-01,Product Knowledge,Tools Training,450000,164
3577,Mid-Market,1,2025-08-05,Sales Skills,Product Knowledge,450000,134
3578,Mid-Market,1,2026-03-27,Tools Training,Sales Skills,450000,130
3579,Mid-Market,1,2026-03-26,Sales Skills,Product Knowledge,450000,97
3580,Mid-Market,1,2026-03-02,Tools Training,Tools Training,450000,112
3581,Mid-Market,1,2026-02-03,Sales Skills,Sales Skills,450000,133
3582,Mid-Market,1,2025-08-17,Product Knowledge,Soft Skills,450000,71
3583,Mid-Market,1,2025-07-16,Product Knowledge,Soft Skills,450000,136
3584,Mid-Market,1,2026-02-03,Product Knowledge,Tools Training,450000,119
3585,Mid-Market,1,2026-02-08,Product Knowledge,Sales Skills,450000,159
3586,Mid-Market,1,2025-06-16,Product Knowledge,Tools Training,450000,90
3587,Mid-Market,1,2025-10-15,Tools Training,Tools Training,450000,165
3588,Mid-Market,1,2025-07-13,Soft Skills,Tools Training,450000,93
3589,Mid-Market,1,2025-09-20,Soft Skills,Sales Skills,450000,155
3590,Mid-Market,1,2025-12-16,Sales Skills,Soft Skills,450000,118
3591,Mid-Market,1,2025-12-23,Tools Training,Product Knowledge,450000,125
3592,Mid-Market,1,2025-12-11,Soft Skills,Tools Training,450000,84
3593,Mid-Market,1,2026-01-12,Soft Skills,Soft Skills,450000,151
3594,Mid-Market,1,2025-06-30,Sales Skills,Tools Training,450000,79
3595,Mid-Market,1,2025-10-30,Sales Skills,Product Knowledge,450000,125
3596,Mid-Market,1,2026-01-27,Sales Skills,Soft Skills,450000,163
3597,Mid-Market,1,2025-11-05,Product Knowledge,Sales Skills,450000,134
3598,Mid-Market,1,2025-08-08,Tools Training,Soft Skills,450000,97
3599,Mid-Market,1,2026-04-11,Tools Training,Sales Skills,450000,151
3600,Mid-Market,1,2025-10-08,Sales Skills,Product Knowledge,450000,77
3601,Mid-Market,1,2025-07-06,Product Knowledge,Soft Skills,450000,126
3602,Mid-Market,1,2026-03-11,Soft Skills,Soft Skills,450000,103
3603,Mid-Market,1,2026-02-01,Soft Skills,Product Knowledge,450000,142
3604,Mid-Market,1,2025-11-13,Product Knowledge,Product Knowledge,450000,107
3605,Mid-Market,1,2025-11-03,Sales Skills,Product Knowledge,450000,139
3606,Mid-Market,1,2025-12-23,Product Knowledge,Tools Training,450000,141
3607,Mid-Market,1,2026-04-25,Tools Training,Tools Training,450000,111
3608,Mid-Market,1,2025-10-17,Tools Training,Product Knowledge,450000,97
3609,Mid-Market,1,2026-02-07,Tools Training,Product Knowledge,450000,152
3610,Mid-Market,1,2025-08-21,Tools Training,Tools Training,450000,136
3611,Mid-Market,1,2025-06-23,Sales Skills,Product Knowledge,450000,111
3612,Mid-Market,1,2026-01-26,Sales Skills,Tools Training,450000,96
3613,Mid-Market,1,2025-11-29,Product Knowledge,Sales Skills,450000,172
3614,Mid-Market,1,2025-08-28,Sales Skills,Product Knowledge,450000,119
3615,Mid-Market,1,2025-11-03,Soft Skills,Tools Training,450000,82
3616,Mid-Market,1,2026-04-13,Product Knowledge,Sales Skills,450000,105
3617,Mid-Market,1,2026-03-04,Sales Skills,Tools Training,450000,92
3618,Mid-Market,1,2025-08-26,Product Knowledge,Sales Skills,450000,133
3619,Mid-Market,1,2026-03-30,Soft Skills,Sales Skills,450000,140
3620,Mid-Market,1,2026-02-15,Soft Skills,Sales Skills,450000,123
3621,Mid-Market,1,2025-08-05,Sales Skills,Sales Skills,450000,113
3622,Mid-Market,1,2025-11-24,Product Knowledge,Tools Training,450000,154
3623,Mid-Market,1,2025-08-24,Soft Skills,Soft Skills,450000,117
3624,Mid-Market,1,2025-12-17,Sales Skills,Sales Skills,450000,132
3625,Mid-Market,1,2025-11-15,Sales Skills,Soft Skills,450000,106
3626,Mid-Market,1,2025-07-18,Sales Skills,Tools Training,450000,123
3627,Mid-Market,1,2026-01-21,Tools Training,Tools Training,450000,74
3628,Mid-Market,1,2025-09-15,Tools Training,Soft Skills,450000,118
3629,Mid-Market,1,2025-08-30,Tools Training,Tools Training,450000,89
3630,Mid-Market,1,2025-12-11,Sales Skills,Product Knowledge,450000,127
3631,Mid-Market,1,2026-01-28,Sales Skills,Sales Skills,450000,160
3632,Mid-Market,1,2025-11-02,Product Knowledge,Tools Training,450000,154
3633,Mid-Market,1,2025-07-24,Product Knowledge,Soft Skills,450000,145
3634,Mid-Market,1,2025-09-21,Soft Skills,Soft Skills,450000,152
3635,Mid-Market,1,2025-10-21,Tools Training,Sales Skills,450000,85
3636,Mid-Market,1,2026-04-16,Tools Training,Sales Skills,450000,96
3637,Mid-Market,1,2025-12-17,Sales Skills,Soft Skills,450000,60
3638,Mid-Market,1,2025-08-30,Soft Skills,Tools Training,450000,131
3639,Mid-Market,1,2026-03-26,Soft Skills,Tools Training,450000,95
3640,Mid-Market,1,2025-08-21,Soft Skills,Soft Skills,450000,122
3641,Mid-Market,1,2025-10-04,Soft Skills,Product Knowledge,450000,106
3642,Mid-Market,1,2025-08-21,Soft Skills,Product Knowledge,450000,164
3643,Mid-Market,1,2026-01-09,Soft Skills,Tools Training,450000,165
3644,Mid-Market,1,2026-04-25,Sales Skills,Soft Skills,450000,114
3645,Mid-Market,1,2025-10-04,Tools Training,Sales Skills,450000,118
3646,Mid-Market,1,2026-04-22,Sales Skills,Soft Skills,450000,116
3647,Mid-Market,1,2026-03-29,Tools Training,Soft Skills,450000,114
3648,Mid-Market,1,2025-09-03,Tools Training,Product Knowledge,450000,124
3649,Mid-Market,1,2025-07-21,Sales Skills,Product Knowledge,450000,142
3650,Mid-Market,1,2025-10-23,Soft Skills,Product Knowledge,450000,94
3651,Mid-Market,1,2025-09-17,Product Knowledge,Sales Skills,450000,156
3652,Mid-Market,1,2026-02-09,Product Knowledge,Tools Training,450000,131
3653,Mid-Market,1,2025-10-05,Tools Training,Sales Skills,450000,135
3654,Mid-Market,1,2026-03-05,Tools Training,Sales Skills,450000,106
3655,Mid-Market,1,2025-06-20,Soft Skills,Sales Skills,450000,139
3656,Mid-Market,1,2025-09-27,Sales Skills,Tools Training,450000,122
3657,Mid-Market,1,2026-03-21,Tools Training,Sales Skills,450000,149
3658,Mid-Market,1,2025-06-25,Tools Training,Tools Training,450000,108
3659,Mid-Market,1,2025-11-26,Tools Training,Sales Skills,450000,137
3660,Mid-Market,1,2025-07-04,Product Knowledge,Soft Skills,450000,128
3661,Mid-Market,1,2026-04-18,Product Knowledge,Sales Skills,450000,152
3662,Mid-Market,1,2025-07-01,Sales Skills,Product Knowledge,450000,158
3663,Mid-Market,1,2025-07-03,Tools Training,Soft Skills,450000,130
3664,Mid-Market,1,2026-04-17,Tools Training,Soft Skills,450000,123
3665,Mid-Market,1,2025-06-07,Sales Skills,Sales Skills,450000,128
3666,Mid-Market,1,2025-11-26,Sales Skills,Soft Skills,450000,127
3667,Mid-Market,1,2025-11-19,Tools Training,Sales Skills,450000,126
3668,Mid-Market,1,2025-08-14,Soft Skills,Tools Training,450000,130
3669,Mid-Market,1,2025-05-30,Product Knowledge,Sales Skills,450000,145
3670,Mid-Market,1,2025-12-28,Tools Training,Product Knowledge,450000,130
3671,Mid-Market,1,2025-07-31,Sales Skills,Sales Skills,450000,147
3672,Mid-Market,1,2026-03-10,Product Knowledge,Tools Training,450000,131
3673,Mid-Market,1,2025-06-07,Soft Skills,Sales Skills,450000,94
3674,Mid-Market,1,2026-03-04,Sales Skills,Product Knowledge,450000,158
3675,Mid-Market,1,2026-01-21,Tools Training,Soft Skills,450000,159
3676,Mid-Market,1,2026-02-27,Tools Training,Sales Skills,450000,121
3677,Mid-Market,1,2026-03-24,Soft Skills,Soft Skills,450000,160
3678,Mid-Market,1,2026-04-26,Sales Skills,Tools Training,450000,60
3679,Mid-Market,1,2025-12-02,Sales Skills,Tools Training,450000,146
3680,Mid-Market,1,2026-03-18,Sales Skills,Sales Skills,450000,132
3681,Mid-Market,1,2025-10-27,Product Knowledge,Soft Skills,450000,117
3682,Mid-Market,1,2026-03-08,Soft Skills,Product Knowledge,450000,116
3683,Mid-Market,1,2026-02-13,Product Knowledge,Product Knowledge,450000,155
3684,Mid-Market,1,2026-02-01,Tools Training,Soft Skills,450000,140
3685,Mid-Market,1,2026-04-23,Tools Training,Product Knowledge,450000,154
3686,Mid-Market,1,2025-09-21,Soft Skills,Soft Skills,450000,110
3687,Mid-Market,1,2025-12-08,Sales Skills,Sales Skills,450000,122
3688,Mid-Market,1,2025-08-02,Product Knowledge,Product Knowledge,450000,136
3689,Mid-Market,1,2026-04-15,Tools Training,Sales Skills,450000,88
3690,Mid-Market,1,2026-01-15,Sales Skills,Soft Skills,450000,100
3691,Mid-Market,1,2025-06-15,Sales Skills,Product Knowledge,450000,107
3692,Mid-Market,1,2025-08-13,Sales Skills,Sales Skills,450000,152
3693,Mid-Market,1,2025-08-18,Product Knowledge,Product Knowledge,450000,106
3694,Mid-Market,1,2025-08-18,Product Knowledge,Product Knowledge,450000,83
3695,Mid-Market,1,2025-10-17,Sales Skills,Soft Skills,450000,159
3696,Mid-Market,1,2025-11-25,Product Knowledge,Product Knowledge,450000,90
3697,Mid-Market,1,2026-02-06,Tools Training,Sales Skills,450000,107
3698,Mid-Market,1,2026-02-26,Tools Training,Tools Training,450000,117
3699,Mid-Market,1,2025-07-14,Tools Training,Tools Training,450000,128
3700,Mid-Market,1,2025-10-01,Soft Skills,Tools Training,450000,170
3701,Mid-Market,1,2026-01-18,Tools Training,Sales Skills,450000,148
3702,Mid-Market,1,2025-08-22,Tools Training,Sales Skills,450000,120
3703,Mid-Market,1,2025-10-19,Tools Training,Tools Training,450000,134
3704,Mid-Market,1,2025-07-22,Sales Skills,Tools Training,450000,65
3705,Mid-Market,1,2025-07-22,Soft Skills,Sales Skills,450000,125
3706,Mid-Market,1,2025-06-14,Product Knowledge,Tools Training,450000,126
3707,Mid-Market,1,2026-01-15,Sales Skills,Tools Training,450000,91
3708,Mid-Market,1,2026-02-02,Sales Skills,Sales Skills,450000,124
3709,Mid-Market,1,2025-12-22,Product Knowledge,Soft Skills,450000,150
3710,Mid-Market,1,2025-12-11,Product Knowledge,Tools Training,450000,130
3711,Mid-Market,1,2026-04-01,Soft Skills,Soft Skills,450000,159
3712,Mid-Market,1,2026-03-27,Soft Skills,Sales Skills,450000,126
3713,Mid-Market,1,2026-01-31,Tools Training,Product Knowledge,450000,114
3714,Mid-Market,1,2026-01-09,Product Knowledge,Product Knowledge,450000,145
3715,Mid-Market,1,2025-11-15,Tools Training,Soft Skills,450000,80
3716,Mid-Market,1,2025-10-17,Tools Training,Product Knowledge,450000,106
3717,Mid-Market,1,2025-12-08,Soft Skills,Sales Skills,450000,117
3718,Mid-Market,1,2025-09-18,Sales Skills,Soft Skills,450000,149
3719,Mid-Market,1,2026-04-17,Soft Skills,Sales Skills,450000,120
3720,Mid-Market,1,2025-06-30,Tools Training,Sales Skills,450000,209
3721,Mid-Market,1,2026-03-01,Soft Skills,Tools Training,450000,174
3722,Mid-Market,1,2025-10-26,Soft Skills,Soft Skills,450000,96
3723,Mid-Market,1,2026-02-11,Soft Skills,Soft Skills,450000,121
3724,Mid-Market,1,2025-12-07,Product Knowledge,Sales Skills,450000,98
3725,Mid-Market,1,2025-10-18,Tools Training,Sales Skills,450000,70
3726,Mid-Market,1,2025-08-30,Soft Skills,Product Knowledge,450000,84
3727,Mid-Market,1,2026-04-20,Tools Training,Soft Skills,450000,123
3728,Mid-Market,1,2026-04-04,Product Knowledge,Tools Training,450000,126
3729,Mid-Market,1,2026-04-26,Tools Training,Soft Skills,450000,111
3730,Mid-Market,1,2026-03-30,Product Knowledge,Tools Training,450000,127
3731,Mid-Market,1,2025-11-25,Tools Training,Soft Skills,450000,117
3732,Mid-Market,1,2025-08-04,Sales Skills,Tools Training,450000,95
3733,Mid-Market,1,2025-06-28,Product Knowledge,Tools Training,450000,77
3734,Mid-Market,1,2026-01-19,Tools Training,Product Knowledge,450000,148
3735,Mid-Market,1,2025-07-04,Sales Skills,Product Knowledge,450000,94
3736,Mid-Market,1,2026-02-03,Soft Skills,Product Knowledge,450000,60
3737,Mid-Market,1,2025-09-28,Soft Skills,Tools Training,450000,136
3738,Mid-Market,1,2026-02-03,Product Knowledge,Tools Training,450000,132
3739,Mid-Market,1,2026-01-19,Product Knowledge,Soft Skills,450000,108
3740,Mid-Market,1,2026-01-03,Tools Training,Product Knowledge,450000,151
3741,Mid-Market,1,2026-03-28,Soft Skills,Sales Skills,450000,158
3742,Mid-Market,1,2025-07-18,Soft Skills,Soft Skills,450000,155
3743,Mid-Market,1,2026-04-18,Soft Skills,Soft Skills,450000,168
3744,Mid-Market,1,2025-10-24,Tools Training,Sales Skills,450000,157
3745,Mid-Market,1,2026-01-29,Soft Skills,Soft Skills,450000,101
3746,Mid-Market,1,2025-06-06,Sales Skills,Tools Training,450000,149
3747,Mid-Market,1,2026-02-11,Soft Skills,Sales Skills,450000,105
3748,Mid-Market,1,2025-09-29,Tools Training,Soft Skills,450000,120
3749,Mid-Market,1,2025-07-13,Product Knowledge,Sales Skills,450000,81
3750,Mid-Market,1,2026-01-05,Soft Skills,Soft Skills,450000,72
3751,Mid-Market,1,2025-06-26,Sales Skills,Tools Training,450000,122
3752,Mid-Market,1,2026-04-28,Soft Skills,Sales Skills,450000,170
3753,Mid-Market,1,2025-05-31,Tools Training,Soft Skills,450000,113
3754,Mid-Market,1,2026-01-18,Soft Skills,Tools Training,450000,155
3755,Mid-Market,1,2025-06-30,Product Knowledge,Soft Skills,450000,111
3756,Mid-Market,1,2025-11-22,Sales Skills,Soft Skills,450000,135
3757,Mid-Market,1,2025-09-07,Sales Skills,Sales Skills,450000,142
3758,Mid-Market,1,2026-03-15,Sales Skills,Sales Skills,450000,142
3759,Mid-Market,1,2026-03-14,Product Knowledge,Product Knowledge,450000,101
3760,Mid-Market,1,2026-04-18,Soft Skills,Tools Training,450000,101
3761,Mid-Market,1,2026-04-24,Soft Skills,Tools Training,450000,146
3762,Mid-Market,1,2025-09-20,Soft Skills,Soft Skills,450000,105
3763,Mid-Market,1,2026-04-04,Tools Training,Soft Skills,450000,119
3764,Mid-Market,1,2025-07-25,Sales Skills,Product Knowledge,450000,92
3765,Mid-Market,1,2025-06-25,Soft Skills,Sales Skills,450000,116
3766,Mid-Market,1,2025-11-21,Product Knowledge,Product Knowledge,450000,104
3767,Mid-Market,1,2025-09-18,Soft Skills,Product Knowledge,450000,87
3768,Mid-Market,1,2026-01-09,Product Knowledge,Sales Skills,450000,94
3769,Mid-Market,1,2026-03-03,Soft Skills,Product Knowledge,450000,170
3770,Mid-Market,1,2026-01-17,Product Knowledge,Product Knowledge,450000,122
3771,Mid-Market,1,2026-01-10,Product Knowledge,Sales Skills,450000,102
3772,Mid-Market,1,2025-07-08,Product Knowledge,Soft Skills,450000,152
3773,Mid-Market,1,2025-10-04,Tools Training,Product Knowledge,450000,113
3774,Mid-Market,1,2026-02-11,Soft Skills,Sales Skills,450000,89
3775,Mid-Market,1,2026-03-28,Soft Skills,Tools Training,450000,144
3776,Mid-Market,1,2025-11-21,Soft Skills,Tools Training,450000,172
3777,Mid-Market,1,2026-04-06,Sales Skills,Sales Skills,450000,154
3778,Mid-Market,1,2025-10-14,Soft Skills,Sales Skills,450000,88
3779,Mid-Market,1,2025-06-25,Tools Training,Product Knowledge,450000,98
3780,Mid-Market,1,2025-06-16,Product Knowledge,Tools Training,450000,76
3781,Mid-Market,1,2026-01-17,Soft Skills,Product Knowledge,450000,94
3782,Mid-Market,1,2025-08-28,Sales Skills,Sales Skills,450000,97
3783,Mid-Market,1,2026-01-04,Sales Skills,Sales Skills,450000,140
3784,Mid-Market,1,2025-10-18,Soft Skills,Soft Skills,450000,75
3785,Mid-Market,1,2026-04-25,Sales Skills,Soft Skills,450000,131
3786,Mid-Market,1,2025-12-02,Product Knowledge,Sales Skills,450000,141
3787,Mid-Market,1,2025-11-04,Sales Skills,Soft Skills,450000,112
3788,Mid-Market,1,2026-03-15,Soft Skills,Tools Training,450000,125
3789,Mid-Market,1,2026-04-11,Product Knowledge,Tools Training,450000,101
3790,Mid-Market,1,2025-08-22,Product Knowledge,Product Knowledge,450000,132
3791,Mid-Market,1,2025-09-10,Tools Training,Product Knowledge,450000,142
3792,Mid-Market,1,2026-02-04,Tools Training,Soft Skills,450000,140
3793,Mid-Market,1,2026-04-27,Product Knowledge,Tools Training,450000,178
3794,Mid-Market,1,2025-06-01,Soft Skills,Tools Training,450000,112
3795,Mid-Market,1,2026-01-06,Sales Skills,Product Knowledge,450000,94
3796,Mid-Market,1,2026-01-07,Sales Skills,Product Knowledge,450000,84
3797,Mid-Market,1,2025-07-15,Soft Skills,Product Knowledge,450000,128
3798,Mid-Market,1,2025-09-12,Product Knowledge,Soft Skills,450000,149
3799,Mid-Market,1,2025-09-25,Soft Skills,Product Knowledge,450000,108
3800,Mid-Market,1,2026-01-25,Soft Skills,Soft Skills,450000,117
3801,Mid-Market,1,2025-09-11,Soft Skills,Product Knowledge,450000,128
3802,Mid-Market,1,2025-11-20,Tools Training,Sales Skills,450000,197
3803,Mid-Market,1,2025-06-23,Product Knowledge,Tools Training,450000,100
3804,Mid-Market,1,2026-02-05,Product Knowledge,Tools Training,450000,112
3805,Mid-Market,1,2026-03-13,Soft Skills,Soft Skills,450000,166
3806,Mid-Market,1,2026-03-20,Product Knowledge,Product Knowledge,450000,163
3807,Mid-Market,1,2026-03-11,Product Knowledge,Product Knowledge,450000,150
3808,Mid-Market,1,2025-09-08,Soft Skills,Soft Skills,450000,146
3809,Mid-Market,1,2025-08-19,Soft Skills,Soft Skills,450000,188
3810,Mid-Market,1,2025-09-01,Sales Skills,Tools Training,450000,60
3811,Mid-Market,1,2025-09-02,Sales Skills,Soft Skills,450000,129
3812,Mid-Market,1,2025-11-15,Tools Training,Sales Skills,450000,129
3813,Mid-Market,1,2025-08-23,Tools Training,Product Knowledge,450000,93
3814,Mid-Market,1,2025-06-18,Tools Training,Soft Skills,450000,135
3815,Mid-Market,1,2025-12-10,Tools Training,Product Knowledge,450000,108
3816,Mid-Market,1,2025-06-28,Product Knowledge,Soft Skills,450000,111
3817,Mid-Market,1,2026-03-21,Sales Skills,Product Knowledge,450000,130
3818,Mid-Market,1,2025-09-06,Tools Training,Soft Skills,450000,114
3819,Mid-Market,1,2025-10-24,Tools Training,Soft Skills,450000,116
3820,Mid-Market,1,2025-11-08,Tools Training,Tools Training,450000,106
3821,Mid-Market,1,2026-02-03,Product Knowledge,Sales Skills,450000,78
3822,Mid-Market,1,2025-07-24,Product Knowledge,Tools Training,450000,138
3823,Mid-Market,1,2025-11-15,Product Knowledge,Product Knowledge,450000,90
3824,Mid-Market,1,2025-12-18,Soft Skills,Product Knowledge,450000,93
3825,Mid-Market,1,2025-08-21,Tools Training,Product Knowledge,450000,140
3826,Mid-Market,1,2026-01-31,Sales Skills,Sales Skills,450000,93
3827,Mid-Market,1,2025-12-14,Tools Training,Tools Training,450000,139
3828,Mid-Market,1,2026-02-21,Sales Skills,Tools Training,450000,171
3829,Mid-Market,1,2025-06-13,Sales Skills,Sales Skills,450000,84
3830,Mid-Market,1,2026-01-20,Soft Skills,Product Knowledge,450000,107
3831,Mid-Market,1,2026-02-12,Tools Training,Sales Skills,450000,87
3832,Mid-Market,1,2025-09-25,Soft Skills,Soft Skills,450000,159
3833,Mid-Market,1,2026-02-15,Soft Skills,Tools Training,450000,118
3834,Mid-Market,1,2026-02-11,Tools Training,Soft Skills,450000,126
3835,Mid-Market,1,2026-01-24,Sales Skills,Sales Skills,450000,135
3836,Mid-Market,1,2025-11-02,Soft Skills,Sales Skills,450000,160
3837,Mid-Market,1,2025-12-19,Soft Skills,Sales Skills,450000,73
3838,Mid-Market,1,2026-01-11,Sales Skills,Soft Skills,450000,119
3839,Mid-Market,1,2025-11-01,Sales Skills,Tools Training,450000,175
3840,Mid-Market,1,2026-03-27,Product Knowledge,Sales Skills,450000,131
3841,Mid-Market,1,2026-04-10,Sales Skills,Sales Skills,450000,183
3842,Mid-Market,1,2025-10-25,Product Knowledge,Sales Skills,450000,111
3843,Mid-Market,1,2026-01-10,Tools Training,Tools Training,450000,154
3844,Mid-Market,1,2026-02-02,Soft Skills,Soft Skills,450000,93
3845,Mid-Market,1,2026-03-19,Soft Skills,Product Knowledge,450000,126
3846,Mid-Market,1,2026-02-27,Tools Training,Soft Skills,450000,156
3847,Mid-Market,1,2025-08-20,Sales Skills,Soft Skills,450000,136
3848,Mid-Market,1,2026-01-14,Sales Skills,Product Knowledge,450000,82
3849,Mid-Market,1,2025-08-27,Product Knowledge,Sales Skills,450000,139
3850,Mid-Market,1,2025-09-18,Product Knowledge,Soft Skills,450000,145
3851,Mid-Market,1,2025-12-02,Product Knowledge,Sales Skills,450000,112
3852,Mid-Market,1,2026-04-04,Product Knowledge,Soft Skills,450000,124
3853,Mid-Market,1,2025-12-13,Product Knowledge,Product Knowledge,450000,107
3854,Mid-Market,1,2025-11-13,Tools Training,Tools Training,450000,116
3855,Mid-Market,1,2026-02-08,Tools Training,Product Knowledge,450000,140
3856,Mid-Market,1,2026-03-15,Tools Training,Tools Training,450000,121
3857,Mid-Market,1,2025-07-09,Soft Skills,Tools Training,450000,150
3858,Mid-Market,1,2025-06-08,Product Knowledge,Product Knowledge,450000,150
3859,Mid-Market,1,2025-12-10,Tools Training,Product Knowledge,450000,120
3860,Mid-Market,1,2025-10-03,Tools Training,Sales Skills,450000,143
3861,Mid-Market,1,2025-11-16,Soft Skills,Tools Training,450000,134
3862,Mid-Market,1,2025-07-14,Soft Skills,Soft Skills,450000,105
3863,Mid-Market,1,2025-11-30,Sales Skills,Product Knowledge,450000,154
3864,Mid-Market,1,2025-09-15,Sales Skills,Tools Training,450000,149
3865,Mid-Market,1,2025-06-20,Product Knowledge,Sales Skills,450000,147
3866,Mid-Market,1,2025-08-30,Sales Skills,Soft Skills,450000,165
3867,Mid-Market,1,2025-12-23,Sales Skills,Sales Skills,450000,153
3868,Mid-Market,1,2026-01-04,Soft Skills,Sales Skills,450000,133
3869,Mid-Market,1,2025-08-22,Product Knowledge,Soft Skills,450000,128
3870,Mid-Market,1,2026-02-19,Soft Skills,Tools Training,450000,164
3871,Mid-Market,1,2026-01-21,Soft Skills,Product Knowledge,450000,120
3872,Mid-Market,1,2025-11-29,Sales Skills,Sales Skills,450000,119
3873,Mid-Market,1,2026-02-24,Soft Skills,Tools Training,450000,117
3874,Mid-Market,1,2026-01-27,Soft Skills,Tools Training,450000,60
3875,Mid-Market,1,2026-01-08,Product Knowledge,Soft Skills,450000,118
3876,Mid-Market,1,2025-12-15,Tools Training,Soft Skills,450000,69
3877,Mid-Market,1,2025-07-01,Sales Skills,Tools Training,450000,123
3878,Mid-Market,1,2025-11-21,Sales Skills,Product Knowledge,450000,153
3879,Mid-Market,1,2025-10-07,Product Knowledge,Soft Skills,450000,143
3880,Mid-Market,1,2026-03-06,Soft Skills,Sales Skills,450000,171
3881,Mid-Market,1,2026-04-13,Product Knowledge,Soft Skills,450000,179
3882,Mid-Market,1,2025-12-13,Product Knowledge,Soft Skills,450000,135
3883,Mid-Market,1,2026-01-23,Soft Skills,Sales Skills,450000,122
3884,Mid-Market,1,2026-04-03,Product Knowledge,Soft Skills,450000,166
3885,Mid-Market,1,2026-03-01,Product Knowledge,Product Knowledge,450000,192
3886,Mid-Market,1,2026-04-09,Soft Skills,Product Knowledge,450000,149
3887,Mid-Market,1,2026-01-25,Product Knowledge,Product Knowledge,450000,105
3888,Mid-Market,1,2025-09-06,Product Knowledge,Product Knowledge,450000,126
3889,Mid-Market,1,2025-07-28,Tools Training,Sales Skills,450000,90
3890,Mid-Market,1,2025-11-11,Tools Training,Sales Skills,450000,125
3891,Mid-Market,1,2025-09-25,Sales Skills,Product Knowledge,450000,96
3892,Mid-Market,1,2025-07-29,Product Knowledge,Soft Skills,450000,173
3893,Mid-Market,1,2025-07-31,Sales Skills,Sales Skills,450000,118
3894,Mid-Market,1,2025-06-25,Soft Skills,Tools Training,450000,133
3895,Mid-Market,1,2026-04-06,Product Knowledge,Tools Training,450000,102
3896,Mid-Market,1,2025-06-27,Soft Skills,Soft Skills,450000,107
3897,Mid-Market,1,2026-04-27,Product Knowledge,Product Knowledge,450000,72
3898,Mid-Market,1,2025-10-03,Soft Skills,Product Knowledge,450000,84
3899,Mid-Market,1,2025-12-14,Sales Skills,Sales Skills,450000,153
3900,Mid-Market,1,2025-06-01,Sales Skills,Sales Skills,450000,152
3901,Mid-Market,1,2026-03-14,Product Knowledge,Soft Skills,450000,196
3902,Mid-Market,1,2025-12-25,Product Knowledge,Tools Training,450000,86
3903,Mid-Market,1,2025-08-25,Tools Training,Tools Training,450000,146
3904,Mid-Market,1,2025-07-12,Product Knowledge,Soft Skills,450000,176
3905,Mid-Market,1,2026-01-08,Product Knowledge,Product Knowledge,450000,60
3906,Mid-Market,1,2026-02-22,Product Knowledge,Product Knowledge,450000,135
3907,Mid-Market,1,2025-07-29,Product Knowledge,Sales Skills,450000,88
3908,Mid-Market,1,2025-07-16,Tools Training,Soft Skills,450000,107
3909,Mid-Market,1,2026-04-06,Product Knowledge,Sales Skills,450000,81
3910,Mid-Market,1,2025-10-22,Product Knowledge,Tools Training,450000,117
3911,Mid-Market,1,2025-10-16,Product Knowledge,Tools Training,450000,77
3912,Mid-Market,1,2025-12-04,Tools Training,Soft Skills,450000,132
3913,Mid-Market,1,2026-04-19,Sales Skills,Sales Skills,450000,118
3914,Mid-Market,1,2025-08-14,Tools Training,Soft Skills,450000,150
3915,Mid-Market,1,2025-11-25,Soft Skills,Tools Training,450000,113
3916,Mid-Market,1,2025-11-26,Sales Skills,Soft Skills,450000,137
3917,Mid-Market,1,2025-09-02,Product Knowledge,Product Knowledge,450000,94
3918,Mid-Market,1,2025-11-22,Soft Skills,Sales Skills,450000,127
3919,Mid-Market,1,2026-01-10,Tools Training,Soft Skills,450000,133
3920,Mid-Market,1,2025-06-18,Soft Skills,Tools Training,450000,77
3921,Mid-Market,1,2026-01-09,Tools Training,Product Knowledge,450000,154
3922,Mid-Market,1,2025-09-30,Product Knowledge,Tools Training,450000,105
3923,Mid-Market,1,2026-04-03,Tools Training,Sales Skills,450000,113
3924,Mid-Market,1,2026-04-15,Tools Training,Tools Training,450000,135
3925,Mid-Market,1,2025-08-07,Soft Skills,Tools Training,450000,158
3926,Mid-Market,1,2026-04-19,Soft Skills,Sales Skills,450000,139
3927,Mid-Market,1,2025-06-09,Product Knowledge,Soft Skills,450000,113
3928,Mid-Market,1,2026-02-20,Tools Training,Tools Training,450000,104
3929,Mid-Market,1,2026-04-14,Sales Skills,Soft Skills,450000,167
3930,Mid-Market,1,2026-03-13,Soft Skills,Sales Skills,450000,103
3931,Mid-Market,1,2026-01-09,Product Knowledge,Sales Skills,450000,162
3932,Mid-Market,1,2026-03-13,Product Knowledge,Sales Skills,450000,127
3933,Mid-Market,1,2026-03-25,Soft Skills,Product Knowledge,450000,160
3934,Mid-Market,1,2025-08-18,Soft Skills,Product Knowledge,450000,170
3935,Mid-Market,1,2025-09-05,Sales Skills,Sales Skills,450000,125
3936,Mid-Market,1,2025-05-30,Product Knowledge,Sales Skills,450000,139
3937,Mid-Market,1,2026-02-20,Soft Skills,Soft Skills,450000,132
3938,Mid-Market,1,2026-03-25,Sales Skills,Tools Training,450000,134
3939,Mid-Market,1,2025-12-02,Sales Skills,Product Knowledge,450000,126
3940,Mid-Market,1,2026-01-24,Soft Skills,Product Knowledge,450000,159
3941,Mid-Market,1,2025-06-12,Tools Training,Soft Skills,450000,105
3942,Mid-Market,1,2025-12-23,Sales Skills,Product Knowledge,450000,140
3943,Mid-Market,1,2026-01-24,Soft Skills,Soft Skills,450000,100
3944,Mid-Market,1,2025-10-31,Tools Training,Soft Skills,450000,165
3945,Mid-Market,1,2025-06-15,Tools Training,Soft Skills,450000,166
3946,Mid-Market,1,2025-12-05,Tools Training,Product Knowledge,450000,90
3947,Mid-Market,1,2025-08-01,Tools Training,Product Knowledge,450000,92
3948,Mid-Market,1,2026-02-08,Soft Skills,Product Knowledge,450000,180
3949,Mid-Market,1,2026-01-05,Soft Skills,Tools Training,450000,108
3950,Mid-Market,1,2026-01-09,Tools Training,Soft Skills,450000,94
3951,Mid-Market,1,2026-03-18,Sales Skills,Sales Skills,450000,94
3952,Mid-Market,1,2025-09-21,Soft Skills,Soft Skills,450000,128
3953,Mid-Market,1,2026-01-03,Tools Training,Soft Skills,450000,172
3954,Mid-Market,1,2026-03-05,Sales Skills,Tools Training,450000,147
3955,Mid-Market,1,2026-01-31,Soft Skills,Tools Training,450000,60
3956,Mid-Market,1,2026-01-20,Soft Skills,Sales Skills,450000,110
3957,Mid-Market,1,2026-03-04,Soft Skills,Tools Training,450000,152
3958,Mid-Market,1,2025-09-24,Soft Skills,Tools Training,450000,137
3959,Mid-Market,1,2026-03-06,Soft Skills,Product Knowledge,450000,140
3960,Mid-Market,1,2025-08-09,Product Knowledge,Sales Skills,450000,138
3961,Mid-Market,1,2025-07-06,Product Knowledge,Sales Skills,450000,161
3962,Mid-Market,1,2025-11-29,Soft Skills,Soft Skills,450000,128
3963,Mid-Market,1,2026-03-01,Product Knowledge,Sales Skills,450000,210
3964,Mid-Market,1,2026-01-14,Soft Skills,Soft Skills,450000,141
3965,Mid-Market,1,2025-11-05,Soft Skills,Sales Skills,450000,152
3966,Mid-Market,1,2025-10-08,Soft Skills,Tools Training,450000,135
3967,Mid-Market,1,2025-07-22,Tools Training,Product Knowledge,450000,180
3968,Mid-Market,1,2025-09-05,Soft Skills,Tools Training,450000,148
3969,Mid-Market,1,2026-03-12,Tools Training,Soft Skills,450000,148
3970,Mid-Market,1,2026-04-23,Soft Skills,Soft Skills,450000,167
3971,Mid-Market,1,2026-02-22,Sales Skills,Sales Skills,450000,91
3972,Mid-Market,1,2025-08-19,Sales Skills,Tools Training,450000,161
3973,Mid-Market,1,2026-02-02,Tools Training,Sales Skills,450000,132
3974,Mid-Market,1,2025-12-25,Tools Training,Product Knowledge,450000,104
3975,Mid-Market,1,2026-04-26,Product Knowledge,Tools Training,450000,114
3976,Mid-Market,1,2026-01-29,Tools Training,Soft Skills,450000,125
3977,Mid-Market,1,2025-10-21,Product Knowledge,Product Knowledge,450000,101
3978,Mid-Market,1,2025-12-25,Sales Skills,Sales Skills,450000,111
3979,Mid-Market,1,2025-06-25,Product Knowledge,Sales Skills,450000,103
3980,Mid-Market,1,2026-04-10,Sales Skills,Sales Skills,450000,131
3981,Mid-Market,1,2025-12-16,Tools Training,Product Knowledge,450000,104
3982,Mid-Market,1,2026-04-14,Product Knowledge,Product Knowledge,450000,124
3983,Mid-Market,1,2025-12-17,Tools Training,Product Knowledge,450000,148
3984,Mid-Market,1,2026-03-29,Sales Skills,Sales Skills,450000,126
3985,Mid-Market,1,2026-04-05,Soft Skills,Soft Skills,450000,105
3986,Mid-Market,1,2025-06-20,Soft Skills,Product Knowledge,450000,152
3987,Mid-Market,1,2025-10-02,Sales Skills,Tools Training,450000,120
3988,Mid-Market,1,2026-03-07,Sales Skills,Soft Skills,450000,143
3989,Mid-Market,1,2025-07-11,Product Knowledge,Soft Skills,450000,101
3990,Mid-Market,1,2026-01-08,Product Knowledge,Product Knowledge,450000,140
3991,Mid-Market,1,2025-10-21,Soft Skills,Sales Skills,450000,108
3992,Mid-Market,1,2025-07-01,Soft Skills,Sales Skills,450000,88
3993,Mid-Market,1,2025-11-21,Soft Skills,Sales Skills,450000,98
3994,Mid-Market,1,2025-07-12,Soft Skills,Soft Skills,450000,159
3995,Mid-Market,1,2025-09-28,Soft Skills,Sales Skills,450000,116
3996,Mid-Market,1,2026-03-01,Product Knowledge,Sales Skills,450000,115
3997,Mid-Market,1,2026-03-30,Tools Training,Product Knowledge,450000,136
3998,Mid-Market,1,2025-09-08,Product Knowledge,Sales Skills,450000,149
3999,Mid-Market,1,2026-03-25,Soft Skills,Sales Skills,450000,123
4000,Mid-Market,1,2026-04-21,Product Knowledge,Tools Training,450000,174
4001,Mid-Market,1,2025-07-03,Tools Training,Soft Skills,450000,126
4002,Mid-Market,1,2026-04-08,Sales Skills,Soft Skills,450000,151
4003,Mid-Market,1,2025-06-30,Product Knowledge,Tools Training,450000,119
4004,Mid-Market,1,2025-10-04,Sales Skills,Soft Skills,450000,134
4005,Mid-Market,1,2025-08-10,Sales Skills,Product Knowledge,450000,115
4006,Mid-Market,1,2025-11-06,Tools Training,Soft Skills,450000,143
4007,Mid-Market,1,2025-08-07,Soft Skills,Soft Skills,450000,189
4008,Mid-Market,1,2025-09-03,Sales Skills,Sales Skills,450000,127
4009,Mid-Market,1,2026-04-24,Sales Skills,Tools Training,450000,133
4010,Mid-Market,1,2026-01-13,Tools Training,Product Knowledge,450000,160
4011,Mid-Market,1,2025-11-13,Soft Skills,Product Knowledge,450000,174
4012,Mid-Market,1,2026-04-18,Sales Skills,Sales Skills,450000,129
4013,Mid-Market,1,2025-07-10,Soft Skills,Tools Training,450000,128
4014,Mid-Market,1,2025-11-10,Sales Skills,Soft Skills,450000,112
4015,Mid-Market,1,2025-08-18,Sales Skills,Tools Training,450000,151
4016,Mid-Market,1,2026-02-05,Product Knowledge,Sales Skills,450000,110
4017,Mid-Market,1,2025-06-30,Soft Skills,Product Knowledge,450000,100
4018,Mid-Market,1,2025-08-04,Soft Skills,Tools Training,450000,106
4019,Mid-Market,1,2026-01-29,Sales Skills,Soft Skills,450000,101
4020,Mid-Market,1,2026-03-17,Soft Skills,Product Knowledge,450000,87
4021,Mid-Market,1,2025-06-21,Tools Training,Tools Training,450000,120
4022,Mid-Market,1,2025-07-15,Tools Training,Tools Training,450000,142
4023,Mid-Market,1,2025-06-05,Soft Skills,Tools Training,450000,153
4024,Mid-Market,1,2025-09-21,Tools Training,Soft Skills,450000,172
4025,Mid-Market,1,2025-09-22,Tools Training,Sales Skills,450000,68
4026,Mid-Market,1,2025-09-27,Tools Training,Product Knowledge,450000,115
4027,Mid-Market,1,2026-01-14,Product Knowledge,Product Knowledge,450000,97
4028,Mid-Market,1,2026-02-23,Sales Skills,Sales Skills,450000,161
4029,Mid-Market,1,2026-01-26,Product Knowledge,Tools Training,450000,167
4030,Mid-Market,1,2025-09-30,Soft Skills,Sales Skills,450000,127
4031,Mid-Market,1,2025-11-22,Tools Training,Soft Skills,450000,147
4032,Mid-Market,1,2025-07-15,Product Knowledge,Product Knowledge,450000,92
4033,Mid-Market,1,2025-11-13,Sales Skills,Tools Training,450000,70
4034,Mid-Market,1,2026-03-06,Product Knowledge,Sales Skills,450000,122
4035,Mid-Market,1,2025-11-09,Product Knowledge,Tools Training,450000,83
4036,Mid-Market,1,2025-10-03,Product Knowledge,Product Knowledge,450000,94
4037,Mid-Market,1,2025-09-15,Product Knowledge,Tools Training,450000,105
4038,Mid-Market,1,2025-07-07,Tools Training,Sales Skills,450000,100
4039,Mid-Market,1,2026-04-12,Tools Training,Product Knowledge,450000,106
4040,Mid-Market,1,2026-02-21,Product Knowledge,Soft Skills,450000,122
4041,Mid-Market,1,2026-03-21,Product Knowledge,Soft Skills,450000,107
4042,Mid-Market,1,2025-07-30,Sales Skills,Product Knowledge,450000,181
4043,Mid-Market,1,2025-09-05,Product Knowledge,Product Knowledge,450000,167
4044,Mid-Market,1,2026-02-28,Sales Skills,Sales Skills,450000,128
4045,Mid-Market,1,2025-05-30,Product Knowledge,Tools Training,450000,125
4046,Mid-Market,1,2026-04-22,Sales Skills,Sales Skills,450000,164
4047,Mid-Market,1,2025-08-28,Sales Skills,Soft Skills,450000,137
4048,Mid-Market,1,2026-03-22,Soft Skills,Sales Skills,450000,130
4049,Mid-Market,1,2026-01-26,Sales Skills,Sales Skills,450000,121
4050,Mid-Market,1,2025-11-18,Tools Training,Product Knowledge,450000,107
4051,Mid-Market,1,2025-11-05,Sales Skills,Product Knowledge,450000,95
4052,Mid-Market,1,2026-02-23,Tools Training,Sales Skills,450000,115
4053,Mid-Market,1,2026-02-02,Product Knowledge,Sales Skills,450000,150
4054,Mid-Market,1,2025-11-03,Tools Training,Soft Skills,450000,108
4055,Mid-Market,1,2026-04-13,Tools Training,Product Knowledge,450000,107
4056,Mid-Market,1,2025-10-18,Sales Skills,Tools Training,450000,133
4057,Mid-Market,1,2026-03-26,Sales Skills,Sales Skills,450000,194
4058,Mid-Market,1,2025-07-25,Sales Skills,Soft Skills,450000,149
4059,Mid-Market,1,2026-02-13,Sales Skills,Soft Skills,450000,103
4060,Mid-Market,1,2025-09-24,Tools Training,Product Knowledge,450000,105
4061,Mid-Market,1,2025-08-21,Soft Skills,Tools Training,450000,107
4062,Mid-Market,1,2025-09-09,Soft Skills,Product Knowledge,450000,83
4063,Mid-Market,1,2025-10-06,Sales Skills,Soft Skills,450000,122
4064,Mid-Market,1,2026-01-27,Tools Training,Tools Training,450000,108
4065,Mid-Market,1,2026-02-06,Sales Skills,Soft Skills,450000,95
4066,Mid-Market,1,2025-12-21,Tools Training,Soft Skills,450000,115
4067,Mid-Market,1,2025-07-21,Tools Training,Sales Skills,450000,68
4068,Mid-Market,1,2025-12-19,Sales Skills,Product Knowledge,450000,128
4069,Mid-Market,1,2025-07-28,Tools Training,Tools Training,450000,60
4070,Mid-Market,1,2026-01-30,Soft Skills,Sales Skills,450000,97
4071,Mid-Market,1,2026-03-26,Product Knowledge,Product Knowledge,450000,68
4072,Mid-Market,1,2025-09-29,Product Knowledge,Tools Training,450000,92
4073,Mid-Market,1,2025-11-02,Tools Training,Sales Skills,450000,147
4074,Mid-Market,1,2026-01-04,Soft Skills,Soft Skills,450000,102
4075,Mid-Market,1,2025-12-09,Sales Skills,Product Knowledge,450000,68
4076,Mid-Market,1,2026-04-12,Product Knowledge,Sales Skills,450000,106
4077,Mid-Market,1,2025-09-12,Product Knowledge,Sales Skills,450000,94
4078,Mid-Market,1,2026-04-24,Sales Skills,Tools Training,450000,119
4079,Mid-Market,1,2026-03-25,Soft Skills,Product Knowledge,450000,131
4080,Mid-Market,1,2025-09-05,Sales Skills,Product Knowledge,450000,107
4081,Mid-Market,1,2026-03-11,Sales Skills,Product Knowledge,450000,105
4082,Mid-Market,1,2025-08-21,Soft Skills,Soft Skills,450000,149
4083,Mid-Market,1,2025-06-21,Soft Skills,Soft Skills,450000,96
4084,Mid-Market,1,2026-02-14,Tools Training,Tools Training,450000,131
4085,Mid-Market,1,2025-09-06,Tools Training,Product Knowledge,450000,150
4086,Mid-Market,1,2026-02-09,Tools Training,Tools Training,450000,112
4087,Mid-Market,1,2025-06-05,Soft Skills,Product Knowledge,450000,154
4088,Mid-Market,1,2025-06-10,Soft Skills,Soft Skills,450000,86
4089,Mid-Market,1,2025-09-19,Product Knowledge,Soft Skills,450000,94
4090,Mid-Market,1,2025-10-30,Product Knowledge,Tools Training,450000,150
4091,Mid-Market,1,2025-10-07,Product Knowledge,Soft Skills,450000,88
4092,Mid-Market,1,2025-10-16,Product Knowledge,Soft Skills,450000,160
4093,Mid-Market,1,2025-06-16,Tools Training,Sales Skills,450000,147
4094,Mid-Market,1,2025-12-11,Tools Training,Sales Skills,450000,129
4095,Mid-Market,1,2025-06-12,Soft Skills,Product Knowledge,450000,156
4096,Mid-Market,1,2025-10-31,Soft Skills,Tools Training,450000,112
4097,Mid-Market,1,2026-02-17,Sales Skills,Sales Skills,450000,106
4098,Mid-Market,1,2025-12-31,Tools Training,Tools Training,450000,158
4099,Mid-Market,1,2025-10-02,Sales Skills,Soft Skills,450000,130
4100,Mid-Market,1,2025-10-03,Sales Skills,Soft Skills,450000,126
4101,Mid-Market,1,2025-06-20,Product Knowledge,Soft Skills,450000,108
4102,Mid-Market,1,2026-01-15,Soft Skills,Sales Skills,450000,123
4103,Mid-Market,1,2026-04-03,Soft Skills,Product Knowledge,450000,128
4104,Mid-Market,1,2026-03-29,Sales Skills,Sales Skills,450000,122
4105,Mid-Market,1,2026-03-31,Soft Skills,Sales Skills,450000,145
4106,Mid-Market,1,2025-08-12,Tools Training,Tools Training,450000,137
4107,Mid-Market,1,2025-11-17,Soft Skills,Soft Skills,450000,147
4108,Mid-Market,1,2026-01-06,Product Knowledge,Sales Skills,450000,105
4109,Mid-Market,1,2025-10-16,Tools Training,Product Knowledge,450000,76
4110,Mid-Market,1,2025-12-10,Soft Skills,Product Knowledge,450000,108
4111,Mid-Market,1,2026-03-18,Product Knowledge,Soft Skills,450000,149
4112,Mid-Market,1,2025-09-18,Tools Training,Soft Skills,450000,91
4113,Mid-Market,1,2026-01-14,Sales Skills,Tools Training,450000,135
4114,Mid-Market,1,2026-01-30,Soft Skills,Product Knowledge,450000,138
4115,Mid-Market,1,2025-09-14,Sales Skills,Product Knowledge,450000,162
4116,Mid-Market,1,2025-08-27,Soft Skills,Tools Training,450000,150
4117,Mid-Market,1,2025-11-24,Soft Skills,Sales Skills,450000,122
4118,Mid-Market,1,2026-04-14,Sales Skills,Soft Skills,450000,166
4119,Mid-Market,1,2026-03-05,Sales Skills,Product Knowledge,450000,149
4120,Mid-Market,1,2025-07-26,Sales Skills,Soft Skills,450000,99
4121,Mid-Market,1,2025-09-04,Sales Skills,Product Knowledge,450000,137
4122,Mid-Market,1,2025-06-14,Soft Skills,Soft Skills,450000,112
4123,Mid-Market,1,2026-03-10,Product Knowledge,Sales Skills,450000,113
4124,Mid-Market,1,2026-02-26,Soft Skills,Soft Skills,450000,163
4125,Mid-Market,1,2025-06-13,Product Knowledge,Tools Training,450000,173
4126,Mid-Market,1,2026-02-10,Product Knowledge,Sales Skills,450000,131
4127,Mid-Market,1,2025-12-21,Product Knowledge,Sales Skills,450000,72
4128,Mid-Market,1,2025-08-11,Soft Skills,Product Knowledge,450000,145
4129,Mid-Market,1,2026-01-17,Product Knowledge,Sales Skills,450000,110
4130,Mid-Market,1,2026-02-06,Product Knowledge,Soft Skills,450000,102
4131,Mid-Market,1,2025-10-18,Soft Skills,Product Knowledge,450000,125
4132,Mid-Market,1,2025-07-15,Soft Skills,Product Knowledge,450000,77
4133,Mid-Market,1,2025-11-23,Tools Training,Product Knowledge,450000,171
4134,Mid-Market,1,2025-06-09,Soft Skills,Soft Skills,450000,72
4135,Mid-Market,1,2025-11-02,Soft Skills,Tools Training,450000,146
4136,Mid-Market,1,2026-02-26,Soft Skills,Tools Training,450000,134
4137,Mid-Market,1,2025-06-30,Product Knowledge,Tools Training,450000,113
4138,Mid-Market,1,2025-07-20,Product Knowledge,Soft Skills,450000,132
4139,Mid-Market,1,2025-11-01,Sales Skills,Product Knowledge,450000,134
4140,Mid-Market,1,2026-04-02,Sales Skills,Sales Skills,450000,110
4141,Mid-Market,1,2025-11-17,Soft Skills,Sales Skills,450000,104
4142,Mid-Market,1,2025-12-29,Sales Skills,Soft Skills,450000,60
4143,Mid-Market,1,2025-08-23,Product Knowledge,Soft Skills,450000,132
4144,Mid-Market,1,2026-03-05,Tools Training,Sales Skills,450000,146
4145,Mid-Market,1,2025-11-15,Product Knowledge,Product Knowledge,450000,120
4146,Mid-Market,1,2026-02-11,Product Knowledge,Soft Skills,450000,171
4147,Mid-Market,1,2025-07-31,Soft Skills,Soft Skills,450000,146
4148,Mid-Market,1,2025-10-07,Sales Skills,Sales Skills,450000,119
4149,Mid-Market,1,2025-11-13,Tools Training,Tools Training,450000,188
4150,Mid-Market,1,2026-04-14,Soft Skills,Product Knowledge,450000,136
4151,Mid-Market,1,2026-01-09,Soft Skills,Soft Skills,450000,155
4152,Mid-Market,1,2025-11-20,Sales Skills,Tools Training,450000,145
4153,Mid-Market,1,2025-12-23,Sales Skills,Sales Skills,450000,162
4154,Mid-Market,1,2026-02-09,Tools Training,Soft Skills,450000,111
4155,Mid-Market,1,2026-03-16,Soft Skills,Soft Skills,450000,97
4156,Mid-Market,1,2025-07-24,Soft Skills,Sales Skills,450000,143
4157,Mid-Market,1,2025-05-30,Product Knowledge,Soft Skills,450000,96
4158,Mid-Market,1,2025-06-28,Product Knowledge,Sales Skills,450000,120
4159,Mid-Market,1,2026-01-09,Product Knowledge,Soft Skills,450000,127
4160,Mid-Market,1,2026-01-28,Soft Skills,Soft Skills,450000,147
4161,Mid-Market,1,2026-02-14,Sales Skills,Sales Skills,450000,150
4162,Mid-Market,1,2025-06-26,Tools Training,Sales Skills,450000,148
4163,Mid-Market,1,2025-12-17,Product Knowledge,Tools Training,450000,163
4164,Mid-Market,1,2025-06-17,Product Knowledge,Sales Skills,450000,104
4165,Mid-Market,1,2026-01-06,Tools Training,Product Knowledge,450000,89
4166,Mid-Market,1,2025-08-28,Product Knowledge,Tools Training,450000,119
4167,Mid-Market,1,2026-04-11,Soft Skills,Product Knowledge,450000,158
4168,Mid-Market,1,2025-12-04,Product Knowledge,Soft Skills,450000,79
4169,Mid-Market,1,2025-11-18,Soft Skills,Soft Skills,450000,92
4170,Mid-Market,1,2025-11-07,Tools Training,Sales Skills,450000,97
4171,Mid-Market,1,2025-12-06,Soft Skills,Sales Skills,450000,163
4172,Mid-Market,1,2026-04-16,Soft Skills,Sales Skills,450000,122
4173,Mid-Market,1,2025-06-28,Tools Training,Tools Training,450000,81
4174,Mid-Market,1,2026-03-25,Product Knowledge,Sales Skills,450000,114
4175,Mid-Market,1,2026-04-16,Tools Training,Soft Skills,450000,137
4176,Mid-Market,1,2026-02-21,Soft Skills,Sales Skills,450000,121
4177,Mid-Market,1,2026-02-14,Product Knowledge,Tools Training,450000,147
4178,Mid-Market,1,2025-08-06,Tools Training,Tools Training,450000,170
4179,Mid-Market,1,2025-12-31,Product Knowledge,Tools Training,450000,118
4180,Mid-Market,1,2025-12-15,Tools Training,Soft Skills,450000,113
4181,Mid-Market,1,2025-06-06,Soft Skills,Tools Training,450000,96
4182,Mid-Market,1,2025-09-01,Tools Training,Soft Skills,450000,153
4183,Mid-Market,1,2025-08-15,Soft Skills,Tools Training,450000,134
4184,Mid-Market,1,2026-01-13,Sales Skills,Sales Skills,450000,146
4185,Mid-Market,1,2025-09-30,Sales Skills,Sales Skills,450000,100
4186,Mid-Market,1,2026-01-12,Sales Skills,Tools Training,450000,129
4187,Mid-Market,1,2025-11-07,Tools Training,Product Knowledge,450000,168
4188,Mid-Market,1,2025-10-12,Sales Skills,Tools Training,450000,135
4189,Mid-Market,1,2026-03-22,Sales Skills,Tools Training,450000,121
4190,Mid-Market,1,2025-09-13,Soft Skills,Soft Skills,450000,164
4191,Mid-Market,1,2025-11-17,Soft Skills,Product Knowledge,450000,60
4192,Mid-Market,1,2025-12-05,Soft Skills,Tools Training,450000,92
4193,Mid-Market,1,2025-06-25,Sales Skills,Sales Skills,450000,169
4194,Mid-Market,1,2025-08-01,Product Knowledge,Soft Skills,450000,149
4195,Mid-Market,1,2025-08-04,Tools Training,Tools Training,450000,138
4196,Mid-Market,1,2025-11-16,Product Knowledge,Product Knowledge,450000,133
4197,Mid-Market,1,2026-04-24,Tools Training,Tools Training,450000,101
4198,Mid-Market,1,2025-12-20,Tools Training,Sales Skills,450000,107
4199,Mid-Market,1,2025-08-15,Tools Training,Soft Skills,450000,163
4200,Mid-Market,1,2025-08-02,Tools Training,Product Knowledge,450000,184
4201,Mid-Market,1,2025-10-30,Product Knowledge,Soft Skills,450000,168
4202,Mid-Market,1,2025-10-04,Soft Skills,Tools Training,450000,147
4203,Mid-Market,1,2025-07-16,Product Knowledge,Soft Skills,450000,154
4204,Mid-Market,1,2026-01-23,Tools Training,Product Knowledge,450000,115
4205,Mid-Market,1,2025-07-31,Product Knowledge,Soft Skills,450000,95
4206,Mid-Market,1,2026-04-07,Product Knowledge,Soft Skills,450000,100
4207,Mid-Market,1,2025-06-21,Tools Training,Soft Skills,450000,123
4208,Mid-Market,1,2026-04-07,Sales Skills,Tools Training,450000,84
4209,Mid-Market,1,2026-02-22,Sales Skills,Tools Training,450000,108
4210,Mid-Market,1,2025-09-20,Tools Training,Tools Training,450000,187
4211,Mid-Market,1,2025-12-30,Soft Skills,Sales Skills,450000,132
4212,Mid-Market,1,2026-04-03,Product Knowledge,Sales Skills,450000,102
4213,Mid-Market,1,2025-07-09,Product Knowledge,Soft Skills,450000,101
4214,Mid-Market,1,2025-10-28,Sales Skills,Tools Training,450000,180
4215,Mid-Market,1,2026-03-20,Soft Skills,Tools Training,450000,135
4216,Mid-Market,1,2026-04-23,Product Knowledge,Sales Skills,450000,102
4217,Mid-Market,1,2025-12-15,Sales Skills,Soft Skills,450000,121
4218,Mid-Market,1,2026-02-11,Soft Skills,Soft Skills,450000,146
4219,Mid-Market,1,2025-11-03,Soft Skills,Sales Skills,450000,158
4220,Mid-Market,1,2026-04-12,Tools Training,Tools Training,450000,127
4221,Mid-Market,1,2026-03-08,Soft Skills,Soft Skills,450000,122
4222,Mid-Market,1,2025-08-21,Product Knowledge,Soft Skills,450000,124
4223,Mid-Market,1,2026-03-26,Soft Skills,Tools Training,450000,185
4224,Mid-Market,1,2026-03-13,Product Knowledge,Tools Training,450000,153
4225,Mid-Market,1,2025-08-25,Sales Skills,Product Knowledge,450000,119
4226,Mid-Market,1,2026-02-25,Soft Skills,Product Knowledge,450000,97
4227,Mid-Market,1,2026-04-05,Sales Skills,Sales Skills,450000,94
4228,Mid-Market,1,2025-10-14,Product Knowledge,Tools Training,450000,127
4229,Mid-Market,1,2026-04-15,Soft Skills,Product Knowledge,450000,114
4230,Mid-Market,1,2025-11-13,Product Knowledge,Tools Training,450000,168
4231,Mid-Market,1,2026-03-22,Product Knowledge,Soft Skills,450000,80
4232,Mid-Market,1,2026-03-22,Soft Skills,Tools Training,450000,133
4233,Mid-Market,1,2025-06-27,Sales Skills,Soft Skills,450000,89
4234,Mid-Market,1,2026-02-24,Soft Skills,Product Knowledge,450000,117
4235,Mid-Market,1,2026-04-22,Soft Skills,Sales Skills,450000,123
4236,Mid-Market,1,2026-02-04,Tools Training,Tools Training,450000,102
4237,Mid-Market,1,2026-04-07,Tools Training,Soft Skills,450000,129
4238,Mid-Market,1,2026-03-10,Product Knowledge,Soft Skills,450000,81
4239,Mid-Market,1,2025-08-29,Tools Training,Tools Training,450000,143
4240,Mid-Market,1,2025-08-20,Sales Skills,Soft Skills,450000,108
4241,Mid-Market,1,2026-03-12,Product Knowledge,Product Knowledge,450000,104
4242,Mid-Market,1,2026-02-12,Product Knowledge,Tools Training,450000,116
4243,Mid-Market,1,2025-11-24,Sales Skills,Sales Skills,450000,83
4244,Mid-Market,1,2026-01-06,Tools Training,Tools Training,450000,153
4245,Mid-Market,1,2026-01-14,Tools Training,Product Knowledge,450000,176
4246,Mid-Market,1,2025-06-13,Soft Skills,Soft Skills,450000,137
4247,Mid-Market,1,2025-11-01,Tools Training,Tools Training,450000,163
4248,Mid-Market,1,2025-09-15,Product Knowledge,Soft Skills,450000,76
4249,Mid-Market,1,2025-07-03,Soft Skills,Sales Skills,450000,119
4250,Mid-Market,1,2025-07-23,Tools Training,Tools Training,450000,107
4251,Mid-Market,1,2026-01-14,Soft Skills,Tools Training,450000,122
4252,Mid-Market,1,2025-08-11,Sales Skills,Tools Training,450000,84
4253,Mid-Market,1,2025-08-08,Sales Skills,Sales Skills,450000,138
4254,Mid-Market,1,2025-06-12,Product Knowledge,Sales Skills,450000,111
4255,Mid-Market,1,2025-07-24,Soft Skills,Sales Skills,450000,123
4256,Mid-Market,1,2025-08-26,Soft Skills,Product Knowledge,450000,112
4257,Mid-Market,1,2025-07-26,Sales Skills,Soft Skills,450000,110
4258,Mid-Market,1,2026-04-17,Tools Training,Soft Skills,450000,109
4259,Mid-Market,1,2026-03-16,Sales Skills,Product Knowledge,450000,124
4260,Mid-Market,1,2025-08-23,Soft Skills,Product Knowledge,450000,109
4261,Mid-Market,1,2026-01-26,Sales Skills,Product Knowledge,450000,93
4262,Mid-Market,1,2025-12-18,Sales Skills,Tools Training,450000,70
4263,Mid-Market,1,2026-04-02,Product Knowledge,Sales Skills,450000,191
4264,Mid-Market,1,2026-04-29,Product Knowledge,Soft Skills,450000,115
4265,Mid-Market,1,2025-09-02,Sales Skills,Product Knowledge,450000,76
4266,Mid-Market,1,2026-02-12,Sales Skills,Sales Skills,450000,90
4267,Mid-Market,1,2025-06-06,Product Knowledge,Product Knowledge,450000,101
4268,Mid-Market,1,2025-06-24,Tools Training,Tools Training,450000,121
4269,Mid-Market,1,2025-12-17,Product Knowledge,Product Knowledge,450000,131
4270,Mid-Market,1,2026-03-08,Tools Training,Tools Training,450000,153
4271,Mid-Market,1,2026-03-25,Product Knowledge,Tools Training,450000,92
4272,Mid-Market,1,2025-08-02,Soft Skills,Tools Training,450000,130
4273,Mid-Market,1,2025-07-24,Product Knowledge,Product Knowledge,450000,102
4274,Mid-Market,1,2025-06-17,Product Knowledge,Sales Skills,450000,86
4275,Mid-Market,1,2025-06-27,Product Knowledge,Soft Skills,450000,133
4276,Mid-Market,1,2026-02-07,Sales Skills,Sales Skills,450000,120
4277,Mid-Market,1,2025-09-29,Soft Skills,Tools Training,450000,113
4278,Mid-Market,1,2025-07-24,Product Knowledge,Soft Skills,450000,91
4279,Mid-Market,1,2026-01-12,Product Knowledge,Product Knowledge,450000,163
4280,Mid-Market,1,2025-12-29,Soft Skills,Tools Training,450000,116
4281,Mid-Market,1,2026-01-30,Tools Training,Soft Skills,450000,85
4282,Mid-Market,1,2025-12-02,Product Knowledge,Product Knowledge,450000,112
4283,Mid-Market,1,2025-06-18,Product Knowledge,Tools Training,450000,102
4284,Mid-Market,1,2026-01-09,Soft Skills,Tools Training,450000,130
4285,Mid-Market,1,2025-07-23,Soft Skills,Tools Training,450000,111
4286,Mid-Market,1,2025-11-23,Product Knowledge,Product Knowledge,450000,83
4287,Mid-Market,1,2025-06-20,Product Knowledge,Soft Skills,450000,94
4288,Mid-Market,1,2025-06-14,Sales Skills,Product Knowledge,450000,131
4289,Mid-Market,1,2026-04-14,Product Knowledge,Tools Training,450000,148
4290,Mid-Market,1,2026-02-23,Soft Skills,Soft Skills,450000,125
4291,Mid-Market,1,2025-10-19,Soft Skills,Sales Skills,450000,107
4292,Mid-Market,1,2026-04-05,Tools Training,Sales Skills,450000,134
4293,Mid-Market,1,2026-01-18,Product Knowledge,Soft Skills,450000,159
4294,Mid-Market,1,2025-08-10,Product Knowledge,Product Knowledge,450000,145
4295,Mid-Market,1,2025-12-31,Product Knowledge,Sales Skills,450000,82
4296,Mid-Market,1,2026-04-02,Product Knowledge,Soft Skills,450000,96
4297,Mid-Market,1,2025-07-10,Tools Training,Sales Skills,450000,118
4298,Mid-Market,1,2026-04-24,Sales Skills,Tools Training,450000,132
4299,Mid-Market,1,2025-08-02,Tools Training,Product Knowledge,450000,133
4300,Mid-Market,1,2025-10-18,Sales Skills,Soft Skills,450000,97
4301,Mid-Market,1,2025-11-27,Product Knowledge,Sales Skills,450000,137
4302,Mid-Market,1,2025-11-10,Sales Skills,Tools Training,450000,151
4303,Mid-Market,1,2025-12-25,Soft Skills,Soft Skills,450000,113
4304,Mid-Market,1,2025-08-26,Sales Skills,Tools Training,450000,103
4305,Mid-Market,1,2025-10-11,Soft Skills,Soft Skills,450000,122
4306,Mid-Market,1,2025-09-16,Product Knowledge,Tools Training,450000,164
4307,Mid-Market,1,2025-11-12,Soft Skills,Soft Skills,450000,86
4308,Mid-Market,1,2025-09-17,Product Knowledge,Soft Skills,450000,73
4309,Mid-Market,1,2025-10-27,Product Knowledge,Tools Training,450000,114
4310,Mid-Market,1,2025-10-02,Tools Training,Soft Skills,450000,113
4311,Mid-Market,1,2026-02-03,Sales Skills,Sales Skills,450000,131
4312,Mid-Market,1,2025-10-19,Soft Skills,Soft Skills,450000,156
4313,Mid-Market,1,2025-07-24,Soft Skills,Product Knowledge,450000,132
4314,Mid-Market,1,2026-04-07,Tools Training,Soft Skills,450000,88
4315,Mid-Market,1,2026-01-29,Tools Training,Soft Skills,450000,77
4316,Mid-Market,1,2025-10-10,Product Knowledge,Sales Skills,450000,133
4317,Mid-Market,1,2025-08-19,Tools Training,Tools Training,450000,112
4318,Mid-Market,1,2026-01-06,Soft Skills,Sales Skills,450000,151
4319,Mid-Market,1,2026-02-21,Product Knowledge,Product Knowledge,450000,113
4320,Mid-Market,1,2026-04-04,Tools Training,Soft Skills,450000,187
4321,Mid-Market,1,2025-10-23,Soft Skills,Product Knowledge,450000,155
4322,Mid-Market,1,2025-06-22,Soft Skills,Product Knowledge,450000,148
4323,Mid-Market,1,2025-07-21,Product Knowledge,Sales Skills,450000,144
4324,Mid-Market,1,2026-04-05,Product Knowledge,Product Knowledge,450000,86
4325,Mid-Market,1,2026-04-18,Sales Skills,Product Knowledge,450000,80
4326,Mid-Market,1,2025-12-14,Tools Training,Sales Skills,450000,118
4327,Mid-Market,1,2025-12-09,Soft Skills,Tools Training,450000,179
4328,Mid-Market,1,2025-09-10,Sales Skills,Soft Skills,450000,131
4329,Mid-Market,1,2025-06-07,Product Knowledge,Tools Training,450000,123
4330,Mid-Market,1,2025-07-02,Soft Skills,Sales Skills,450000,108
4331,Mid-Market,1,2025-06-27,Product Knowledge,Soft Skills,450000,150
4332,Mid-Market,1,2025-07-29,Tools Training,Soft Skills,450000,123
4333,Mid-Market,1,2025-08-24,Sales Skills,Tools Training,450000,149
4334,Mid-Market,1,2025-11-10,Sales Skills,Product Knowledge,450000,96
4335,Mid-Market,1,2025-10-26,Sales Skills,Product Knowledge,450000,137
4336,Mid-Market,1,2025-07-30,Product Knowledge,Tools Training,450000,137
4337,Mid-Market,1,2025-09-30,Tools Training,Tools Training,450000,170
4338,Mid-Market,1,2025-08-17,Product Knowledge,Sales Skills,450000,146
4339,Mid-Market,1,2025-12-01,Soft Skills,Sales Skills,450000,101
4340,Mid-Market,1,2025-09-26,Sales Skills,Sales Skills,450000,157
4341,Mid-Market,1,2026-03-06,Tools Training,Tools Training,450000,109
4342,Mid-Market,1,2025-07-23,Product Knowledge,Sales Skills,450000,131
4343,Mid-Market,1,2026-02-26,Sales Skills,Sales Skills,450000,154
4344,Mid-Market,1,2026-02-20,Soft Skills,Sales Skills,450000,145
4345,Mid-Market,1,2025-09-06,Soft Skills,Soft Skills,450000,115
4346,Mid-Market,1,2025-12-17,Tools Training,Product Knowledge,450000,139
4347,Mid-Market,1,2025-10-16,Product Knowledge,Tools Training,450000,71
4348,Mid-Market,1,2025-10-22,Soft Skills,Tools Training,450000,83
4349,Mid-Market,1,2026-03-31,Soft Skills,Sales Skills,450000,129
4350,Mid-Market,1,2025-12-06,Sales Skills,Tools Training,450000,109
4351,Mid-Market,1,2025-12-05,Product Knowledge,Soft Skills,450000,100
4352,Mid-Market,1,2025-10-09,Soft Skills,Soft Skills,450000,201
4353,Mid-Market,1,2026-01-07,Tools Training,Tools Training,450000,134
4354,Mid-Market,1,2026-04-07,Sales Skills,Product Knowledge,450000,131
4355,Mid-Market,1,2025-06-23,Product Knowledge,Tools Training,450000,69
4356,Mid-Market,1,2025-09-23,Tools Training,Tools Training,450000,88
4357,Mid-Market,1,2026-04-03,Soft Skills,Tools Training,450000,73
4358,Mid-Market,1,2025-10-26,Tools Training,Product Knowledge,450000,148
4359,Mid-Market,1,2026-03-20,Tools Training,Sales Skills,450000,148
4360,Mid-Market,1,2025-07-26,Soft Skills,Soft Skills,450000,138
4361,Mid-Market,1,2025-12-09,Soft Skills,Sales Skills,450000,87
4362,Mid-Market,1,2025-06-22,Product Knowledge,Tools Training,450000,121
4363,Mid-Market,1,2025-12-31,Product Knowledge,Soft Skills,450000,151
4364,Mid-Market,1,2026-03-30,Sales Skills,Soft Skills,450000,137
4365,Mid-Market,1,2026-02-18,Soft Skills,Sales Skills,450000,118
4366,Mid-Market,1,2026-03-23,Tools Training,Soft Skills,450000,182
4367,Mid-Market,1,2025-09-11,Sales Skills,Tools Training,450000,202
4368,Mid-Market,1,2025-10-26,Sales Skills,Sales Skills,450000,103
4369,Mid-Market,1,2026-04-17,Soft Skills,Soft Skills,450000,138
4370,Mid-Market,1,2025-08-15,Product Knowledge,Soft Skills,450000,177
4371,Mid-Market,1,2025-06-06,Product Knowledge,Sales Skills,450000,110
4372,Mid-Market,1,2025-06-01,Product Knowledge,Tools Training,450000,109
4373,Mid-Market,1,2026-03-29,Product Knowledge,Product Knowledge,450000,142
4374,Mid-Market,1,2026-03-14,Product Knowledge,Soft Skills,450000,93
4375,Mid-Market,1,2025-06-23,Tools Training,Sales Skills,450000,171
4376,Mid-Market,1,2026-01-19,Sales Skills,Tools Training,450000,132
4377,Mid-Market,1,2026-01-28,Soft Skills,Soft Skills,450000,147
4378,Mid-Market,1,2025-06-14,Product Knowledge,Sales Skills,450000,126
4379,Mid-Market,1,2025-10-16,Tools Training,Product Knowledge,450000,115
4380,Mid-Market,1,2025-07-31,Soft Skills,Product Knowledge,450000,127
4381,Mid-Market,1,2025-09-28,Soft Skills,Product Knowledge,450000,125
4382,Mid-Market,1,2025-08-17,Tools Training,Sales Skills,450000,106
4383,Mid-Market,1,2026-04-14,Soft Skills,Sales Skills,450000,86
4384,Mid-Market,1,2026-01-15,Product Knowledge,Tools Training,450000,87
4385,Mid-Market,1,2025-07-17,Sales Skills,Product Knowledge,450000,102
4386,Mid-Market,1,2025-09-21,Sales Skills,Soft Skills,450000,151
4387,Mid-Market,1,2025-12-07,Product Knowledge,Sales Skills,450000,74
4388,Mid-Market,1,2025-06-02,Tools Training,Sales Skills,450000,133
4389,Mid-Market,1,2025-11-03,Tools Training,Tools Training,450000,124
4390,Mid-Market,1,2026-02-15,Tools Training,Sales Skills,450000,131
4391,Mid-Market,1,2025-08-10,Soft Skills,Soft Skills,450000,196
4392,Mid-Market,1,2025-10-05,Product Knowledge,Soft Skills,450000,123
4393,Mid-Market,1,2026-04-04,Product Knowledge,Product Knowledge,450000,147
4394,Mid-Market,1,2026-04-13,Sales Skills,Product Knowledge,450000,140
4395,Mid-Market,1,2025-08-15,Tools Training,Soft Skills,450000,108
4396,Mid-Market,1,2025-10-10,Soft Skills,Product Knowledge,450000,172
4397,Mid-Market,1,2026-04-21,Sales Skills,Tools Training,450000,96
4398,Mid-Market,1,2026-02-08,Soft Skills,Tools Training,450000,60
4399,Mid-Market,1,2026-03-18,Tools Training,Soft Skills,450000,114
4400,Mid-Market,1,2025-07-04,Tools Training,Soft Skills,450000,170
4401,Mid-Market,1,2025-12-16,Sales Skills,Tools Training,450000,120
4402,Mid-Market,1,2025-09-01,Sales Skills,Soft Skills,450000,127
4403,Mid-Market,1,2026-01-22,Product Knowledge,Soft Skills,450000,104
4404,Mid-Market,1,2025-08-17,Soft Skills,Product Knowledge,450000,123
4405,Mid-Market,1,2025-06-18,Sales Skills,Soft Skills,450000,132
4406,Mid-Market,1,2025-08-05,Soft Skills,Soft Skills,450000,121
4407,Mid-Market,1,2025-06-23,Product Knowledge,Soft Skills,450000,103
4408,Mid-Market,1,2025-11-03,Tools Training,Sales Skills,450000,165
4409,Mid-Market,1,2026-04-13,Product Knowledge,Tools Training,450000,175
4410,Mid-Market,1,2025-09-12,Product Knowledge,Product Knowledge,450000,160
4411,Mid-Market,1,2026-03-05,Sales Skills,Product Knowledge,450000,147
4412,Mid-Market,1,2025-10-23,Soft Skills,Product Knowledge,450000,94
4413,Mid-Market,1,2026-04-20,Soft Skills,Tools Training,450000,101
4414,Mid-Market,1,2026-03-21,Sales Skills,Tools Training,450000,170
4415,Mid-Market,1,2025-07-15,Sales Skills,Product Knowledge,450000,86
4416,Mid-Market,1,2025-07-05,Product Knowledge,Sales Skills,450000,164
4417,Mid-Market,1,2025-08-04,Tools Training,Sales Skills,450000,123
4418,Mid-Market,1,2025-11-16,Sales Skills,Product Knowledge,450000,169
4419,Mid-Market,1,2025-08-09,Product Knowledge,Soft Skills,450000,132
4420,Mid-Market,1,2025-11-12,Sales Skills,Sales Skills,450000,108
4421,Mid-Market,1,2025-08-17,Product Knowledge,Soft Skills,450000,179
4422,Mid-Market,1,2025-11-24,Soft Skills,Sales Skills,450000,88
4423,Mid-Market,1,2025-07-18,Product Knowledge,Soft Skills,450000,108
4424,Mid-Market,1,2025-09-29,Sales Skills,Sales Skills,450000,125
4425,Mid-Market,1,2026-01-16,Soft Skills,Tools Training,450000,101
4426,Mid-Market,1,2026-02-08,Sales Skills,Sales Skills,450000,149
4427,Mid-Market,1,2025-06-08,Sales Skills,Soft Skills,450000,196
4428,Mid-Market,1,2025-07-11,Tools Training,Soft Skills,450000,113
4429,Mid-Market,1,2026-01-21,Sales Skills,Soft Skills,450000,155
4430,Mid-Market,1,2026-03-15,Tools Training,Product Knowledge,450000,102
4431,Mid-Market,1,2026-02-25,Tools Training,Sales Skills,450000,70
4432,Mid-Market,1,2025-07-06,Product Knowledge,Product Knowledge,450000,120
4433,Mid-Market,1,2026-02-16,Sales Skills,Soft Skills,450000,158
4434,Mid-Market,1,2025-06-09,Soft Skills,Tools Training,450000,108
4435,Mid-Market,1,2025-12-22,Product Knowledge,Product Knowledge,450000,112
4436,Mid-Market,1,2026-01-17,Soft Skills,Product Knowledge,450000,97
4437,Mid-Market,1,2025-08-12,Product Knowledge,Soft Skills,450000,118
4438,Mid-Market,1,2025-09-02,Tools Training,Product Knowledge,450000,105
4439,Mid-Market,1,2025-11-14,Tools Training,Soft Skills,450000,111
4440,Mid-Market,1,2025-06-11,Product Knowledge,Soft Skills,450000,131
4441,Mid-Market,1,2025-12-18,Tools Training,Product Knowledge,450000,95
4442,Mid-Market,1,2025-10-09,Soft Skills,Tools Training,450000,87
4443,Mid-Market,1,2025-09-19,Soft Skills,Product Knowledge,450000,99
4444,Mid-Market,1,2026-04-26,Product Knowledge,Tools Training,450000,143
4445,Mid-Market,1,2026-04-10,Product Knowledge,Sales Skills,450000,136
4446,Mid-Market,1,2025-11-12,Tools Training,Sales Skills,450000,105
4447,Mid-Market,1,2026-03-20,Soft Skills,Product Knowledge,450000,127
4448,Mid-Market,1,2025-08-08,Tools Training,Tools Training,450000,141
4449,Mid-Market,1,2025-12-17,Product Knowledge,Soft Skills,450000,116
4450,Mid-Market,1,2025-12-22,Soft Skills,Product Knowledge,450000,186
4451,Mid-Market,1,2025-09-01,Soft Skills,Soft Skills,450000,106
4452,Mid-Market,1,2025-08-10,Tools Training,Product Knowledge,450000,115
4453,Mid-Market,1,2025-08-31,Sales Skills,Tools Training,450000,60
4454,Mid-Market,1,2025-09-10,Sales Skills,Soft Skills,450000,126
4455,Mid-Market,1,2025-10-09,Soft Skills,Tools Training,450000,133
4456,Mid-Market,1,2025-07-29,Soft Skills,Product Knowledge,450000,115
4457,Mid-Market,1,2025-11-19,Soft Skills,Sales Skills,450000,97
4458,Mid-Market,1,2025-10-10,Soft Skills,Tools Training,450000,123
4459,Mid-Market,1,2025-10-02,Product Knowledge,Product Knowledge,450000,62
4460,Mid-Market,1,2025-10-04,Tools Training,Sales Skills,450000,138
4461,Mid-Market,1,2025-12-16,Sales Skills,Tools Training,450000,139
4462,Mid-Market,1,2026-02-06,Sales Skills,Soft Skills,450000,118
4463,Mid-Market,1,2025-12-19,Tools Training,Soft Skills,450000,122
4464,Mid-Market,1,2025-07-10,Soft Skills,Soft Skills,450000,103
4465,Mid-Market,1,2025-11-09,Sales Skills,Product Knowledge,450000,146
4466,Mid-Market,1,2025-12-10,Product Knowledge,Product Knowledge,450000,161
4467,Mid-Market,1,2025-10-23,Tools Training,Product Knowledge,450000,141
4468,Mid-Market,1,2025-09-06,Sales Skills,Sales Skills,450000,100
4469,Mid-Market,1,2025-09-01,Tools Training,Sales Skills,450000,95
4470,Mid-Market,1,2025-09-26,Tools Training,Sales Skills,450000,125
4471,Mid-Market,1,2025-07-06,Product Knowledge,Soft Skills,450000,143
4472,Mid-Market,1,2026-04-25,Sales Skills,Soft Skills,450000,157
4473,Mid-Market,1,2026-01-03,Tools Training,Sales Skills,450000,113
4474,Mid-Market,1,2025-12-09,Soft Skills,Soft Skills,450000,142
4475,Mid-Market,1,2025-07-23,Product Knowledge,Tools Training,450000,194
4476,Mid-Market,1,2026-04-14,Product Knowledge,Product Knowledge,450000,122
4477,Mid-Market,1,2026-03-31,Tools Training,Tools Training,450000,103
4478,Mid-Market,1,2026-01-14,Sales Skills,Product Knowledge,450000,145
4479,Mid-Market,1,2025-09-15,Tools Training,Soft Skills,450000,91
4480,Mid-Market,1,2026-03-29,Sales Skills,Tools Training,450000,110
4481,Mid-Market,1,2025-08-15,Tools Training,Tools Training,450000,168
4482,Mid-Market,1,2025-06-03,Sales Skills,Product Knowledge,450000,158
4483,Mid-Market,1,2025-10-17,Product Knowledge,Tools Training,450000,112
4484,Mid-Market,1,2025-09-07,Tools Training,Tools Training,450000,155
4485,Mid-Market,1,2025-09-18,Product Knowledge,Product Knowledge,450000,171
4486,Mid-Market,1,2025-09-14,Product Knowledge,Product Knowledge,450000,104
4487,Mid-Market,1,2025-06-01,Tools Training,Tools Training,450000,75
4488,Mid-Market,1,2026-02-27,Product Knowledge,Soft Skills,450000,206
4489,Mid-Market,1,2025-07-16,Tools Training,Soft Skills,450000,132
4490,Mid-Market,1,2025-06-04,Product Knowledge,Tools Training,450000,94
4491,Mid-Market,1,2026-04-08,Soft Skills,Soft Skills,450000,93
4492,Mid-Market,1,2025-12-29,Soft Skills,Product Knowledge,450000,117
4493,Mid-Market,1,2025-06-26,Soft Skills,Product Knowledge,450000,158
4494,Mid-Market,1,2025-12-14,Sales Skills,Soft Skills,450000,97
4495,Mid-Market,1,2025-06-02,Soft Skills,Soft Skills,450000,87
4496,Mid-Market,1,2025-08-13,Tools Training,Tools Training,450000,98
4497,Mid-Market,1,2025-10-26,Sales Skills,Tools Training,450000,136
4498,Mid-Market,1,2026-04-22,Sales Skills,Tools Training,450000,148
4499,Mid-Market,1,2025-08-24,Tools Training,Tools Training,450000,116
4500,Mid-Market,1,2025-08-02,Sales Skills,Tools Training,450000,151
4501,Mid-Market,1,2025-07-09,Soft Skills,Sales Skills,450000,161
4502,Mid-Market,1,2025-12-24,Tools Training,Tools Training,450000,195
4503,Mid-Market,1,2025-06-03,Tools Training,Product Knowledge,450000,130
4504,Mid-Market,1,2025-12-05,Sales Skills,Tools Training,450000,139
4505,Mid-Market,1,2025-12-03,Sales Skills,Tools Training,450000,139
4506,Mid-Market,1,2025-08-07,Sales Skills,Tools Training,450000,116
4507,Mid-Market,1,2025-08-19,Product Knowledge,Sales Skills,450000,140
4508,Mid-Market,1,2026-03-14,Tools Training,Product Knowledge,450000,131
4509,Mid-Market,1,2025-09-27,Product Knowledge,Soft Skills,450000,60
4510,Mid-Market,1,2025-10-19,Tools Training,Sales Skills,450000,93
4511,Mid-Market,1,2026-01-23,Product Knowledge,Sales Skills,450000,170
4512,Mid-Market,1,2025-09-22,Product Knowledge,Product Knowledge,450000,109
4513,Mid-Market,1,2025-07-18,Tools Training,Product Knowledge,450000,132
4514,Mid-Market,1,2025-10-25,Product Knowledge,Soft Skills,450000,122
4515,Mid-Market,1,2025-06-15,Sales Skills,Sales Skills,450000,72
4516,Mid-Market,1,2025-05-30,Soft Skills,Soft Skills,450000,114
4517,Mid-Market,1,2026-04-12,Sales Skills,Product Knowledge,450000,133
4518,Mid-Market,1,2025-06-04,Product Knowledge,Soft Skills,450000,171
4519,Mid-Market,1,2026-04-25,Tools Training,Sales Skills,450000,102
4520,Mid-Market,1,2025-09-12,Sales Skills,Product Knowledge,450000,118
4521,Mid-Market,1,2025-08-02,Product Knowledge,Product Knowledge,450000,122
4522,Mid-Market,1,2025-09-23,Sales Skills,Soft Skills,450000,115
4523,Mid-Market,1,2025-07-27,Product Knowledge,Product Knowledge,450000,119
4524,Mid-Market,1,2025-08-03,Tools Training,Soft Skills,450000,146
4525,Mid-Market,1,2025-07-14,Product Knowledge,Sales Skills,450000,82
4526,Mid-Market,1,2025-10-05,Product Knowledge,Soft Skills,450000,108
4527,Mid-Market,1,2025-08-08,Sales Skills,Soft Skills,450000,97
4528,Mid-Market,1,2025-08-14,Product Knowledge,Tools Training,450000,68
4529,Mid-Market,1,2026-04-07,Sales Skills,Soft Skills,450000,137
4530,Mid-Market,1,2025-08-20,Product Knowledge,Product Knowledge,450000,129
4531,Mid-Market,1,2025-12-08,Soft Skills,Product Knowledge,450000,71
4532,Mid-Market,1,2026-04-22,Sales Skills,Product Knowledge,450000,117
4533,Mid-Market,1,2025-11-02,Sales Skills,Tools Training,450000,135
4534,Mid-Market,1,2026-04-24,Tools Training,Tools Training,450000,139
4535,Mid-Market,1,2025-11-24,Product Knowledge,Product Knowledge,450000,130
4536,Mid-Market,1,2025-07-15,Soft Skills,Tools Training,450000,166
4537,Mid-Market,1,2025-12-11,Soft Skills,Sales Skills,450000,154
4538,Mid-Market,1,2026-01-11,Sales Skills,Soft Skills,450000,131
4539,Mid-Market,1,2025-12-02,Soft Skills,Tools Training,450000,111
4540,Mid-Market,1,2026-04-09,Tools Training,Product Knowledge,450000,91
4541,Mid-Market,1,2025-08-28,Product Knowledge,Product Knowledge,450000,116
4542,Mid-Market,1,2026-02-24,Product Knowledge,Product Knowledge,450000,157
4543,Mid-Market,1,2026-03-05,Sales Skills,Product Knowledge,450000,121
4544,Mid-Market,1,2025-09-24,Tools Training,Product Knowledge,450000,142
4545,Mid-Market,1,2025-06-22,Product Knowledge,Tools Training,450000,160
4546,Mid-Market,1,2026-01-07,Product Knowledge,Soft Skills,450000,109
4547,Mid-Market,1,2026-02-11,Product Knowledge,Tools Training,450000,66
4548,Mid-Market,1,2026-01-15,Sales Skills,Soft Skills,450000,114
4549,Mid-Market,1,2025-07-28,Tools Training,Soft Skills,450000,113
4550,Mid-Market,1,2025-10-05,Sales Skills,Tools Training,450000,171
4551,Mid-Market,1,2025-08-31,Soft Skills,Tools Training,450000,161
4552,Mid-Market,1,2025-08-02,Product Knowledge,Soft Skills,450000,159
4553,Mid-Market,1,2025-10-10,Tools Training,Sales Skills,450000,137
4554,Mid-Market,1,2025-09-29,Tools Training,Soft Skills,450000,69
4555,Mid-Market,1,2025-08-02,Soft Skills,Product Knowledge,450000,90
4556,Mid-Market,1,2025-09-08,Product Knowledge,Soft Skills,450000,140
4557,Mid-Market,1,2025-08-06,Tools Training,Product Knowledge,450000,127
4558,Mid-Market,1,2025-08-27,Product Knowledge,Soft Skills,450000,129
4559,Mid-Market,1,2025-11-29,Sales Skills,Product Knowledge,450000,91
4560,Mid-Market,1,2026-01-12,Tools Training,Soft Skills,450000,152
4561,Mid-Market,1,2025-12-19,Product Knowledge,Tools Training,450000,99
4562,Mid-Market,1,2025-09-14,Sales Skills,Tools Training,450000,134
4563,Mid-Market,1,2025-08-12,Soft Skills,Soft Skills,450000,145
4564,Mid-Market,1,2025-08-12,Product Knowledge,Sales Skills,450000,125
4565,Mid-Market,1,2026-02-03,Sales Skills,Tools Training,450000,81
4566,Mid-Market,1,2026-04-14,Product Knowledge,Sales Skills,450000,114
4567,Mid-Market,1,2025-07-28,Sales Skills,Sales Skills,450000,111
4568,Mid-Market,1,2025-11-05,Sales Skills,Product Knowledge,450000,149
4569,Mid-Market,1,2025-09-19,Product Knowledge,Product Knowledge,450000,109
4570,Mid-Market,1,2025-08-11,Soft Skills,Soft Skills,450000,78
4571,Mid-Market,1,2026-03-06,Tools Training,Product Knowledge,450000,173
4572,Mid-Market,1,2025-07-19,Tools Training,Tools Training,450000,107
4573,Mid-Market,1,2025-08-07,Sales Skills,Tools Training,450000,154
4574,Mid-Market,1,2025-07-03,Tools Training,Tools Training,450000,89
4575,Mid-Market,1,2025-09-03,Product Knowledge,Product Knowledge,450000,67
4576,Mid-Market,1,2025-12-23,Tools Training,Product Knowledge,450000,65
4577,Mid-Market,1,2026-02-22,Soft Skills,Tools Training,450000,199
4578,Mid-Market,1,2025-10-07,Sales Skills,Product Knowledge,450000,127
4579,Mid-Market,1,2026-03-18,Product Knowledge,Product Knowledge,450000,123
4580,Mid-Market,1,2025-11-15,Sales Skills,Tools Training,450000,134
4581,Mid-Market,1,2025-09-09,Sales Skills,Sales Skills,450000,135
4582,Mid-Market,1,2025-08-24,Soft Skills,Sales Skills,450000,122
4583,Mid-Market,1,2026-03-31,Soft Skills,Tools Training,450000,99
4584,Mid-Market,1,2025-05-30,Soft Skills,Tools Training,450000,95
4585,Mid-Market,1,2026-03-17,Product Knowledge,Soft Skills,450000,96
4586,Mid-Market,1,2026-03-31,Tools Training,Tools Training,450000,143
4587,Mid-Market,1,2026-04-17,Soft Skills,Tools Training,450000,129
4588,Mid-Market,1,2025-08-26,Tools Training,Sales Skills,450000,102
4589,Mid-Market,1,2025-08-20,Tools Training,Tools Training,450000,146
4590,Mid-Market,1,2025-08-31,Product Knowledge,Product Knowledge,450000,82
4591,Mid-Market,1,2025-06-27,Sales Skills,Soft Skills,450000,144
4592,Mid-Market,1,2025-07-16,Product Knowledge,Product Knowledge,450000,135
4593,Mid-Market,1,2026-03-11,Product Knowledge,Sales Skills,450000,175
4594,Mid-Market,1,2025-09-29,Product Knowledge,Soft Skills,450000,111
4595,Mid-Market,1,2025-07-05,Tools Training,Sales Skills,450000,113
4596,Mid-Market,1,2025-12-14,Sales Skills,Tools Training,450000,143
4597,Mid-Market,1,2026-03-07,Soft Skills,Soft Skills,450000,116
4598,Mid-Market,1,2025-08-30,Soft Skills,Product Knowledge,450000,86
4599,Mid-Market,1,2025-12-03,Soft Skills,Tools Training,450000,133
4600,Mid-Market,1,2025-12-02,Tools Training,Soft Skills,450000,122
4601,Mid-Market,1,2026-04-22,Product Knowledge,Tools Training,450000,60
4602,Mid-Market,1,2026-01-16,Sales Skills,Product Knowledge,450000,148
4603,Mid-Market,1,2026-03-26,Sales Skills,Tools Training,450000,98
4604,Mid-Market,1,2026-02-08,Soft Skills,Product Knowledge,450000,188
4605,Mid-Market,1,2025-08-31,Sales Skills,Product Knowledge,450000,98
4606,Mid-Market,1,2025-10-06,Product Knowledge,Product Knowledge,450000,136
4607,Mid-Market,1,2025-07-13,Soft Skills,Sales Skills,450000,150
4608,Mid-Market,1,2025-12-06,Soft Skills,Product Knowledge,450000,95
4609,Mid-Market,1,2025-12-15,Tools Training,Tools Training,450000,134
4610,Mid-Market,1,2025-08-01,Product Knowledge,Product Knowledge,450000,94
4611,Mid-Market,1,2025-06-02,Soft Skills,Tools Training,450000,152
4612,Mid-Market,1,2025-12-22,Tools Training,Tools Training,450000,117
4613,Mid-Market,1,2025-08-05,Product Knowledge,Sales Skills,450000,118
4614,Mid-Market,1,2025-10-19,Product Knowledge,Sales Skills,450000,117
4615,Mid-Market,1,2025-08-13,Soft Skills,Soft Skills,450000,144
4616,Mid-Market,1,2025-09-27,Tools Training,Tools Training,450000,82
4617,Mid-Market,1,2026-01-17,Tools Training,Product Knowledge,450000,140
4618,Mid-Market,1,2026-02-07,Soft Skills,Tools Training,450000,167
4619,Mid-Market,1,2025-09-07,Tools Training,Product Knowledge,450000,88
4620,Mid-Market,1,2025-11-20,Product Knowledge,Soft Skills,450000,107
4621,Mid-Market,1,2026-01-03,Soft Skills,Product Knowledge,450000,115
4622,Mid-Market,1,2025-07-06,Sales Skills,Product Knowledge,450000,112
4623,Mid-Market,1,2025-09-22,Product Knowledge,Tools Training,450000,123
4624,Mid-Market,1,2025-07-19,Soft Skills,Soft Skills,450000,149
4625,Mid-Market,1,2026-02-07,Sales Skills,Product Knowledge,450000,116
4626,Mid-Market,1,2025-07-30,Product Knowledge,Tools Training,450000,88
4627,Mid-Market,1,2026-03-03,Soft Skills,Sales Skills,450000,121
4628,Mid-Market,1,2025-08-19,Tools Training,Tools Training,450000,75
4629,Mid-Market,1,2026-02-23,Product Knowledge,Tools Training,450000,158
4630,Mid-Market,1,2025-08-29,Tools Training,Tools Training,450000,170
4631,Mid-Market,1,2025-12-20,Soft Skills,Sales Skills,450000,115
4632,Mid-Market,1,2025-07-09,Soft Skills,Soft Skills,450000,78
4633,Mid-Market,1,2026-04-12,Tools Training,Product Knowledge,450000,136
4634,Mid-Market,1,2025-06-05,Tools Training,Sales Skills,450000,154
4635,Mid-Market,1,2026-04-20,Soft Skills,Product Knowledge,450000,120
4636,Mid-Market,1,2025-10-19,Sales Skills,Sales Skills,450000,98
4637,Mid-Market,1,2025-07-24,Tools Training,Product Knowledge,450000,147
4638,Mid-Market,1,2025-08-05,Sales Skills,Tools Training,450000,175
4639,Mid-Market,1,2025-05-30,Tools Training,Soft Skills,450000,103
4640,Mid-Market,1,2025-08-11,Product Knowledge,Sales Skills,450000,149
4641,Mid-Market,1,2026-01-01,Tools Training,Soft Skills,450000,170
4642,Mid-Market,1,2025-09-13,Product Knowledge,Soft Skills,450000,173
4643,Mid-Market,1,2025-12-27,Product Knowledge,Sales Skills,450000,130
4644,Mid-Market,1,2025-09-25,Sales Skills,Product Knowledge,450000,127
4645,Mid-Market,1,2025-05-30,Product Knowledge,Sales Skills,450000,74
4646,Mid-Market,1,2026-02-25,Tools Training,Product Knowledge,450000,103
4647,Mid-Market,1,2026-03-27,Soft Skills,Soft Skills,450000,129
4648,Mid-Market,1,2025-10-13,Sales Skills,Soft Skills,450000,137
4649,Mid-Market,1,2025-06-11,Product Knowledge,Soft Skills,450000,158
4650,Mid-Market,1,2026-02-02,Tools Training,Sales Skills,450000,115
4651,Mid-Market,1,2026-01-19,Soft Skills,Soft Skills,450000,179
4652,Mid-Market,1,2026-04-02,Product Knowledge,Soft Skills,450000,100
4653,Mid-Market,1,2025-09-16,Tools Training,Soft Skills,450000,94
4654,Mid-Market,1,2025-10-20,Sales Skills,Soft Skills,450000,131
4655,Mid-Market,1,2025-12-14,Sales Skills,Tools Training,450000,134
4656,Mid-Market,1,2025-06-01,Tools Training,Product Knowledge,450000,121
4657,Mid-Market,1,2026-02-09,Soft Skills,Tools Training,450000,117
4658,Mid-Market,1,2025-09-22,Sales Skills,Sales Skills,450000,156
4659,Mid-Market,1,2025-05-30,Soft Skills,Sales Skills,450000,83
4660,Mid-Market,1,2026-02-18,Soft Skills,Product Knowledge,450000,132
4661,Mid-Market,1,2026-04-17,Soft Skills,Tools Training,450000,136
4662,Mid-Market,1,2025-09-04,Sales Skills,Tools Training,450000,158
4663,Mid-Market,1,2026-03-05,Soft Skills,Tools Training,450000,116
4664,Mid-Market,1,2025-09-20,Sales Skills,Soft Skills,450000,93
4665,Mid-Market,1,2025-07-19,Sales Skills,Product Knowledge,450000,152
4666,Mid-Market,1,2026-04-09,Soft Skills,Tools Training,450000,157
4667,Mid-Market,1,2025-12-13,Tools Training,Sales Skills,450000,133
4668,Mid-Market,1,2026-02-11,Product Knowledge,Soft Skills,450000,123
4669,Mid-Market,1,2026-04-09,Soft Skills,Tools Training,450000,145
4670,Mid-Market,1,2026-03-25,Tools Training,Product Knowledge,450000,116
4671,Mid-Market,1,2025-09-28,Tools Training,Tools Training,450000,113
4672,Mid-Market,1,2025-11-10,Tools Training,Product Knowledge,450000,98
4673,Mid-Market,1,2025-10-18,Soft Skills,Product Knowledge,450000,116
4674,Mid-Market,1,2025-06-11,Tools Training,Tools Training,450000,154
4675,Mid-Market,1,2025-11-17,Soft Skills,Soft Skills,450000,170
4676,Mid-Market,1,2026-03-30,Product Knowledge,Product Knowledge,450000,105
4677,Mid-Market,1,2025-10-19,Tools Training,Soft Skills,450000,85
4678,Mid-Market,1,2026-04-15,Soft Skills,Sales Skills,450000,93
4679,Mid-Market,1,2025-10-03,Soft Skills,Soft Skills,450000,155
4680,Mid-Market,1,2025-08-31,Tools Training,Soft Skills,450000,116
4681,Mid-Market,1,2026-04-06,Soft Skills,Tools Training,450000,149
4682,Mid-Market,1,2025-10-26,Tools Training,Soft Skills,450000,140
4683,Mid-Market,1,2025-12-22,Sales Skills,Tools Training,450000,150
4684,Mid-Market,1,2025-10-16,Product Knowledge,Product Knowledge,450000,82
4685,Mid-Market,1,2026-01-17,Sales Skills,Soft Skills,450000,141
4686,Mid-Market,1,2025-08-03,Soft Skills,Tools Training,450000,103
4687,Mid-Market,1,2026-04-15,Soft Skills,Soft Skills,450000,107
4688,Mid-Market,1,2026-01-09,Sales Skills,Sales Skills,450000,93
4689,Mid-Market,1,2026-01-15,Product Knowledge,Product Knowledge,450000,142
4690,Mid-Market,1,2025-08-13,Tools Training,Sales Skills,450000,115
4691,Mid-Market,1,2026-03-19,Tools Training,Tools Training,450000,125
4692,Mid-Market,1,2026-02-04,Product Knowledge,Product Knowledge,450000,121
4693,Mid-Market,1,2025-10-13,Soft Skills,Tools Training,450000,102
4694,Mid-Market,1,2025-07-13,Product Knowledge,Sales Skills,450000,164
4695,Mid-Market,1,2026-03-09,Product Knowledge,Product Knowledge,450000,124
4696,Mid-Market,1,2026-01-30,Tools Training,Tools Training,450000,71
4697,Mid-Market,1,2026-02-20,Soft Skills,Product Knowledge,450000,165
4698,Mid-Market,1,2026-02-26,Sales Skills,Soft Skills,450000,159
4699,Mid-Market,1,2026-01-29,Sales Skills,Product Knowledge,450000,117
4700,Mid-Market,1,2025-06-06,Tools Training,Sales Skills,450000,181
4701,Mid-Market,1,2026-02-20,Product Knowledge,Product Knowledge,450000,133
4702,Mid-Market,1,2025-09-01,Product Knowledge,Tools Training,450000,135
4703,Mid-Market,1,2025-06-08,Soft Skills,Sales Skills,450000,93
4704,Mid-Market,1,2026-01-13,Tools Training,Product Knowledge,450000,169
4705,Mid-Market,1,2025-07-21,Sales Skills,Tools Training,450000,161
4706,Mid-Market,1,2026-02-03,Tools Training,Tools Training,450000,111
4707,Mid-Market,1,2025-07-18,Soft Skills,Product Knowledge,450000,148
4708,Mid-Market,1,2025-10-22,Sales Skills,Soft Skills,450000,119
4709,Mid-Market,1,2026-02-03,Product Knowledge,Tools Training,450000,107
4710,Mid-Market,1,2026-02-02,Soft Skills,Sales Skills,450000,155
4711,Mid-Market,1,2025-10-21,Product Knowledge,Tools Training,450000,164
4712,Mid-Market,1,2025-07-16,Sales Skills,Soft Skills,450000,179
4713,Mid-Market,1,2026-04-14,Sales Skills,Product Knowledge,450000,143
4714,Mid-Market,1,2025-07-10,Soft Skills,Sales Skills,450000,135
4715,Mid-Market,1,2026-03-29,Tools Training,Tools Training,450000,126
4716,Mid-Market,1,2025-09-04,Soft Skills,Product Knowledge,450000,163
4717,Mid-Market,1,2026-01-09,Sales Skills,Soft Skills,450000,140
4718,Mid-Market,1,2026-01-06,Tools Training,Sales Skills,450000,60
4719,Mid-Market,1,2025-06-04,Soft Skills,Product Knowledge,450000,126
4720,Mid-Market,1,2026-01-27,Soft Skills,Sales Skills,450000,60
4721,Mid-Market,1,2026-03-11,Soft Skills,Soft Skills,450000,163
4722,Mid-Market,1,2025-11-22,Sales Skills,Soft Skills,450000,120
4723,Mid-Market,1,2025-08-22,Soft Skills,Soft Skills,450000,124
4724,Mid-Market,1,2025-10-03,Tools Training,Tools Training,450000,121
4725,Mid-Market,1,2025-08-03,Sales Skills,Sales Skills,450000,100
4726,Mid-Market,1,2025-12-06,Soft Skills,Product Knowledge,450000,114
4727,Mid-Market,1,2026-04-16,Sales Skills,Product Knowledge,450000,73
4728,Mid-Market,1,2026-04-21,Product Knowledge,Soft Skills,450000,156
4729,Mid-Market,1,2026-04-09,Product Knowledge,Soft Skills,450000,124
4730,Mid-Market,1,2026-04-05,Sales Skills,Tools Training,450000,144
4731,Mid-Market,1,2025-10-22,Soft Skills,Sales Skills,450000,89
4732,Mid-Market,1,2025-06-02,Soft Skills,Product Knowledge,450000,151
4733,Mid-Market,1,2026-04-10,Tools Training,Tools Training,450000,102
4734,Mid-Market,1,2025-12-03,Tools Training,Tools Training,450000,92
4735,Mid-Market,1,2025-07-21,Tools Training,Tools Training,450000,98
4736,Mid-Market,1,2026-01-22,Sales Skills,Soft Skills,450000,125
4737,Mid-Market,1,2025-12-19,Sales Skills,Soft Skills,450000,155
4738,Mid-Market,1,2025-08-03,Product Knowledge,Soft Skills,450000,134
4739,Mid-Market,1,2025-06-03,Tools Training,Product Knowledge,450000,113
4740,Mid-Market,1,2026-01-03,Sales Skills,Sales Skills,450000,89
4741,Mid-Market,1,2025-10-08,Product Knowledge,Sales Skills,450000,203
4742,Mid-Market,1,2025-10-31,Sales Skills,Tools Training,450000,118
4743,Mid-Market,1,2025-07-17,Tools Training,Product Knowledge,450000,80
4744,Mid-Market,1,2025-10-31,Sales Skills,Sales Skills,450000,138
4745,Mid-Market,1,2025-07-30,Product Knowledge,Soft Skills,450000,176
4746,Mid-Market,1,2026-04-05,Soft Skills,Sales Skills,450000,113
4747,Mid-Market,1,2025-08-19,Sales Skills,Sales Skills,450000,169
4748,Mid-Market,1,2025-08-16,Soft Skills,Sales Skills,450000,119
4749,Mid-Market,1,2026-04-09,Soft Skills,Soft Skills,450000,113
4750,Mid-Market,1,2025-07-03,Soft Skills,Soft Skills,450000,117
4751,Mid-Market,1,2025-08-28,Sales Skills,Soft Skills,450000,112
4752,Mid-Market,1,2025-12-05,Product Knowledge,Tools Training,450000,88
4753,Mid-Market,1,2025-11-06,Sales Skills,Tools Training,450000,126
4754,Mid-Market,1,2025-08-27,Tools Training,Sales Skills,450000,150
4755,Mid-Market,1,2025-11-10,Soft Skills,Tools Training,450000,114
4756,Mid-Market,1,2025-12-06,Product Knowledge,Soft Skills,450000,82
4757,Mid-Market,1,2025-11-26,Soft Skills,Tools Training,450000,104
4758,Mid-Market,1,2025-12-13,Product Knowledge,Sales Skills,450000,106
4759,Mid-Market,1,2025-11-05,Tools Training,Product Knowledge,450000,115
4760,Mid-Market,1,2026-04-17,Sales Skills,Sales Skills,450000,95
4761,Mid-Market,1,2025-07-28,Sales Skills,Soft Skills,450000,155
4762,Mid-Market,1,2026-01-12,Sales Skills,Soft Skills,450000,154
4763,Mid-Market,1,2025-11-05,Sales Skills,Sales Skills,450000,179
4764,Mid-Market,1,2025-12-06,Soft Skills,Product Knowledge,450000,99
4765,Mid-Market,1,2025-07-29,Soft Skills,Soft Skills,450000,122
4766,Mid-Market,1,2026-04-19,Product Knowledge,Product Knowledge,450000,88
4767,Mid-Market,1,2025-10-16,Soft Skills,Tools Training,450000,105
4768,Mid-Market,1,2025-11-07,Soft Skills,Sales Skills,450000,152
4769,Mid-Market,1,2025-08-13,Tools Training,Sales Skills,450000,150
4770,Mid-Market,1,2026-02-19,Tools Training,Tools Training,450000,196
4771,Mid-Market,1,2025-09-11,Soft Skills,Soft Skills,450000,114
4772,Mid-Market,1,2025-10-29,Product Knowledge,Sales Skills,450000,169
4773,Mid-Market,1,2025-08-24,Soft Skills,Sales Skills,450000,146
4774,Mid-Market,1,2026-01-08,Soft Skills,Product Knowledge,450000,104
4775,Mid-Market,1,2026-03-25,Soft Skills,Tools Training,450000,117
4776,Mid-Market,1,2025-09-04,Tools Training,Product Knowledge,450000,133
4777,Mid-Market,1,2025-11-14,Product Knowledge,Product Knowledge,450000,142
4778,Mid-Market,1,2025-06-04,Tools Training,Product Knowledge,450000,108
4779,Mid-Market,1,2025-11-27,Product Knowledge,Product Knowledge,450000,135
4780,Mid-Market,1,2025-11-28,Soft Skills,Soft Skills,450000,151
4781,Mid-Market,1,2026-02-15,Tools Training,Sales Skills,450000,152
4782,Mid-Market,1,2025-11-05,Tools Training,Soft Skills,450000,132
4783,Mid-Market,1,2026-02-05,Sales Skills,Product Knowledge,450000,140
4784,Mid-Market,1,2025-11-01,Tools Training,Product Knowledge,450000,64
4785,Mid-Market,1,2026-04-17,Tools Training,Product Knowledge,450000,164
4786,Mid-Market,1,2025-06-16,Soft Skills,Sales Skills,450000,69
4787,Mid-Market,1,2025-10-23,Soft Skills,Sales Skills,450000,141
4788,Mid-Market,1,2025-11-20,Soft Skills,Soft Skills,450000,149
4789,Mid-Market,1,2025-11-29,Sales Skills,Product Knowledge,450000,163
4790,Mid-Market,1,2026-03-31,Product Knowledge,Soft Skills,450000,139
4791,Mid-Market,1,2025-12-07,Soft Skills,Soft Skills,450000,79
4792,Mid-Market,1,2025-07-23,Tools Training,Soft Skills,450000,97
4793,Mid-Market,1,2025-12-23,Product Knowledge,Sales Skills,450000,153
4794,Mid-Market,1,2025-11-09,Soft Skills,Sales Skills,450000,136
4795,Mid-Market,1,2025-12-16,Tools Training,Sales Skills,450000,182
4796,Mid-Market,1,2026-02-01,Tools Training,Tools Training,450000,103
4797,Mid-Market,1,2025-10-20,Soft Skills,Soft Skills,450000,119
4798,Mid-Market,1,2025-08-10,Product Knowledge,Tools Training,450000,81
4799,Mid-Market,1,2026-04-06,Sales Skills,Soft Skills,450000,135
4800,Mid-Market,1,2025-09-08,Tools Training,Tools Training,450000,184
4801,Mid-Market,1,2025-07-29,Sales Skills,Soft Skills,450000,122
4802,Mid-Market,1,2025-11-23,Product Knowledge,Soft Skills,450000,168
4803,Mid-Market,1,2025-12-02,Product Knowledge,Product Knowledge,450000,142
4804,Mid-Market,1,2025-07-30,Soft Skills,Tools Training,450000,135
4805,Mid-Market,1,2025-09-13,Tools Training,Sales Skills,450000,135
4806,Mid-Market,1,2026-04-05,Product Knowledge,Soft Skills,450000,136
4807,Mid-Market,1,2025-09-20,Sales Skills,Product Knowledge,450000,146
4808,Mid-Market,1,2025-11-06,Soft Skills,Tools Training,450000,114
4809,Mid-Market,1,2025-07-30,Soft Skills,Soft Skills,450000,143
4810,Mid-Market,1,2026-04-23,Sales Skills,Product Knowledge,450000,176
4811,Mid-Market,1,2025-06-09,Tools Training,Product Knowledge,450000,115
4812,Mid-Market,1,2025-07-22,Product Knowledge,Soft Skills,450000,163
4813,Mid-Market,1,2025-07-16,Product Knowledge,Soft Skills,450000,109
4814,Mid-Market,1,2026-01-17,Sales Skills,Soft Skills,450000,104
4815,Mid-Market,1,2025-10-25,Sales Skills,Product Knowledge,450000,136
4816,Mid-Market,1,2025-06-30,Sales Skills,Tools Training,450000,78
4817,Mid-Market,1,2025-12-07,Product Knowledge,Soft Skills,450000,113
4818,Mid-Market,1,2025-07-17,Product Knowledge,Soft Skills,450000,151
4819,Mid-Market,1,2025-06-09,Soft Skills,Tools Training,450000,112
4820,Mid-Market,1,2025-10-20,Sales Skills,Soft Skills,450000,149
4821,Mid-Market,1,2026-01-12,Product Knowledge,Sales Skills,450000,118
4822,Mid-Market,1,2026-01-06,Product Knowledge,Tools Training,450000,113
4823,Mid-Market,1,2026-04-05,Soft Skills,Product Knowledge,450000,96
4824,Mid-Market,1,2025-10-14,Sales Skills,Sales Skills,450000,136
4825,Mid-Market,1,2026-02-05,Sales Skills,Tools Training,450000,76
4826,Mid-Market,1,2026-02-17,Tools Training,Soft Skills,450000,118
4827,Mid-Market,1,2025-07-21,Soft Skills,Tools Training,450000,119
4828,Mid-Market,1,2025-08-14,Sales Skills,Sales Skills,450000,101
4829,Mid-Market,1,2026-04-23,Product Knowledge,Sales Skills,450000,151
4830,Mid-Market,1,2026-01-02,Soft Skills,Tools Training,450000,139
4831,Mid-Market,1,2026-04-24,Product Knowledge,Product Knowledge,450000,115
4832,Mid-Market,1,2025-11-25,Product Knowledge,Soft Skills,450000,146
4833,Mid-Market,1,2025-10-19,Sales Skills,Sales Skills,450000,130
4834,Mid-Market,1,2025-09-03,Product Knowledge,Product Knowledge,450000,169
4835,Mid-Market,1,2025-08-29,Tools Training,Sales Skills,450000,136
4836,Mid-Market,1,2026-02-27,Tools Training,Product Knowledge,450000,124
4837,Mid-Market,1,2025-07-30,Sales Skills,Soft Skills,450000,115
4838,Mid-Market,1,2026-01-13,Sales Skills,Product Knowledge,450000,142
4839,Mid-Market,1,2025-12-21,Product Knowledge,Soft Skills,450000,121
4840,Mid-Market,1,2025-12-24,Sales Skills,Sales Skills,450000,106
4841,Mid-Market,1,2025-10-09,Product Knowledge,Soft Skills,450000,184
4842,Mid-Market,1,2025-10-17,Product Knowledge,Tools Training,450000,129
4843,Mid-Market,1,2025-11-20,Tools Training,Sales Skills,450000,159
4844,Mid-Market,1,2025-11-26,Product Knowledge,Soft Skills,450000,104
4845,Mid-Market,1,2026-04-03,Soft Skills,Tools Training,450000,142
4846,Mid-Market,1,2025-10-18,Tools Training,Product Knowledge,450000,113
4847,Mid-Market,1,2026-03-29,Tools Training,Product Knowledge,450000,154
4848,Mid-Market,1,2026-03-18,Soft Skills,Sales Skills,450000,114
4849,Mid-Market,1,2025-08-14,Tools Training,Soft Skills,450000,113
4850,Mid-Market,1,2025-07-30,Tools Training,Tools Training,450000,136
4851,Mid-Market,1,2025-10-22,Tools Training,Product Knowledge,450000,148
4852,Mid-Market,1,2025-06-03,Soft Skills,Sales Skills,450000,149
4853,Mid-Market,1,2025-07-22,Product Knowledge,Sales Skills,450000,127
4854,Mid-Market,1,2026-02-16,Tools Training,Tools Training,450000,117
4855,Mid-Market,1,2025-11-10,Product Knowledge,Sales Skills,450000,114
4856,Mid-Market,1,2026-01-05,Tools Training,Tools Training,450000,149
4857,Mid-Market,1,2025-08-08,Soft Skills,Product Knowledge,450000,153
4858,Mid-Market,1,2025-08-31,Soft Skills,Sales Skills,450000,119
4859,Mid-Market,1,2025-06-01,Tools Training,Sales Skills,450000,138
4860,Mid-Market,1,2026-01-01,Product Knowledge,Product Knowledge,450000,167
4861,Mid-Market,1,2026-04-06,Tools Training,Sales Skills,450000,120
4862,Mid-Market,1,2025-12-02,Sales Skills,Product Knowledge,450000,114
4863,Mid-Market,1,2026-03-08,Product Knowledge,Tools Training,450000,78
4864,Mid-Market,1,2025-09-08,Tools Training,Tools Training,450000,136
4865,Mid-Market,1,2025-10-15,Soft Skills,Product Knowledge,450000,130
4866,Mid-Market,1,2025-09-19,Soft Skills,Sales Skills,450000,121
4867,Mid-Market,1,2026-04-12,Soft Skills,Product Knowledge,450000,107
4868,Mid-Market,1,2025-07-12,Product Knowledge,Sales Skills,450000,153
4869,Mid-Market,1,2025-07-06,Tools Training,Soft Skills,450000,125
4870,Mid-Market,1,2026-03-22,Product Knowledge,Tools Training,450000,125
4871,Mid-Market,1,2025-12-01,Product Knowledge,Product Knowledge,450000,165
4872,Mid-Market,1,2025-12-28,Soft Skills,Product Knowledge,450000,122
4873,Mid-Market,1,2026-02-14,Tools Training,Tools Training,450000,188
4874,Mid-Market,1,2026-01-21,Soft Skills,Product Knowledge,450000,95
4875,Mid-Market,1,2026-02-06,Product Knowledge,Product Knowledge,450000,113
4876,Mid-Market,1,2026-02-21,Sales Skills,Product Knowledge,450000,182
4877,Mid-Market,1,2026-02-23,Product Knowledge,Sales Skills,450000,160
4878,Mid-Market,1,2025-06-13,Product Knowledge,Tools Training,450000,106
4879,Mid-Market,1,2025-12-18,Product Knowledge,Sales Skills,450000,91
4880,Mid-Market,1,2025-12-20,Sales Skills,Sales Skills,450000,188
4881,Mid-Market,1,2025-08-23,Soft Skills,Sales Skills,450000,150
4882,Mid-Market,1,2025-12-16,Tools Training,Tools Training,450000,156
4883,Mid-Market,1,2025-08-27,Tools Training,Product Knowledge,450000,80
4884,Mid-Market,1,2026-03-14,Product Knowledge,Product Knowledge,450000,147
4885,Mid-Market,1,2025-08-31,Tools Training,Tools Training,450000,76
4886,Mid-Market,1,2025-08-03,Soft Skills,Product Knowledge,450000,168
4887,Mid-Market,1,2026-02-28,Product Knowledge,Sales Skills,450000,82
4888,Mid-Market,1,2025-08-29,Sales Skills,Product Knowledge,450000,165
4889,Mid-Market,1,2026-03-23,Soft Skills,Soft Skills,450000,119
4890,Mid-Market,1,2026-01-15,Product Knowledge,Tools Training,450000,109
4891,Mid-Market,1,2026-02-12,Tools Training,Tools Training,450000,72
4892,Mid-Market,1,2025-12-22,Soft Skills,Tools Training,450000,89
4893,Mid-Market,1,2026-02-04,Product Knowledge,Sales Skills,450000,129
4894,Mid-Market,1,2026-03-12,Tools Training,Tools Training,450000,153
4895,Mid-Market,1,2025-12-22,Soft Skills,Sales Skills,450000,150
4896,Mid-Market,1,2025-11-30,Sales Skills,Tools Training,450000,168
4897,Mid-Market,1,2025-10-27,Product Knowledge,Soft Skills,450000,78
4898,Mid-Market,1,2025-11-16,Tools Training,Sales Skills,450000,148
4899,Mid-Market,1,2025-12-23,Sales Skills,Soft Skills,450000,89
4900,Mid-Market,1,2025-08-28,Soft Skills,Sales Skills,450000,126
4901,Mid-Market,1,2025-08-26,Sales Skills,Tools Training,450000,132
4902,Mid-Market,1,2026-04-23,Product Knowledge,Product Knowledge,450000,134
4903,Mid-Market,1,2026-04-27,Product Knowledge,Sales Skills,450000,157
4904,Mid-Market,1,2026-03-11,Product Knowledge,Tools Training,450000,127
4905,Mid-Market,1,2026-04-29,Tools Training,Sales Skills,450000,71
4906,Mid-Market,1,2025-10-22,Soft Skills,Tools Training,450000,142
4907,Mid-Market,1,2026-04-13,Sales Skills,Soft Skills,450000,67
4908,Mid-Market,1,2025-10-03,Sales Skills,Product Knowledge,450000,120
4909,Mid-Market,1,2026-03-20,Soft Skills,Sales Skills,450000,133
4910,Mid-Market,1,2025-12-12,Soft Skills,Soft Skills,450000,127
4911,Mid-Market,1,2025-05-31,Product Knowledge,Soft Skills,450000,141
4912,Mid-Market,1,2025-07-12,Product Knowledge,Tools Training,450000,190
4913,Mid-Market,1,2026-04-14,Tools Training,Sales Skills,450000,157
4914,Mid-Market,1,2025-11-23,Soft Skills,Sales Skills,450000,144
4915,Mid-Market,1,2025-07-26,Tools Training,Tools Training,450000,142
4916,Mid-Market,1,2025-09-25,Soft Skills,Sales Skills,450000,74
4917,Mid-Market,1,2026-02-15,Sales Skills,Soft Skills,450000,171
4918,Mid-Market,1,2026-02-24,Sales Skills,Product Knowledge,450000,114
4919,Mid-Market,1,2025-07-01,Product Knowledge,Product Knowledge,450000,100
4920,Mid-Market,1,2025-09-24,Sales Skills,Sales Skills,450000,133
4921,Mid-Market,1,2026-01-25,Soft Skills,Product Knowledge,450000,97
4922,Mid-Market,1,2025-11-20,Tools Training,Soft Skills,450000,160
4923,Mid-Market,1,2026-02-14,Product Knowledge,Tools Training,450000,130
4924,Mid-Market,1,2026-03-25,Soft Skills,Product Knowledge,450000,139
4925,Mid-Market,1,2025-11-14,Product Knowledge,Sales Skills,450000,138
4926,Mid-Market,1,2025-11-23,Product Knowledge,Product Knowledge,450000,88
4927,Mid-Market,1,2026-01-21,Sales Skills,Sales Skills,450000,119
4928,Mid-Market,1,2026-01-24,Product Knowledge,Product Knowledge,450000,151
4929,Mid-Market,1,2026-02-22,Soft Skills,Soft Skills,450000,60
4930,Mid-Market,1,2025-11-29,Tools Training,Soft Skills,450000,121
4931,Mid-Market,1,2026-04-15,Soft Skills,Product Knowledge,450000,118
4932,Mid-Market,1,2026-02-05,Soft Skills,Sales Skills,450000,74
4933,Mid-Market,1,2025-06-10,Product Knowledge,Product Knowledge,450000,129
4934,Mid-Market,1,2025-12-25,Sales Skills,Soft Skills,450000,128
4935,Mid-Market,1,2026-02-10,Product Knowledge,Sales Skills,450000,125
4936,Mid-Market,1,2026-02-07,Sales Skills,Soft Skills,450000,122
4937,Mid-Market,1,2026-04-28,Tools Training,Soft Skills,450000,121
4938,Mid-Market,1,2026-02-07,Product Knowledge,Sales Skills,450000,118
4939,Mid-Market,1,2025-09-21,Product Knowledge,Product Knowledge,450000,128
4940,Mid-Market,1,2026-01-05,Soft Skills,Sales Skills,450000,126
4941,Mid-Market,1,2026-02-26,Tools Training,Tools Training,450000,172
4942,Mid-Market,1,2025-06-01,Sales Skills,Soft Skills,450000,103
4943,Mid-Market,1,2025-06-09,Sales Skills,Sales Skills,450000,102
4944,Mid-Market,1,2026-04-18,Sales Skills,Product Knowledge,450000,135
4945,Mid-Market,1,2025-12-12,Product Knowledge,Product Knowledge,450000,113
4946,Mid-Market,1,2025-10-13,Tools Training,Soft Skills,450000,143
4947,Mid-Market,1,2026-04-28,Sales Skills,Soft Skills,450000,142
4948,Mid-Market,1,2025-09-24,Product Knowledge,Tools Training,450000,144
4949,Mid-Market,1,2026-01-15,Sales Skills,Soft Skills,450000,103
4950,Mid-Market,1,2025-08-21,Tools Training,Product Knowledge,450000,93
4951,Mid-Market,1,2026-01-15,Tools Training,Sales Skills,450000,167
4952,Mid-Market,1,2025-08-12,Sales Skills,Tools Training,450000,113
4953,Mid-Market,1,2025-10-22,Sales Skills,Soft Skills,450000,137
4954,Mid-Market,1,2026-03-22,Product Knowledge,Product Knowledge,450000,147
4955,Mid-Market,1,2025-12-30,Soft Skills,Soft Skills,450000,60
4956,Mid-Market,1,2026-03-12,Soft Skills,Sales Skills,450000,133
4957,Mid-Market,1,2025-06-13,Soft Skills,Sales Skills,450000,141
4958,Mid-Market,1,2025-09-24,Tools Training,Tools Training,450000,124
4959,Mid-Market,1,2025-06-29,Tools Training,Soft Skills,450000,149
4960,Mid-Market,1,2025-10-23,Soft Skills,Tools Training,450000,136
4961,Mid-Market,1,2026-02-08,Tools Training,Sales Skills,450000,181
4962,Mid-Market,1,2025-06-19,Product Knowledge,Product Knowledge,450000,190
4963,Mid-Market,1,2026-03-25,Product Knowledge,Sales Skills,450000,111
4964,Mid-Market,1,2026-01-13,Tools Training,Sales Skills,450000,112
4965,Mid-Market,1,2025-11-01,Soft Skills,Product Knowledge,450000,149
4966,Mid-Market,1,2026-02-26,Soft Skills,Product Knowledge,450000,135
4967,Mid-Market,1,2025-06-27,Sales Skills,Sales Skills,450000,153
4968,Mid-Market,1,2026-01-11,Sales Skills,Sales Skills,450000,157
4969,Mid-Market,1,2026-04-06,Sales Skills,Product Knowledge,450000,181
4970,Mid-Market,1,2025-11-16,Soft Skills,Sales Skills,450000,115
4971,Mid-Market,1,2025-09-27,Soft Skills,Tools Training,450000,149
4972,Mid-Market,1,2026-01-06,Sales Skills,Soft Skills,450000,89
4973,Mid-Market,1,2025-08-28,Soft Skills,Tools Training,450000,81
4974,Mid-Market,1,2025-09-10,Soft Skills,Product Knowledge,450000,137
4975,Mid-Market,1,2025-10-22,Product Knowledge,Soft Skills,450000,144
4976,Mid-Market,1,2025-07-25,Sales Skills,Sales Skills,450000,111
4977,Mid-Market,1,2026-04-14,Tools Training,Soft Skills,450000,133
4978,Mid-Market,1,2025-09-13,Tools Training,Soft Skills,450000,93
4979,Mid-Market,1,2025-11-03,Product Knowledge,Product Knowledge,450000,166
4980,Mid-Market,1,2026-01-12,Sales Skills,Product Knowledge,450000,120
4981,Mid-Market,1,2026-01-24,Sales Skills,Tools Training,450000,69
4982,Mid-Market,1,2026-02-27,Product Knowledge,Product Knowledge,450000,149
4983,Mid-Market,1,2025-12-20,Tools Training,Product Knowledge,450000,141
4984,Mid-Market,1,2025-10-14,Product Knowledge,Product Knowledge,450000,158
4985,Mid-Market,1,2026-04-29,Soft Skills,Tools Training,450000,130
4986,Mid-Market,1,2025-11-28,Product Knowledge,Tools Training,450000,95
4987,Mid-Market,1,2026-02-28,Tools Training,Product Knowledge,450000,98
4988,Mid-Market,1,2025-12-19,Sales Skills,Sales Skills,450000,91
4989,Mid-Market,1,2025-12-28,Tools Training,Tools Training,450000,86
4990,Mid-Market,1,2025-09-11,Product Knowledge,Product Knowledge,450000,104
4991,Mid-Market,1,2026-02-09,Tools Training,Soft Skills,450000,125
4992,Mid-Market,1,2026-03-06,Product Knowledge,Tools Training,450000,116
4993,Mid-Market,1,2026-04-04,Tools Training,Soft Skills,450000,145
4994,Mid-Market,1,2025-09-30,Product Knowledge,Product Knowledge,450000,108
4995,Mid-Market,1,2025-09-16,Soft Skills,Tools Training,450000,169
4996,Mid-Market,1,2025-10-08,Soft Skills,Sales Skills,450000,132
4997,Mid-Market,1,2025-08-15,Tools Training,Tools Training,450000,129
4998,Mid-Market,1,2025-11-15,Sales Skills,Product Knowledge,450000,125
4999,Mid-Market,1,2025-07-24,Tools Training,Sales Skills,450000,86
5000,Mid-Market,1,2025-10-21,Tools Training,Tools Training,450000,104
5001,Mid-Market,1,2026-02-11,Sales Skills,Product Knowledge,450000,135
5002,Mid-Market,1,2025-06-17,Tools Training,Product Knowledge,450000,151
5003,Mid-Market,1,2025-08-22,Product Knowledge,Soft Skills,450000,119
5004,Mid-Market,1,2025-07-17,Tools Training,Product Knowledge,450000,124
5005,Mid-Market,1,2025-11-06,Sales Skills,Sales Skills,450000,105
5006,Mid-Market,1,2025-11-08,Product Knowledge,Tools Training,450000,93
5007,Mid-Market,1,2025-10-04,Sales Skills,Sales Skills,450000,79
5008,Mid-Market,1,2025-11-08,Tools Training,Soft Skills,450000,83
5009,Mid-Market,1,2026-02-05,Product Knowledge,Product Knowledge,450000,134
5010,Mid-Market,1,2025-07-16,Product Knowledge,Product Knowledge,450000,147
5011,Mid-Market,1,2025-07-22,Sales Skills,Sales Skills,450000,132
5012,Mid-Market,1,2025-09-19,Soft Skills,Tools Training,450000,102
5013,Mid-Market,1,2025-06-06,Tools Training,Sales Skills,450000,147
5014,Mid-Market,1,2026-04-04,Product Knowledge,Product Knowledge,450000,60
5015,Mid-Market,1,2026-04-19,Product Knowledge,Sales Skills,450000,154
5016,Mid-Market,1,2026-02-02,Sales Skills,Sales Skills,450000,103
5017,Mid-Market,1,2025-11-25,Product Knowledge,Sales Skills,450000,145
5018,Mid-Market,1,2025-12-08,Product Knowledge,Product Knowledge,450000,134
5019,Mid-Market,1,2025-12-09,Sales Skills,Sales Skills,450000,77
5020,Mid-Market,1,2025-11-26,Soft Skills,Tools Training,450000,155
5021,Mid-Market,1,2025-11-27,Soft Skills,Product Knowledge,450000,130
5022,Mid-Market,1,2025-08-14,Tools Training,Soft Skills,450000,133
5023,Mid-Market,1,2025-10-15,Soft Skills,Sales Skills,450000,144
5024,Mid-Market,1,2025-11-10,Sales Skills,Soft Skills,450000,105
5025,Mid-Market,1,2025-11-02,Product Knowledge,Product Knowledge,450000,90
5026,Mid-Market,1,2026-02-07,Sales Skills,Tools Training,450000,170
5027,Mid-Market,1,2026-01-08,Soft Skills,Soft Skills,450000,168
5028,Mid-Market,1,2026-03-28,Soft Skills,Tools Training,450000,121
5029,Mid-Market,1,2026-04-27,Product Knowledge,Sales Skills,450000,60
5030,Mid-Market,1,2025-06-27,Sales Skills,Sales Skills,450000,108
5031,Mid-Market,1,2026-01-23,Product Knowledge,Soft Skills,450000,117
5032,Mid-Market,1,2026-02-03,Sales Skills,Soft Skills,450000,117
5033,Mid-Market,1,2025-12-13,Sales Skills,Soft Skills,450000,126
5034,Mid-Market,1,2026-04-09,Tools Training,Soft Skills,450000,135
5035,Mid-Market,1,2025-08-08,Sales Skills,Product Knowledge,450000,96
5036,Mid-Market,1,2026-04-29,Sales Skills,Sales Skills,450000,104
5037,Mid-Market,1,2025-07-11,Tools Training,Soft Skills,450000,124
5038,Mid-Market,1,2026-02-05,Soft Skills,Tools Training,450000,174
5039,Mid-Market,1,2025-09-06,Sales Skills,Sales Skills,450000,115
5040,Mid-Market,1,2025-09-26,Tools Training,Sales Skills,450000,115
5041,Mid-Market,1,2025-11-12,Soft Skills,Soft Skills,450000,136
5042,Mid-Market,1,2026-01-24,Sales Skills,Product Knowledge,450000,127
5043,Mid-Market,1,2026-01-07,Product Knowledge,Product Knowledge,450000,147
5044,Mid-Market,1,2025-06-14,Soft Skills,Product Knowledge,450000,95
5045,Mid-Market,1,2025-11-21,Sales Skills,Sales Skills,450000,131
5046,Mid-Market,1,2025-09-19,Product Knowledge,Tools Training,450000,131
5047,Mid-Market,1,2025-06-26,Tools Training,Soft Skills,450000,169
5048,Mid-Market,1,2025-12-26,Soft Skills,Tools Training,450000,106
5049,Mid-Market,1,2025-12-01,Sales Skills,Sales Skills,450000,154
5050,Mid-Market,1,2025-12-31,Sales Skills,Tools Training,450000,113
5051,Mid-Market,1,2025-10-31,Sales Skills,Sales Skills,450000,159
5052,Mid-Market,1,2025-08-19,Product Knowledge,Soft Skills,450000,184
5053,Mid-Market,1,2026-03-26,Sales Skills,Sales Skills,450000,154
5054,Mid-Market,1,2025-08-23,Product Knowledge,Sales Skills,450000,104
5055,Mid-Market,1,2025-11-18,Sales Skills,Product Knowledge,450000,109
5056,Mid-Market,1,2025-09-03,Sales Skills,Soft Skills,450000,166
5057,Mid-Market,1,2025-07-26,Product Knowledge,Tools Training,450000,95
5058,Mid-Market,1,2025-07-04,Tools Training,Product Knowledge,450000,138
5059,Mid-Market,1,2025-09-22,Sales Skills,Product Knowledge,450000,126
5060,Mid-Market,1,2025-09-14,Sales Skills,Tools Training,450000,133
5061,Mid-Market,1,2025-07-03,Tools Training,Product Knowledge,450000,124
5062,Mid-Market,1,2025-12-15,Sales Skills,Product Knowledge,450000,94
5063,Mid-Market,1,2025-08-19,Tools Training,Soft Skills,450000,140
5064,Mid-Market,1,2025-07-02,Soft Skills,Product Knowledge,450000,110
5065,Mid-Market,1,2025-07-01,Tools Training,Sales Skills,450000,139
5066,Mid-Market,1,2025-08-27,Sales Skills,Tools Training,450000,98
5067,Mid-Market,1,2026-03-10,Soft Skills,Product Knowledge,450000,127
5068,Mid-Market,1,2025-10-08,Sales Skills,Sales Skills,450000,106
5069,Mid-Market,1,2026-03-20,Sales Skills,Tools Training,450000,126
5070,Mid-Market,1,2026-01-30,Product Knowledge,Sales Skills,450000,111
5071,Mid-Market,1,2025-10-10,Tools Training,Tools Training,450000,97
5072,Mid-Market,1,2026-01-15,Tools Training,Product Knowledge,450000,106
5073,Mid-Market,1,2026-03-01,Sales Skills,Tools Training,450000,171
5074,Mid-Market,1,2025-10-15,Tools Training,Tools Training,450000,139
5075,Mid-Market,1,2025-08-10,Product Knowledge,Sales Skills,450000,115
5076,Mid-Market,1,2025-12-06,Product Knowledge,Product Knowledge,450000,200
5077,Mid-Market,1,2025-10-12,Soft Skills,Sales Skills,450000,118
5078,Mid-Market,1,2025-05-30,Tools Training,Sales Skills,450000,108
5079,Mid-Market,1,2026-01-09,Sales Skills,Sales Skills,450000,138
5080,Mid-Market,1,2025-09-14,Sales Skills,Sales Skills,450000,139
5081,Mid-Market,1,2025-06-26,Product Knowledge,Soft Skills,450000,159
5082,Mid-Market,1,2025-08-16,Sales Skills,Soft Skills,450000,160
5083,Mid-Market,1,2025-11-16,Soft Skills,Soft Skills,450000,177
5084,Mid-Market,1,2026-04-18,Soft Skills,Sales Skills,450000,89
5085,Mid-Market,1,2025-12-16,Tools Training,Sales Skills,450000,98
5086,Mid-Market,1,2025-10-25,Tools Training,Sales Skills,450000,87
5087,Mid-Market,1,2026-04-08,Product Knowledge,Product Knowledge,450000,109
5088,Mid-Market,1,2025-08-27,Product Knowledge,Sales Skills,450000,62
5089,Mid-Market,1,2025-11-23,Product Knowledge,Product Knowledge,450000,122
5090,Mid-Market,1,2025-07-01,Sales Skills,Soft Skills,450000,170
5091,Mid-Market,1,2025-11-30,Tools Training,Sales Skills,450000,133
5092,Mid-Market,1,2026-03-10,Tools Training,Product Knowledge,450000,80
5093,Mid-Market,1,2025-06-19,Product Knowledge,Sales Skills,450000,67
5094,Mid-Market,1,2026-03-12,Product Knowledge,Sales Skills,450000,107
5095,Mid-Market,1,2026-01-02,Tools Training,Product Knowledge,450000,123
5096,Mid-Market,1,2025-12-22,Sales Skills,Tools Training,450000,141
5097,Mid-Market,1,2026-04-03,Sales Skills,Sales Skills,450000,106
5098,Mid-Market,1,2026-04-13,Sales Skills,Product Knowledge,450000,178
5099,Mid-Market,1,2026-01-19,Tools Training,Soft Skills,450000,109
5100,Mid-Market,1,2026-04-01,Product Knowledge,Tools Training,450000,139
5101,Mid-Market,1,2026-03-07,Sales Skills,Product Knowledge,450000,172
5102,Mid-Market,1,2026-03-30,Soft Skills,Sales Skills,450000,121
5103,Mid-Market,1,2025-10-23,Product Knowledge,Soft Skills,450000,139
5104,Mid-Market,1,2026-04-07,Soft Skills,Sales Skills,450000,60
5105,Mid-Market,1,2026-01-10,Soft Skills,Product Knowledge,450000,144
5106,Mid-Market,1,2025-10-26,Product Knowledge,Product Knowledge,450000,130
5107,Mid-Market,1,2026-03-09,Tools Training,Soft Skills,450000,102
5108,Mid-Market,1,2026-01-11,Tools Training,Product Knowledge,450000,118
5109,Mid-Market,1,2026-01-25,Soft Skills,Tools Training,450000,169
5110,Mid-Market,1,2025-10-06,Product Knowledge,Tools Training,450000,68
5111,Mid-Market,1,2025-11-02,Sales Skills,Tools Training,450000,167
5112,Mid-Market,1,2026-02-16,Soft Skills,Tools Training,450000,60
5113,Mid-Market,1,2025-11-02,Sales Skills,Tools Training,450000,77
5114,Mid-Market,1,2025-06-25,Tools Training,Product Knowledge,450000,114
5115,Mid-Market,1,2025-08-05,Tools Training,Tools Training,450000,82
5116,Mid-Market,1,2026-01-28,Sales Skills,Tools Training,450000,128
5117,Mid-Market,1,2026-01-13,Tools Training,Tools Training,450000,95
5118,Mid-Market,1,2025-12-05,Product Knowledge,Sales Skills,450000,108
5119,Mid-Market,1,2025-12-31,Sales Skills,Tools Training,450000,168
5120,Mid-Market,1,2026-03-30,Tools Training,Tools Training,450000,107
5121,Mid-Market,1,2026-04-03,Product Knowledge,Soft Skills,450000,117
5122,Mid-Market,1,2025-07-04,Tools Training,Tools Training,450000,150
5123,Mid-Market,1,2025-09-30,Product Knowledge,Soft Skills,450000,141
5124,Mid-Market,1,2026-04-26,Soft Skills,Product Knowledge,450000,181
5125,Mid-Market,1,2025-09-25,Sales Skills,Tools Training,450000,121
5126,Mid-Market,1,2026-02-01,Product Knowledge,Tools Training,450000,117
5127,Mid-Market,1,2026-02-08,Tools Training,Soft Skills,450000,132
5128,Mid-Market,1,2025-09-12,Soft Skills,Soft Skills,450000,185
5129,Mid-Market,1,2025-12-28,Soft Skills,Tools Training,450000,125
5130,Mid-Market,1,2025-10-05,Soft Skills,Product Knowledge,450000,98
5131,Mid-Market,1,2026-04-09,Tools Training,Product Knowledge,450000,116
5132,Mid-Market,1,2025-12-31,Sales Skills,Soft Skills,450000,141
5133,Mid-Market,1,2025-07-09,Sales Skills,Product Knowledge,450000,166
5134,Mid-Market,1,2025-06-14,Soft Skills,Product Knowledge,450000,178
5135,Mid-Market,1,2025-11-01,Product Knowledge,Soft Skills,450000,139
5136,Mid-Market,1,2026-04-20,Sales Skills,Product Knowledge,450000,127
5137,Mid-Market,1,2025-09-23,Product Knowledge,Product Knowledge,450000,168
5138,Mid-Market,1,2025-09-21,Tools Training,Sales Skills,450000,83
5139,Mid-Market,1,2025-12-18,Tools Training,Soft Skills,450000,144
5140,Mid-Market,1,2025-06-26,Product Knowledge,Tools Training,450000,122
5141,Mid-Market,1,2025-09-26,Soft Skills,Sales Skills,450000,189
5142,Mid-Market,1,2026-01-31,Product Knowledge,Soft Skills,450000,135
5143,Mid-Market,1,2026-01-01,Soft Skills,Soft Skills,450000,68
5144,Mid-Market,1,2026-03-05,Tools Training,Sales Skills,450000,138
5145,Mid-Market,1,2025-09-22,Sales Skills,Product Knowledge,450000,152
5146,Mid-Market,1,2026-03-17,Tools Training,Soft Skills,450000,144
5147,Mid-Market,1,2026-03-10,Sales Skills,Soft Skills,450000,84
5148,Mid-Market,1,2025-12-28,Sales Skills,Soft Skills,450000,130
5149,Mid-Market,1,2026-02-19,Soft Skills,Sales Skills,450000,135
5150,Mid-Market,1,2025-08-22,Tools Training,Product Knowledge,450000,155
5151,Mid-Market,1,2026-02-10,Product Knowledge,Product Knowledge,450000,112
5152,Mid-Market,1,2026-01-01,Tools Training,Product Knowledge,450000,140
5153,Mid-Market,1,2025-10-21,Tools Training,Sales Skills,450000,147
5154,Mid-Market,1,2025-08-16,Sales Skills,Product Knowledge,450000,165
5155,Mid-Market,1,2025-09-22,Product Knowledge,Sales Skills,450000,165
5156,Mid-Market,1,2025-07-27,Sales Skills,Soft Skills,450000,149
5157,Mid-Market,1,2025-12-20,Tools Training,Soft Skills,450000,138
5158,Mid-Market,1,2025-09-27,Product Knowledge,Tools Training,450000,119
5159,Mid-Market,1,2025-08-02,Soft Skills,Tools Training,450000,125
5160,Mid-Market,1,2025-10-10,Product Knowledge,Tools Training,450000,120
5161,Mid-Market,1,2025-08-27,Soft Skills,Product Knowledge,450000,142
5162,Mid-Market,1,2025-08-13,Soft Skills,Sales Skills,450000,121
5163,Mid-Market,1,2025-06-20,Sales Skills,Tools Training,450000,133
5164,Mid-Market,1,2026-04-26,Product Knowledge,Sales Skills,450000,90
5165,Mid-Market,1,2025-09-06,Tools Training,Tools Training,450000,129
5166,Mid-Market,1,2025-06-30,Product Knowledge,Tools Training,450000,136
5167,Mid-Market,1,2025-10-20,Product Knowledge,Tools Training,450000,162
5168,Mid-Market,1,2026-01-10,Soft Skills,Product Knowledge,450000,133
5169,Mid-Market,1,2025-12-12,Sales Skills,Tools Training,450000,110
5170,Mid-Market,1,2026-02-15,Sales Skills,Sales Skills,450000,111
5171,Mid-Market,1,2025-08-17,Tools Training,Tools Training,450000,101
5172,Mid-Market,1,2026-01-08,Sales Skills,Soft Skills,450000,121
5173,Mid-Market,1,2025-12-05,Tools Training,Tools Training,450000,156
5174,Mid-Market,1,2025-08-08,Soft Skills,Product Knowledge,450000,138
5175,Mid-Market,1,2025-09-10,Tools Training,Sales Skills,450000,178
5176,Mid-Market,1,2025-11-11,Soft Skills,Product Knowledge,450000,98
5177,Mid-Market,1,2026-04-04,Tools Training,Product Knowledge,450000,129
5178,Mid-Market,1,2026-04-04,Tools Training,Soft Skills,450000,147
5179,Mid-Market,1,2026-03-01,Tools Training,Sales Skills,450000,150
5180,Mid-Market,1,2025-07-12,Soft Skills,Soft Skills,450000,107
5181,Mid-Market,1,2025-09-09,Tools Training,Product Knowledge,450000,160
5182,Mid-Market,1,2025-11-10,Tools Training,Soft Skills,450000,79
5183,Mid-Market,1,2025-12-15,Sales Skills,Sales Skills,450000,100
5184,Mid-Market,1,2025-09-14,Sales Skills,Tools Training,450000,173
5185,Mid-Market,1,2025-07-01,Product Knowledge,Soft Skills,450000,140
5186,Mid-Market,1,2025-06-26,Tools Training,Soft Skills,450000,155
5187,Mid-Market,1,2025-08-23,Tools Training,Product Knowledge,450000,124
5188,Mid-Market,1,2025-11-05,Sales Skills,Tools Training,450000,90
5189,Mid-Market,1,2025-12-20,Product Knowledge,Sales Skills,450000,132
5190,Mid-Market,1,2025-09-22,Product Knowledge,Product Knowledge,450000,115
5191,Mid-Market,1,2026-04-10,Soft Skills,Product Knowledge,450000,113
5192,Mid-Market,1,2025-10-18,Soft Skills,Product Knowledge,450000,69
5193,Mid-Market,1,2025-10-05,Sales Skills,Tools Training,450000,155
5194,Mid-Market,1,2026-01-18,Tools Training,Tools Training,450000,70
5195,Mid-Market,1,2025-10-13,Product Knowledge,Soft Skills,450000,122
5196,Mid-Market,1,2026-02-24,Soft Skills,Product Knowledge,450000,115
5197,Mid-Market,1,2025-08-04,Product Knowledge,Soft Skills,450000,88
5198,Mid-Market,1,2026-01-21,Tools Training,Tools Training,450000,134
5199,Mid-Market,1,2025-06-07,Tools Training,Soft Skills,450000,99
5200,Mid-Market,1,2025-12-05,Tools Training,Product Knowledge,450000,129
5201,Mid-Market,1,2025-11-29,Product Knowledge,Soft Skills,450000,99
5202,Mid-Market,1,2025-09-24,Soft Skills,Product Knowledge,450000,144
5203,Mid-Market,1,2025-11-19,Product Knowledge,Soft Skills,450000,175
5204,Mid-Market,1,2026-01-13,Sales Skills,Soft Skills,450000,97
5205,Mid-Market,1,2026-01-17,Soft Skills,Product Knowledge,450000,67
5206,Mid-Market,1,2025-11-26,Tools Training,Soft Skills,450000,115
5207,Mid-Market,1,2025-08-23,Sales Skills,Soft Skills,450000,168
5208,Mid-Market,1,2025-06-10,Soft Skills,Sales Skills,450000,147
5209,Mid-Market,1,2026-04-13,Product Knowledge,Tools Training,450000,91
5210,Mid-Market,1,2025-09-08,Product Knowledge,Soft Skills,450000,105
5211,Mid-Market,1,2026-03-09,Product Knowledge,Soft Skills,450000,164
5212,Mid-Market,1,2026-04-23,Tools Training,Product Knowledge,450000,152
5213,Mid-Market,1,2025-09-01,Product Knowledge,Product Knowledge,450000,116
5214,Mid-Market,1,2025-07-17,Product Knowledge,Soft Skills,450000,122
5215,Mid-Market,1,2026-01-14,Tools Training,Sales Skills,450000,134
5216,Mid-Market,1,2026-01-05,Sales Skills,Soft Skills,450000,179
5217,Mid-Market,1,2026-03-04,Sales Skills,Tools Training,450000,146
5218,Mid-Market,1,2025-07-29,Tools Training,Sales Skills,450000,101
5219,Mid-Market,1,2025-06-09,Product Knowledge,Sales Skills,450000,100
5220,Mid-Market,1,2025-09-01,Soft Skills,Product Knowledge,450000,124
5221,Mid-Market,1,2025-09-05,Product Knowledge,Sales Skills,450000,159
5222,Mid-Market,1,2025-08-14,Soft Skills,Product Knowledge,450000,126
5223,Mid-Market,1,2025-12-09,Soft Skills,Sales Skills,450000,108
5224,Mid-Market,1,2025-06-08,Sales Skills,Sales Skills,450000,120
5225,Mid-Market,1,2025-08-01,Tools Training,Tools Training,450000,126
5226,Mid-Market,1,2025-07-11,Sales Skills,Tools Training,450000,130
5227,Mid-Market,1,2026-01-07,Tools Training,Product Knowledge,450000,117
5228,Mid-Market,1,2025-07-29,Soft Skills,Product Knowledge,450000,108
5229,Mid-Market,1,2025-11-23,Soft Skills,Product Knowledge,450000,146
5230,Mid-Market,1,2026-04-03,Sales Skills,Sales Skills,450000,133
5231,Mid-Market,1,2026-03-20,Product Knowledge,Product Knowledge,450000,107
5232,Mid-Market,1,2025-11-01,Sales Skills,Tools Training,450000,131
5233,Mid-Market,1,2026-04-24,Soft Skills,Sales Skills,450000,114
5234,Mid-Market,1,2025-10-12,Product Knowledge,Product Knowledge,450000,154
5235,Mid-Market,1,2025-08-31,Tools Training,Sales Skills,450000,122
5236,Mid-Market,1,2026-02-21,Soft Skills,Tools Training,450000,151
5237,Mid-Market,1,2026-03-19,Product Knowledge,Sales Skills,450000,117
5238,Mid-Market,1,2025-07-06,Product Knowledge,Product Knowledge,450000,110
5239,Mid-Market,1,2026-04-21,Soft Skills,Sales Skills,450000,117
5240,Mid-Market,1,2025-12-06,Sales Skills,Soft Skills,450000,87
5241,Mid-Market,1,2025-06-28,Sales Skills,Tools Training,450000,130
5242,Mid-Market,1,2025-07-02,Product Knowledge,Product Knowledge,450000,128
5243,Mid-Market,1,2026-04-13,Tools Training,Product Knowledge,450000,79
5244,Mid-Market,1,2025-12-26,Soft Skills,Soft Skills,450000,96
5245,Mid-Market,1,2026-02-08,Soft Skills,Soft Skills,450000,127
5246,Mid-Market,1,2025-09-27,Soft Skills,Tools Training,450000,76
5247,Mid-Market,1,2026-02-07,Soft Skills,Tools Training,450000,106
5248,Mid-Market,1,2025-09-12,Product Knowledge,Soft Skills,450000,102
5249,Mid-Market,1,2025-08-08,Soft Skills,Product Knowledge,450000,103
5250,Mid-Market,1,2025-10-27,Soft Skills,Tools Training,450000,158
5251,Mid-Market,1,2026-01-18,Soft Skills,Soft Skills,450000,121
5252,Mid-Market,1,2025-07-01,Soft Skills,Tools Training,450000,131
5253,Mid-Market,1,2025-07-25,Soft Skills,Sales Skills,450000,130
5254,Mid-Market,1,2025-07-19,Product Knowledge,Tools Training,450000,144
5255,Mid-Market,1,2025-12-30,Product Knowledge,Sales Skills,450000,88
5256,Mid-Market,1,2026-04-16,Soft Skills,Soft Skills,450000,143
5257,Mid-Market,1,2025-07-24,Product Knowledge,Product Knowledge,450000,170
5258,Mid-Market,1,2026-03-10,Soft Skills,Tools Training,450000,137
5259,Mid-Market,1,2025-09-24,Soft Skills,Sales Skills,450000,131
5260,Mid-Market,1,2025-06-23,Tools Training,Soft Skills,450000,111
5261,Mid-Market,1,2026-02-09,Sales Skills,Soft Skills,450000,144
5262,Mid-Market,1,2025-07-10,Product Knowledge,Sales Skills,450000,75
5263,Mid-Market,1,2025-10-23,Soft Skills,Soft Skills,450000,104
5264,Mid-Market,1,2025-09-20,Product Knowledge,Sales Skills,450000,101
5265,Mid-Market,1,2025-11-10,Sales Skills,Soft Skills,450000,157
5266,Mid-Market,1,2026-02-24,Product Knowledge,Product Knowledge,450000,149
5267,Mid-Market,1,2025-12-31,Sales Skills,Sales Skills,450000,97
5268,Mid-Market,1,2025-12-05,Soft Skills,Soft Skills,450000,120
5269,Mid-Market,1,2026-03-19,Sales Skills,Product Knowledge,450000,149
5270,Mid-Market,1,2025-09-14,Product Knowledge,Tools Training,450000,73
5271,Mid-Market,1,2026-02-22,Soft Skills,Product Knowledge,450000,146
5272,Mid-Market,1,2026-02-10,Sales Skills,Tools Training,450000,91
5273,Mid-Market,1,2025-12-04,Sales Skills,Sales Skills,450000,157
5274,Mid-Market,1,2025-12-29,Sales Skills,Soft Skills,450000,126
5275,Mid-Market,1,2026-01-08,Sales Skills,Product Knowledge,450000,100
5276,Mid-Market,1,2025-06-05,Product Knowledge,Soft Skills,450000,81
5277,Mid-Market,1,2025-07-07,Product Knowledge,Soft Skills,450000,132
5278,Mid-Market,1,2026-03-12,Soft Skills,Soft Skills,450000,161
5279,Mid-Market,1,2025-11-23,Sales Skills,Soft Skills,450000,146
5280,Mid-Market,1,2025-11-22,Tools Training,Sales Skills,450000,123
5281,Mid-Market,1,2025-08-19,Tools Training,Product Knowledge,450000,115
5282,Mid-Market,1,2026-04-02,Product Knowledge,Product Knowledge,450000,145
5283,Mid-Market,1,2025-09-30,Sales Skills,Soft Skills,450000,154
5284,Mid-Market,1,2025-09-12,Product Knowledge,Soft Skills,450000,83
5285,Mid-Market,1,2025-11-05,Soft Skills,Product Knowledge,450000,158
5286,Mid-Market,1,2025-07-30,Sales Skills,Soft Skills,450000,123
5287,Mid-Market,1,2025-10-26,Product Knowledge,Product Knowledge,450000,151
5288,Mid-Market,1,2025-06-29,Soft Skills,Product Knowledge,450000,130
5289,Mid-Market,1,2026-04-12,Tools Training,Soft Skills,450000,108
5290,Mid-Market,1,2026-04-13,Tools Training,Sales Skills,450000,132
5291,Mid-Market,1,2025-06-26,Soft Skills,Sales Skills,450000,136
5292,Mid-Market,1,2025-07-14,Tools Training,Tools Training,450000,145
5293,Mid-Market,1,2025-10-13,Sales Skills,Soft Skills,450000,136
5294,Mid-Market,1,2026-04-11,Sales Skills,Product Knowledge,450000,118
5295,Mid-Market,1,2026-03-11,Soft Skills,Tools Training,450000,165
5296,Mid-Market,1,2026-04-15,Soft Skills,Soft Skills,450000,104
5297,Mid-Market,1,2025-07-12,Sales Skills,Product Knowledge,450000,77
5298,Mid-Market,1,2025-07-01,Sales Skills,Tools Training,450000,119
5299,Mid-Market,1,2026-03-23,Sales Skills,Product Knowledge,450000,137
5300,Mid-Market,1,2025-09-04,Soft Skills,Sales Skills,450000,115
5301,Mid-Market,1,2026-01-23,Tools Training,Sales Skills,450000,103
5302,Mid-Market,1,2025-11-12,Tools Training,Sales Skills,450000,123
5303,Mid-Market,1,2025-11-06,Tools Training,Soft Skills,450000,153
5304,Mid-Market,1,2026-03-02,Tools Training,Product Knowledge,450000,100
5305,Mid-Market,1,2025-08-07,Tools Training,Product Knowledge,450000,159
5306,Mid-Market,1,2025-12-13,Product Knowledge,Soft Skills,450000,107
5307,Mid-Market,1,2026-01-31,Sales Skills,Product Knowledge,450000,118
5308,Mid-Market,1,2026-01-10,Sales Skills,Sales Skills,450000,139
5309,Mid-Market,1,2026-01-29,Product Knowledge,Sales Skills,450000,73
5310,Mid-Market,1,2025-11-08,Tools Training,Product Knowledge,450000,123
5311,Mid-Market,1,2025-07-06,Product Knowledge,Soft Skills,450000,111
5312,Mid-Market,1,2025-12-15,Soft Skills,Tools Training,450000,91
5313,Mid-Market,1,2025-12-05,Sales Skills,Soft Skills,450000,159
5314,Mid-Market,1,2026-03-29,Tools Training,Soft Skills,450000,133
5315,Mid-Market,1,2025-11-21,Product Knowledge,Tools Training,450000,108
5316,Mid-Market,1,2025-12-12,Soft Skills,Soft Skills,450000,130
5317,Mid-Market,1,2025-12-03,Tools Training,Sales Skills,450000,146
5318,Mid-Market,1,2025-09-03,Product Knowledge,Sales Skills,450000,80
5319,Mid-Market,1,2026-01-09,Soft Skills,Soft Skills,450000,93
5320,Mid-Market,1,2025-08-13,Sales Skills,Product Knowledge,450000,109
5321,Mid-Market,1,2026-01-28,Tools Training,Soft Skills,450000,60
5322,Mid-Market,1,2025-11-28,Tools Training,Product Knowledge,450000,180
5323,Mid-Market,1,2025-07-24,Soft Skills,Soft Skills,450000,87
5324,Mid-Market,1,2026-02-07,Product Knowledge,Product Knowledge,450000,126
5325,Mid-Market,1,2026-02-22,Product Knowledge,Tools Training,450000,99
5326,Mid-Market,1,2026-02-26,Product Knowledge,Tools Training,450000,131
5327,Mid-Market,1,2025-08-27,Product Knowledge,Sales Skills,450000,145
5328,Mid-Market,1,2026-02-26,Sales Skills,Sales Skills,450000,125
5329,Mid-Market,1,2026-04-23,Soft Skills,Product Knowledge,450000,102
5330,Mid-Market,1,2026-02-07,Soft Skills,Sales Skills,450000,166
5331,Mid-Market,1,2025-12-23,Sales Skills,Soft Skills,450000,97
5332,Mid-Market,1,2025-06-10,Soft Skills,Product Knowledge,450000,148
5333,Mid-Market,1,2026-01-10,Tools Training,Soft Skills,450000,128
5334,Mid-Market,1,2026-01-02,Tools Training,Soft Skills,450000,147
5335,Mid-Market,1,2025-10-02,Soft Skills,Sales Skills,450000,116
5336,Mid-Market,1,2025-09-20,Sales Skills,Tools Training,450000,136
5337,Mid-Market,1,2026-01-22,Tools Training,Soft Skills,450000,130
5338,Mid-Market,1,2025-09-14,Tools Training,Soft Skills,450000,137
5339,Mid-Market,1,2026-04-11,Product Knowledge,Sales Skills,450000,79
5340,Mid-Market,1,2025-07-09,Product Knowledge,Sales Skills,450000,84
5341,Mid-Market,1,2026-02-08,Product Knowledge,Tools Training,450000,159
5342,Mid-Market,1,2025-06-28,Product Knowledge,Sales Skills,450000,111
5343,Mid-Market,1,2025-12-17,Tools Training,Soft Skills,450000,119
5344,Mid-Market,1,2026-03-13,Tools Training,Sales Skills,450000,135
5345,Mid-Market,1,2026-04-11,Sales Skills,Sales Skills,450000,118
5346,Mid-Market,1,2026-01-28,Product Knowledge,Sales Skills,450000,146
5347,Mid-Market,1,2026-02-10,Tools Training,Soft Skills,450000,134
5348,Mid-Market,1,2025-11-25,Soft Skills,Product Knowledge,450000,96
5349,Mid-Market,1,2026-01-03,Tools Training,Sales Skills,450000,66
5350,Mid-Market,1,2025-08-10,Soft Skills,Soft Skills,450000,160
5351,Mid-Market,1,2025-12-03,Soft Skills,Tools Training,450000,121
5352,Mid-Market,1,2025-07-21,Tools Training,Tools Training,450000,143
5353,Mid-Market,1,2025-12-07,Tools Training,Soft Skills,450000,167
5354,Mid-Market,1,2025-06-11,Product Knowledge,Soft Skills,450000,131
5355,Mid-Market,1,2025-11-01,Product Knowledge,Product Knowledge,450000,143
5356,Mid-Market,1,2025-06-13,Soft Skills,Product Knowledge,450000,106
5357,Mid-Market,1,2025-07-07,Product Knowledge,Soft Skills,450000,104
5358,Mid-Market,1,2025-07-18,Tools Training,Tools Training,450000,104
5359,Mid-Market,1,2025-10-19,Tools Training,Tools Training,450000,61
5360,Mid-Market,1,2025-12-19,Sales Skills,Tools Training,450000,94
5361,Mid-Market,1,2026-04-20,Sales Skills,Tools Training,450000,122
5362,Mid-Market,1,2025-10-21,Sales Skills,Tools Training,450000,86
5363,Mid-Market,1,2025-09-05,Product Knowledge,Tools Training,450000,168
5364,Mid-Market,1,2025-11-12,Tools Training,Soft Skills,450000,97
5365,Mid-Market,1,2025-10-28,Sales Skills,Soft Skills,450000,116
5366,Mid-Market,1,2025-08-20,Soft Skills,Sales Skills,450000,146
5367,Mid-Market,1,2025-09-30,Sales Skills,Tools Training,450000,112
5368,Mid-Market,1,2026-01-20,Product Knowledge,Product Knowledge,450000,117
5369,Mid-Market,1,2025-06-07,Soft Skills,Soft Skills,450000,144
5370,Mid-Market,1,2026-03-21,Soft Skills,Soft Skills,450000,156
5371,Mid-Market,1,2025-12-15,Sales Skills,Tools Training,450000,121
5372,Mid-Market,1,2025-10-16,Soft Skills,Sales Skills,450000,122
5373,Mid-Market,1,2026-04-14,Sales Skills,Tools Training,450000,186
5374,Mid-Market,1,2025-11-24,Sales Skills,Tools Training,450000,99
5375,Mid-Market,1,2026-02-19,Product Knowledge,Soft Skills,450000,148
5376,Mid-Market,1,2025-08-21,Product Knowledge,Product Knowledge,450000,182
5377,Mid-Market,1,2025-09-06,Product Knowledge,Soft Skills,450000,134
5378,Mid-Market,1,2026-04-02,Soft Skills,Soft Skills,450000,187
5379,Mid-Market,1,2025-11-16,Sales Skills,Soft Skills,450000,136
5380,Mid-Market,1,2025-11-24,Product Knowledge,Soft Skills,450000,128
5381,Mid-Market,1,2025-07-25,Product Knowledge,Product Knowledge,450000,143
5382,Mid-Market,1,2025-10-25,Soft Skills,Product Knowledge,450000,86
5383,Mid-Market,1,2025-06-05,Soft Skills,Product Knowledge,450000,118
5384,Mid-Market,1,2026-03-15,Product Knowledge,Product Knowledge,450000,112
5385,Mid-Market,1,2025-11-25,Product Knowledge,Product Knowledge,450000,122
5386,Mid-Market,1,2025-06-03,Sales Skills,Soft Skills,450000,153
5387,Mid-Market,1,2025-07-14,Sales Skills,Product Knowledge,450000,127
5388,Mid-Market,1,2026-04-07,Product Knowledge,Soft Skills,450000,160
5389,Mid-Market,1,2026-02-01,Soft Skills,Sales Skills,450000,124
5390,Mid-Market,1,2025-06-16,Tools Training,Product Knowledge,450000,166
5391,Mid-Market,1,2025-05-31,Product Knowledge,Product Knowledge,450000,106
5392,Mid-Market,1,2025-11-04,Sales Skills,Tools Training,450000,132
5393,Mid-Market,1,2025-07-11,Tools Training,Product Knowledge,450000,153
5394,Mid-Market,1,2025-11-30,Soft Skills,Tools Training,450000,150
5395,Mid-Market,1,2025-12-21,Sales Skills,Tools Training,450000,81
5396,Mid-Market,1,2026-01-16,Product Knowledge,Soft Skills,450000,136
5397,Mid-Market,1,2025-06-19,Sales Skills,Sales Skills,450000,137
5398,Mid-Market,1,2025-06-13,Tools Training,Product Knowledge,450000,112
5399,Mid-Market,1,2025-10-20,Product Knowledge,Tools Training,450000,166
5400,Mid-Market,1,2026-03-03,Sales Skills,Soft Skills,450000,133
5401,Mid-Market,1,2025-08-28,Soft Skills,Sales Skills,450000,106
5402,Mid-Market,1,2025-07-02,Soft Skills,Tools Training,450000,106
5403,Mid-Market,1,2025-11-16,Product Knowledge,Sales Skills,450000,111
5404,Mid-Market,1,2026-02-01,Sales Skills,Sales Skills,450000,140
5405,Mid-Market,1,2025-07-02,Soft Skills,Tools Training,450000,102
5406,Mid-Market,1,2026-03-14,Tools Training,Product Knowledge,450000,142
5407,Mid-Market,1,2025-10-18,Tools Training,Sales Skills,450000,158
5408,Mid-Market,1,2025-08-04,Sales Skills,Tools Training,450000,143
5409,Mid-Market,1,2025-09-18,Soft Skills,Soft Skills,450000,87
5410,Mid-Market,1,2025-09-26,Soft Skills,Soft Skills,450000,164
5411,Mid-Market,1,2026-01-13,Tools Training,Product Knowledge,450000,120
5412,Mid-Market,1,2025-08-16,Tools Training,Product Knowledge,450000,115
5413,Mid-Market,1,2026-03-19,Sales Skills,Tools Training,450000,75
5414,Mid-Market,1,2025-11-14,Tools Training,Sales Skills,450000,148
5415,Mid-Market,1,2025-11-20,Sales Skills,Sales Skills,450000,106
5416,Mid-Market,1,2025-08-25,Product Knowledge,Product Knowledge,450000,125
5417,Mid-Market,1,2026-03-30,Sales Skills,Soft Skills,450000,130
5418,Mid-Market,1,2025-12-16,Sales Skills,Sales Skills,450000,103
5419,Mid-Market,1,2026-04-26,Sales Skills,Tools Training,450000,117
5420,Mid-Market,1,2025-06-28,Sales Skills,Sales Skills,450000,139
5421,Mid-Market,1,2025-10-12,Product Knowledge,Tools Training,450000,165
5422,Mid-Market,1,2025-09-08,Soft Skills,Product Knowledge,450000,135
5423,Mid-Market,1,2025-12-05,Sales Skills,Sales Skills,450000,98
5424,Mid-Market,1,2026-01-31,Sales Skills,Tools Training,450000,100
5425,Mid-Market,1,2025-06-19,Sales Skills,Product Knowledge,450000,134
5426,Mid-Market,1,2025-08-21,Soft Skills,Product Knowledge,450000,99
5427,Mid-Market,1,2025-12-09,Sales Skills,Sales Skills,450000,127
5428,Mid-Market,1,2025-06-24,Tools Training,Tools Training,450000,134
5429,Mid-Market,1,2025-08-05,Product Knowledge,Sales Skills,450000,116
5430,Mid-Market,1,2026-03-08,Soft Skills,Tools Training,450000,133
5431,Mid-Market,1,2025-11-15,Tools Training,Product Knowledge,450000,132
5432,Mid-Market,1,2026-02-06,Product Knowledge,Sales Skills,450000,118
5433,Mid-Market,1,2025-07-17,Product Knowledge,Tools Training,450000,102
5434,Mid-Market,1,2025-09-05,Product Knowledge,Tools Training,450000,101
5435,Mid-Market,1,2026-04-21,Sales Skills,Soft Skills,450000,140
5436,Mid-Market,1,2025-10-25,Product Knowledge,Tools Training,450000,130
5437,Mid-Market,1,2026-01-02,Sales Skills,Sales Skills,450000,128
5438,Mid-Market,1,2026-03-15,Sales Skills,Sales Skills,450000,163
5439,Mid-Market,1,2025-07-06,Tools Training,Soft Skills,450000,104
5440,Mid-Market,1,2025-09-15,Tools Training,Sales Skills,450000,146
5441,Mid-Market,1,2025-08-31,Soft Skills,Sales Skills,450000,118
5442,Mid-Market,1,2026-03-03,Soft Skills,Sales Skills,450000,92
5443,Mid-Market,1,2026-01-08,Tools Training,Sales Skills,450000,93
5444,Mid-Market,1,2025-09-27,Tools Training,Product Knowledge,450000,128
5445,Mid-Market,1,2025-12-30,Sales Skills,Soft Skills,450000,118
5446,Mid-Market,1,2025-07-15,Soft Skills,Tools Training,450000,111
5447,Mid-Market,1,2026-03-27,Tools Training,Sales Skills,450000,60
5448,Mid-Market,1,2025-10-21,Sales Skills,Soft Skills,450000,144
5449,Mid-Market,1,2026-04-20,Sales Skills,Sales Skills,450000,135
5450,Mid-Market,1,2025-08-12,Product Knowledge,Product Knowledge,450000,142
5451,Mid-Market,1,2025-06-19,Product Knowledge,Soft Skills,450000,104
5452,Mid-Market,1,2025-12-08,Sales Skills,Sales Skills,450000,188
5453,Mid-Market,1,2025-08-27,Sales Skills,Soft Skills,450000,119
5454,Mid-Market,1,2026-04-29,Tools Training,Product Knowledge,450000,152
5455,Mid-Market,1,2025-09-07,Soft Skills,Tools Training,450000,135
5456,Mid-Market,1,2026-03-17,Product Knowledge,Soft Skills,450000,129
5457,Mid-Market,1,2026-04-22,Soft Skills,Sales Skills,450000,134
5458,Mid-Market,1,2025-08-08,Product Knowledge,Soft Skills,450000,121
5459,Mid-Market,1,2026-02-11,Product Knowledge,Tools Training,450000,81
5460,Mid-Market,1,2026-04-05,Soft Skills,Soft Skills,450000,115
5461,Mid-Market,1,2025-10-04,Soft Skills,Product Knowledge,450000,148
5462,Mid-Market,1,2025-10-20,Product Knowledge,Tools Training,450000,171
5463,Mid-Market,1,2025-09-21,Sales Skills,Sales Skills,450000,138
5464,Mid-Market,1,2026-01-30,Soft Skills,Tools Training,450000,159
5465,Mid-Market,1,2025-08-15,Product Knowledge,Tools Training,450000,180
5466,Mid-Market,1,2026-02-24,Product Knowledge,Tools Training,450000,130
5467,Mid-Market,1,2025-11-08,Tools Training,Sales Skills,450000,152
5468,Mid-Market,1,2026-02-20,Product Knowledge,Soft Skills,450000,131
5469,Mid-Market,1,2025-12-25,Tools Training,Soft Skills,450000,143
5470,Mid-Market,1,2025-12-01,Tools Training,Product Knowledge,450000,121
5471,Mid-Market,1,2026-01-07,Product Knowledge,Soft Skills,450000,145
5472,Mid-Market,1,2025-06-30,Tools Training,Sales Skills,450000,164
5473,Mid-Market,1,2026-01-12,Product Knowledge,Tools Training,450000,135
5474,Mid-Market,1,2025-08-01,Sales Skills,Tools Training,450000,159
5475,Mid-Market,1,2025-06-12,Tools Training,Soft Skills,450000,127
5476,Mid-Market,1,2025-09-07,Soft Skills,Sales Skills,450000,131
5477,Mid-Market,1,2026-01-20,Tools Training,Sales Skills,450000,156
5478,Mid-Market,1,2026-01-29,Product Knowledge,Tools Training,450000,120
5479,Mid-Market,1,2026-04-29,Product Knowledge,Sales Skills,450000,107
5480,Mid-Market,1,2025-07-16,Tools Training,Soft Skills,450000,105
5481,Mid-Market,1,2026-03-11,Tools Training,Tools Training,450000,152
5482,Mid-Market,1,2025-06-27,Tools Training,Soft Skills,450000,128
5483,Mid-Market,1,2026-03-28,Sales Skills,Sales Skills,450000,113
5484,Mid-Market,1,2026-02-04,Sales Skills,Product Knowledge,450000,132
5485,Mid-Market,1,2025-12-31,Sales Skills,Product Knowledge,450000,141
5486,Mid-Market,1,2026-01-16,Soft Skills,Soft Skills,450000,80
5487,Mid-Market,1,2025-11-21,Tools Training,Product Knowledge,450000,85
5488,Mid-Market,1,2025-12-05,Sales Skills,Tools Training,450000,128
5489,Mid-Market,1,2025-09-08,Tools Training,Product Knowledge,450000,79
5490,Mid-Market,1,2026-01-25,Product Knowledge,Tools Training,450000,153
5491,Mid-Market,1,2025-09-26,Tools Training,Tools Training,450000,178
5492,Mid-Market,1,2026-03-14,Soft Skills,Product Knowledge,450000,139
5493,Mid-Market,1,2026-02-12,Tools Training,Tools Training,450000,130
5494,Mid-Market,1,2026-01-20,Sales Skills,Tools Training,450000,105
5495,Mid-Market,1,2025-10-17,Product Knowledge,Sales Skills,450000,148
5496,Mid-Market,1,2026-04-20,Soft Skills,Soft Skills,450000,121
5497,Mid-Market,1,2025-06-14,Product Knowledge,Sales Skills,450000,120
5498,Mid-Market,1,2025-12-24,Product Knowledge,Tools Training,450000,186
5499,Mid-Market,1,2026-02-12,Sales Skills,Sales Skills,450000,136
5500,Mid-Market,1,2026-01-09,Product Knowledge,Sales Skills,450000,126
5501,Mid-Market,1,2025-08-20,Sales Skills,Tools Training,450000,105
5502,Mid-Market,1,2025-05-31,Tools Training,Tools Training,450000,150
5503,Mid-Market,1,2025-11-22,Sales Skills,Tools Training,450000,109
5504,Mid-Market,1,2025-08-30,Product Knowledge,Soft Skills,450000,148
5505,Mid-Market,1,2026-02-28,Product Knowledge,Tools Training,450000,90
5506,Mid-Market,1,2025-11-20,Product Knowledge,Tools Training,450000,127
5507,Mid-Market,1,2025-11-11,Sales Skills,Product Knowledge,450000,109
5508,Mid-Market,1,2025-10-11,Soft Skills,Sales Skills,450000,97
5509,Mid-Market,1,2025-06-19,Product Knowledge,Sales Skills,450000,66
5510,Mid-Market,1,2026-02-16,Product Knowledge,Tools Training,450000,81
5511,Mid-Market,1,2026-04-26,Sales Skills,Sales Skills,450000,93
5512,Mid-Market,1,2026-03-28,Tools Training,Tools Training,450000,169
5513,Mid-Market,1,2025-07-26,Product Knowledge,Sales Skills,450000,125
5514,Mid-Market,1,2026-04-13,Soft Skills,Product Knowledge,450000,159
5515,Mid-Market,1,2025-12-16,Soft Skills,Sales Skills,450000,60
5516,Mid-Market,1,2025-10-25,Product Knowledge,Soft Skills,450000,170
5517,Mid-Market,1,2025-10-09,Product Knowledge,Soft Skills,450000,155
5518,Mid-Market,1,2025-11-13,Sales Skills,Soft Skills,450000,108
5519,Mid-Market,1,2025-12-21,Sales Skills,Tools Training,450000,109
5520,Mid-Market,1,2025-10-01,Product Knowledge,Soft Skills,450000,155
5521,Mid-Market,1,2026-03-31,Tools Training,Tools Training,450000,140
5522,Mid-Market,1,2025-09-20,Product Knowledge,Product Knowledge,450000,110
5523,Mid-Market,1,2025-11-09,Soft Skills,Sales Skills,450000,171
5524,Mid-Market,1,2026-01-28,Soft Skills,Soft Skills,450000,117
5525,Mid-Market,1,2026-03-11,Product Knowledge,Tools Training,450000,104
5526,Mid-Market,1,2025-08-06,Soft Skills,Sales Skills,450000,115
5527,Mid-Market,1,2025-06-14,Product Knowledge,Product Knowledge,450000,124
5528,Mid-Market,1,2025-09-02,Product Knowledge,Soft Skills,450000,138
5529,Mid-Market,1,2025-06-04,Sales Skills,Product Knowledge,450000,106
5530,Mid-Market,1,2025-11-10,Tools Training,Product Knowledge,450000,153
5531,Mid-Market,1,2025-12-02,Soft Skills,Soft Skills,450000,136
5532,Mid-Market,1,2025-10-30,Product Knowledge,Sales Skills,450000,158
5533,Mid-Market,1,2025-12-01,Sales Skills,Tools Training,450000,94
5534,Mid-Market,1,2026-02-28,Product Knowledge,Product Knowledge,450000,88
5535,Mid-Market,1,2026-03-28,Sales Skills,Tools Training,450000,93
5536,Mid-Market,1,2026-01-20,Tools Training,Soft Skills,450000,167
5537,Mid-Market,1,2025-09-24,Sales Skills,Soft Skills,450000,84
5538,Mid-Market,1,2025-10-03,Product Knowledge,Sales Skills,450000,120
5539,Mid-Market,1,2025-10-06,Product Knowledge,Sales Skills,450000,91
5540,Mid-Market,1,2026-01-26,Soft Skills,Product Knowledge,450000,60
5541,Mid-Market,1,2025-09-14,Product Knowledge,Product Knowledge,450000,135
5542,Mid-Market,1,2026-01-19,Tools Training,Sales Skills,450000,141
5543,Mid-Market,1,2026-02-14,Tools Training,Sales Skills,450000,196
5544,Mid-Market,1,2025-12-08,Product Knowledge,Soft Skills,450000,142
5545,Mid-Market,1,2025-07-17,Product Knowledge,Tools Training,450000,132
5546,Mid-Market,1,2026-02-16,Tools Training,Tools Training,450000,116
5547,Mid-Market,1,2025-09-08,Soft Skills,Soft Skills,450000,160
5548,Mid-Market,1,2025-07-27,Product Knowledge,Tools Training,450000,154
5549,Mid-Market,1,2025-12-06,Sales Skills,Tools Training,450000,117
5550,Mid-Market,1,2025-06-21,Product Knowledge,Sales Skills,450000,145
5551,Mid-Market,1,2025-11-05,Sales Skills,Product Knowledge,450000,112
5552,Mid-Market,1,2025-06-25,Soft Skills,Tools Training,450000,115
5553,Mid-Market,1,2025-10-27,Product Knowledge,Product Knowledge,450000,124
5554,Mid-Market,1,2026-01-17,Tools Training,Soft Skills,450000,129
5555,Mid-Market,1,2025-07-28,Sales Skills,Product Knowledge,450000,93
5556,Mid-Market,1,2025-07-22,Soft Skills,Tools Training,450000,177
5557,Mid-Market,1,2025-12-25,Product Knowledge,Sales Skills,450000,138
5558,Mid-Market,1,2025-07-03,Soft Skills,Tools Training,450000,109
5559,Mid-Market,1,2026-04-13,Tools Training,Product Knowledge,450000,136
5560,Mid-Market,1,2025-05-31,Soft Skills,Product Knowledge,450000,127
5561,Mid-Market,1,2026-02-21,Sales Skills,Sales Skills,450000,108
5562,Mid-Market,1,2025-06-23,Product Knowledge,Tools Training,450000,83
5563,Mid-Market,1,2025-09-09,Tools Training,Product Knowledge,450000,118
5564,Mid-Market,1,2025-09-04,Tools Training,Tools Training,450000,152
5565,Mid-Market,1,2026-04-05,Sales Skills,Soft Skills,450000,130
5566,Mid-Market,1,2025-12-28,Sales Skills,Tools Training,450000,157
5567,Mid-Market,1,2025-11-18,Tools Training,Tools Training,450000,150
5568,Mid-Market,1,2026-03-27,Product Knowledge,Sales Skills,450000,135
5569,Mid-Market,1,2025-09-12,Tools Training,Tools Training,450000,147
5570,Mid-Market,1,2025-11-16,Product Knowledge,Product Knowledge,450000,75
5571,Mid-Market,1,2025-09-03,Soft Skills,Product Knowledge,450000,139
5572,Mid-Market,1,2025-10-25,Soft Skills,Product Knowledge,450000,167
5573,Mid-Market,1,2025-11-14,Soft Skills,Product Knowledge,450000,130
5574,Mid-Market,1,2025-08-21,Sales Skills,Tools Training,450000,129
5575,Mid-Market,1,2025-10-12,Sales Skills,Soft Skills,450000,113
5576,Mid-Market,1,2025-08-23,Tools Training,Tools Training,450000,168
5577,Mid-Market,1,2026-03-03,Tools Training,Tools Training,450000,162
5578,Mid-Market,1,2025-06-02,Soft Skills,Product Knowledge,450000,123
5579,Mid-Market,1,2025-08-21,Sales Skills,Tools Training,450000,148
5580,Mid-Market,1,2025-09-02,Tools Training,Product Knowledge,450000,111
5581,Mid-Market,1,2026-03-12,Tools Training,Tools Training,450000,101
5582,Mid-Market,1,2025-09-23,Sales Skills,Tools Training,450000,145
5583,Mid-Market,1,2025-12-06,Product Knowledge,Sales Skills,450000,126
5584,Mid-Market,1,2025-08-05,Tools Training,Sales Skills,450000,71
5585,Mid-Market,1,2025-11-20,Tools Training,Soft Skills,450000,127
5586,Mid-Market,1,2025-07-05,Soft Skills,Product Knowledge,450000,180
5587,Mid-Market,1,2025-07-07,Tools Training,Product Knowledge,450000,170
5588,Mid-Market,1,2025-05-30,Sales Skills,Sales Skills,450000,139
5589,Mid-Market,1,2026-02-18,Tools Training,Product Knowledge,450000,149
5590,Mid-Market,1,2025-11-06,Tools Training,Tools Training,450000,140
5591,Mid-Market,1,2025-08-16,Product Knowledge,Sales Skills,450000,145
5592,Mid-Market,1,2026-02-20,Tools Training,Sales Skills,450000,147
5593,Mid-Market,1,2026-03-11,Product Knowledge,Sales Skills,450000,103
5594,Mid-Market,1,2026-04-12,Soft Skills,Product Knowledge,450000,139
5595,Mid-Market,1,2025-08-04,Soft Skills,Product Knowledge,450000,99
5596,Mid-Market,1,2025-10-10,Tools Training,Sales Skills,450000,137
5597,Mid-Market,1,2025-11-22,Soft Skills,Product Knowledge,450000,111
5598,Mid-Market,1,2025-08-06,Product Knowledge,Soft Skills,450000,87
5599,Mid-Market,1,2026-04-11,Soft Skills,Tools Training,450000,127
5600,Mid-Market,1,2025-09-20,Product Knowledge,Sales Skills,450000,120
5601,Mid-Market,1,2025-11-05,Tools Training,Tools Training,450000,113
5602,Mid-Market,1,2026-02-04,Soft Skills,Tools Training,450000,151
5603,Mid-Market,1,2025-12-30,Product Knowledge,Tools Training,450000,128
5604,Mid-Market,1,2026-03-23,Sales Skills,Soft Skills,450000,129
5605,Mid-Market,1,2026-01-18,Soft Skills,Soft Skills,450000,152
5606,Mid-Market,1,2026-03-06,Soft Skills,Tools Training,450000,125
5607,Mid-Market,1,2025-09-14,Soft Skills,Soft Skills,450000,90
5608,Mid-Market,1,2025-05-30,Product Knowledge,Tools Training,450000,117
5609,Mid-Market,1,2025-11-06,Soft Skills,Soft Skills,450000,102
5610,Mid-Market,1,2025-10-19,Tools Training,Sales Skills,450000,89
5611,Mid-Market,1,2025-06-28,Product Knowledge,Tools Training,450000,148
5612,Mid-Market,1,2025-10-11,Tools Training,Sales Skills,450000,115
5613,Mid-Market,1,2026-01-08,Tools Training,Sales Skills,450000,145
5614,Mid-Market,1,2026-01-05,Soft Skills,Tools Training,450000,127
5615,Mid-Market,1,2025-09-19,Soft Skills,Sales Skills,450000,136
5616,Mid-Market,1,2026-01-17,Product Knowledge,Product Knowledge,450000,145
5617,Mid-Market,1,2025-10-26,Tools Training,Tools Training,450000,135
5618,Mid-Market,1,2026-03-24,Sales Skills,Product Knowledge,450000,135
5619,Mid-Market,1,2026-03-12,Sales Skills,Tools Training,450000,143
5620,Mid-Market,1,2025-07-06,Soft Skills,Soft Skills,450000,181
5621,Mid-Market,1,2026-04-19,Tools Training,Product Knowledge,450000,119
5622,Mid-Market,1,2025-07-08,Tools Training,Soft Skills,450000,138
5623,Mid-Market,1,2026-03-29,Soft Skills,Sales Skills,450000,120
5624,Mid-Market,1,2026-01-11,Tools Training,Soft Skills,450000,126
5625,Mid-Market,1,2026-03-21,Product Knowledge,Soft Skills,450000,106
5626,Mid-Market,1,2025-12-29,Tools Training,Sales Skills,450000,122
5627,Mid-Market,1,2025-11-10,Soft Skills,Product Knowledge,450000,129
5628,Mid-Market,1,2026-02-26,Soft Skills,Tools Training,450000,113
5629,Mid-Market,1,2026-03-20,Soft Skills,Sales Skills,450000,88
5630,Mid-Market,1,2026-03-10,Soft Skills,Sales Skills,450000,141
5631,Mid-Market,1,2025-07-03,Product Knowledge,Tools Training,450000,135
5632,Mid-Market,1,2026-01-31,Product Knowledge,Tools Training,450000,128
5633,Mid-Market,1,2025-06-01,Tools Training,Sales Skills,450000,190
5634,Mid-Market,1,2025-09-22,Sales Skills,Tools Training,450000,122
5635,Mid-Market,1,2025-11-15,Soft Skills,Product Knowledge,450000,101
5636,Mid-Market,1,2025-10-30,Tools Training,Soft Skills,450000,128
5637,Mid-Market,1,2025-10-06,Soft Skills,Tools Training,450000,119
5638,Mid-Market,1,2026-03-30,Tools Training,Product Knowledge,450000,144
5639,Mid-Market,1,2025-11-28,Soft Skills,Tools Training,450000,131
5640,Mid-Market,1,2025-11-11,Sales Skills,Product Knowledge,450000,130
5641,Mid-Market,1,2025-06-11,Tools Training,Tools Training,450000,125
5642,Mid-Market,1,2026-03-29,Sales Skills,Sales Skills,450000,153
5643,Mid-Market,1,2026-02-24,Tools Training,Soft Skills,450000,139
5644,Mid-Market,1,2026-02-04,Soft Skills,Product Knowledge,450000,125
5645,Mid-Market,1,2025-12-18,Sales Skills,Tools Training,450000,135
5646,Mid-Market,1,2025-06-06,Product Knowledge,Sales Skills,450000,111
5647,Mid-Market,1,2025-06-07,Sales Skills,Tools Training,450000,135
5648,Mid-Market,1,2026-04-08,Product Knowledge,Sales Skills,450000,134
5649,Mid-Market,1,2026-02-06,Product Knowledge,Sales Skills,450000,117
5650,Mid-Market,1,2025-06-28,Product Knowledge,Tools Training,450000,154
5651,Mid-Market,1,2025-12-08,Sales Skills,Product Knowledge,450000,153
5652,Mid-Market,1,2025-09-18,Product Knowledge,Tools Training,450000,120
5653,Mid-Market,1,2025-11-01,Sales Skills,Product Knowledge,450000,132
5654,Mid-Market,1,2026-03-24,Soft Skills,Sales Skills,450000,139
5655,Mid-Market,1,2025-07-02,Product Knowledge,Tools Training,450000,91
5656,Mid-Market,1,2025-06-09,Sales Skills,Sales Skills,450000,106
5657,Mid-Market,1,2025-11-23,Soft Skills,Tools Training,450000,162
5658,Mid-Market,1,2026-04-12,Soft Skills,Sales Skills,450000,146
5659,Mid-Market,1,2025-07-17,Sales Skills,Soft Skills,450000,123
5660,Mid-Market,1,2025-10-19,Product Knowledge,Tools Training,450000,121
5661,Mid-Market,1,2026-04-23,Product Knowledge,Sales Skills,450000,151
5662,Mid-Market,1,2026-01-06,Soft Skills,Product Knowledge,450000,112
5663,Mid-Market,1,2025-10-16,Tools Training,Soft Skills,450000,125
5664,Mid-Market,1,2025-08-12,Soft Skills,Soft Skills,450000,89
5665,Mid-Market,1,2025-12-01,Soft Skills,Product Knowledge,450000,100
5666,Mid-Market,1,2025-10-31,Sales Skills,Product Knowledge,450000,156
5667,Mid-Market,1,2026-01-04,Product Knowledge,Tools Training,450000,78
5668,Mid-Market,1,2025-12-12,Sales Skills,Soft Skills,450000,92
5669,Mid-Market,1,2025-07-31,Sales Skills,Tools Training,450000,125
5670,Mid-Market,1,2025-10-07,Sales Skills,Product Knowledge,450000,106
5671,Mid-Market,1,2025-12-14,Sales Skills,Sales Skills,450000,140
5672,Mid-Market,1,2025-07-01,Product Knowledge,Tools Training,450000,115
5673,Mid-Market,1,2025-12-09,Product Knowledge,Soft Skills,450000,159
5674,Mid-Market,1,2026-01-19,Soft Skills,Product Knowledge,450000,123
5675,Mid-Market,1,2026-02-19,Soft Skills,Sales Skills,450000,133
5676,Mid-Market,1,2025-07-14,Sales Skills,Sales Skills,450000,90
5677,Mid-Market,1,2026-02-26,Soft Skills,Product Knowledge,450000,127
5678,Mid-Market,1,2025-08-11,Soft Skills,Sales Skills,450000,134
5679,Mid-Market,1,2025-11-29,Tools Training,Product Knowledge,450000,119
5680,Mid-Market,1,2025-06-14,Product Knowledge,Soft Skills,450000,129
5681,Mid-Market,1,2025-09-16,Sales Skills,Soft Skills,450000,163
5682,Mid-Market,1,2026-01-31,Product Knowledge,Sales Skills,450000,94
5683,Mid-Market,1,2025-10-24,Tools Training,Soft Skills,450000,135
5684,Mid-Market,1,2025-08-17,Product Knowledge,Tools Training,450000,144
5685,Mid-Market,1,2025-06-15,Product Knowledge,Product Knowledge,450000,93
5686,Mid-Market,1,2025-06-01,Product Knowledge,Product Knowledge,450000,127
5687,Mid-Market,1,2025-12-12,Product Knowledge,Product Knowledge,450000,156
5688,Mid-Market,1,2025-12-19,Tools Training,Sales Skills,450000,119
5689,Mid-Market,1,2025-09-10,Tools Training,Tools Training,450000,132
5690,Mid-Market,1,2026-04-22,Soft Skills,Product Knowledge,450000,162
5691,Mid-Market,1,2025-06-13,Soft Skills,Sales Skills,450000,112
5692,Mid-Market,1,2026-03-02,Tools Training,Soft Skills,450000,107
5693,Mid-Market,1,2025-08-17,Tools Training,Tools Training,450000,142
5694,Mid-Market,1,2025-08-25,Soft Skills,Soft Skills,450000,161
5695,Mid-Market,1,2026-01-14,Soft Skills,Soft Skills,450000,139
5696,Mid-Market,1,2025-06-26,Sales Skills,Tools Training,450000,151
5697,Mid-Market,1,2025-12-11,Sales Skills,Tools Training,450000,148
5698,Mid-Market,1,2025-06-01,Soft Skills,Tools Training,450000,78
5699,Mid-Market,1,2025-06-17,Sales Skills,Sales Skills,450000,114
5700,Mid-Market,1,2025-06-19,Soft Skills,Sales Skills,450000,121
5701,Mid-Market,1,2025-11-04,Tools Training,Tools Training,450000,98
5702,Mid-Market,1,2025-12-10,Sales Skills,Product Knowledge,450000,109
5703,Mid-Market,1,2025-06-02,Product Knowledge,Product Knowledge,450000,109
5704,Mid-Market,1,2026-01-13,Soft Skills,Product Knowledge,450000,103
5705,Mid-Market,1,2025-12-06,Product Knowledge,Tools Training,450000,169
5706,Mid-Market,1,2026-01-08,Product Knowledge,Product Knowledge,450000,131
5707,Mid-Market,1,2025-10-12,Sales Skills,Soft Skills,450000,124
5708,Mid-Market,1,2025-07-18,Tools Training,Sales Skills,450000,177
5709,Mid-Market,1,2025-08-01,Tools Training,Soft Skills,450000,65
5710,Mid-Market,1,2025-07-08,Sales Skills,Sales Skills,450000,145
5711,Mid-Market,1,2025-05-31,Soft Skills,Tools Training,450000,158
5712,Mid-Market,1,2025-08-25,Soft Skills,Product Knowledge,450000,157
5713,Mid-Market,1,2025-12-14,Sales Skills,Tools Training,450000,108
5714,Mid-Market,1,2025-09-08,Product Knowledge,Soft Skills,450000,156
5715,Mid-Market,1,2025-08-11,Product Knowledge,Soft Skills,450000,116
5716,Mid-Market,1,2025-08-21,Soft Skills,Sales Skills,450000,137
5717,Mid-Market,1,2025-09-03,Soft Skills,Sales Skills,450000,141
5718,Mid-Market,1,2025-07-09,Tools Training,Product Knowledge,450000,107
5719,Mid-Market,1,2025-10-09,Tools Training,Tools Training,450000,131
5720,Mid-Market,1,2025-11-10,Product Knowledge,Soft Skills,450000,118
5721,Mid-Market,1,2025-09-14,Tools Training,Product Knowledge,450000,122
5722,Mid-Market,1,2025-07-29,Product Knowledge,Tools Training,450000,138
5723,Mid-Market,1,2025-10-08,Soft Skills,Product Knowledge,450000,95
5724,Mid-Market,1,2025-10-23,Soft Skills,Tools Training,450000,141
5725,Mid-Market,1,2025-08-10,Product Knowledge,Soft Skills,450000,141
5726,Mid-Market,1,2026-02-15,Tools Training,Product Knowledge,450000,93
5727,Mid-Market,1,2026-02-16,Sales Skills,Sales Skills,450000,148
5728,Mid-Market,1,2026-02-27,Soft Skills,Sales Skills,450000,130
5729,Mid-Market,1,2025-10-09,Tools Training,Soft Skills,450000,109
5730,Mid-Market,1,2025-10-10,Product Knowledge,Soft Skills,450000,122
5731,Mid-Market,1,2025-07-02,Tools Training,Product Knowledge,450000,105
5732,Mid-Market,1,2025-08-26,Sales Skills,Tools Training,450000,123
5733,Mid-Market,1,2026-04-01,Soft Skills,Sales Skills,450000,118
5734,Mid-Market,1,2025-06-06,Sales Skills,Soft Skills,450000,105
5735,Mid-Market,1,2025-07-02,Product Knowledge,Soft Skills,450000,193
5736,Mid-Market,1,2025-07-19,Sales Skills,Product Knowledge,450000,168
5737,Mid-Market,1,2025-10-27,Soft Skills,Soft Skills,450000,115
5738,Mid-Market,1,2026-01-01,Product Knowledge,Product Knowledge,450000,126
5739,Mid-Market,1,2025-11-04,Product Knowledge,Product Knowledge,450000,160
5740,Mid-Market,1,2025-12-19,Soft Skills,Tools Training,450000,89
5741,Mid-Market,1,2025-12-15,Soft Skills,Sales Skills,450000,80
5742,Mid-Market,1,2025-09-10,Soft Skills,Tools Training,450000,172
5743,Mid-Market,1,2025-06-08,Product Knowledge,Sales Skills,450000,132
5744,Mid-Market,1,2025-06-01,Tools Training,Sales Skills,450000,118
5745,Mid-Market,1,2025-12-25,Sales Skills,Tools Training,450000,124
5746,Mid-Market,1,2025-12-10,Product Knowledge,Soft Skills,450000,118
5747,Mid-Market,1,2026-01-25,Product Knowledge,Sales Skills,450000,168
5748,Mid-Market,1,2026-03-15,Sales Skills,Soft Skills,450000,60
5749,Mid-Market,1,2026-04-28,Soft Skills,Sales Skills,450000,125
5750,Mid-Market,1,2025-11-16,Sales Skills,Sales Skills,450000,115
5751,Mid-Market,1,2026-04-06,Soft Skills,Product Knowledge,450000,117
5752,Mid-Market,1,2025-12-13,Sales Skills,Product Knowledge,450000,98
5753,Mid-Market,1,2025-07-05,Sales Skills,Soft Skills,450000,123
5754,Mid-Market,1,2026-02-26,Soft Skills,Tools Training,450000,147
5755,Mid-Market,1,2026-03-31,Tools Training,Sales Skills,450000,140
5756,Mid-Market,1,2025-12-16,Soft Skills,Tools Training,450000,113
5757,Mid-Market,1,2026-02-02,Tools Training,Sales Skills,450000,107
5758,Mid-Market,1,2025-06-19,Soft Skills,Soft Skills,450000,109
5759,Mid-Market,1,2025-12-05,Product Knowledge,Soft Skills,450000,99
5760,Mid-Market,1,2025-09-26,Soft Skills,Product Knowledge,450000,134
5761,Mid-Market,1,2025-08-03,Product Knowledge,Tools Training,450000,118
5762,Mid-Market,1,2025-11-25,Soft Skills,Soft Skills,450000,141
5763,Mid-Market,1,2025-12-30,Soft Skills,Product Knowledge,450000,105
5764,Mid-Market,1,2025-06-22,Soft Skills,Product Knowledge,450000,83
5765,Mid-Market,1,2025-12-01,Sales Skills,Product Knowledge,450000,159
5766,Mid-Market,1,2026-04-28,Sales Skills,Tools Training,450000,140
5767,Mid-Market,1,2026-04-23,Product Knowledge,Product Knowledge,450000,174
5768,Mid-Market,1,2026-02-14,Tools Training,Product Knowledge,450000,108
5769,Mid-Market,1,2025-10-17,Soft Skills,Tools Training,450000,111
5770,Mid-Market,1,2025-07-31,Soft Skills,Soft Skills,450000,97
5771,Mid-Market,1,2025-08-10,Product Knowledge,Sales Skills,450000,163
5772,Mid-Market,1,2026-04-14,Sales Skills,Tools Training,450000,136
5773,Mid-Market,1,2025-08-22,Sales Skills,Tools Training,450000,106
5774,Mid-Market,1,2025-06-14,Product Knowledge,Sales Skills,450000,130
5775,Mid-Market,1,2026-03-20,Sales Skills,Sales Skills,450000,126
5776,Mid-Market,1,2026-02-11,Tools Training,Sales Skills,450000,153
5777,Mid-Market,1,2025-10-03,Soft Skills,Sales Skills,450000,142
5778,Mid-Market,1,2026-04-20,Product Knowledge,Tools Training,450000,79
5779,Mid-Market,1,2025-09-06,Product Knowledge,Tools Training,450000,130
5780,Mid-Market,1,2026-03-06,Soft Skills,Tools Training,450000,133
5781,Mid-Market,1,2025-10-03,Tools Training,Tools Training,450000,75
5782,Mid-Market,1,2025-07-08,Tools Training,Sales Skills,450000,89
5783,Mid-Market,1,2026-04-10,Soft Skills,Soft Skills,450000,119
5784,Mid-Market,1,2026-01-23,Soft Skills,Sales Skills,450000,124
5785,Mid-Market,1,2025-11-28,Tools Training,Soft Skills,450000,115
5786,Mid-Market,1,2025-07-22,Tools Training,Product Knowledge,450000,120
5787,Mid-Market,1,2025-09-22,Soft Skills,Tools Training,450000,114
5788,Mid-Market,1,2026-03-29,Sales Skills,Product Knowledge,450000,144
5789,Mid-Market,1,2026-04-17,Soft Skills,Tools Training,450000,125
5790,Mid-Market,1,2025-10-10,Product Knowledge,Product Knowledge,450000,103
5791,Mid-Market,1,2026-01-27,Soft Skills,Sales Skills,450000,120
5792,Mid-Market,1,2025-09-28,Soft Skills,Sales Skills,450000,146
5793,Mid-Market,1,2026-03-18,Product Knowledge,Soft Skills,450000,120
5794,Mid-Market,1,2025-10-16,Product Knowledge,Product Knowledge,450000,127
5795,Mid-Market,1,2025-08-28,Tools Training,Tools Training,450000,123
5796,Mid-Market,1,2025-06-07,Product Knowledge,Sales Skills,450000,120
5797,Mid-Market,1,2025-12-08,Soft Skills,Sales Skills,450000,147
5798,Mid-Market,1,2025-10-27,Sales Skills,Soft Skills,450000,93
5799,Mid-Market,1,2025-09-26,Tools Training,Soft Skills,450000,169
5800,Mid-Market,1,2026-02-11,Soft Skills,Sales Skills,450000,177
5801,Mid-Market,1,2025-10-10,Soft Skills,Tools Training,450000,96
5802,Mid-Market,1,2025-11-24,Sales Skills,Product Knowledge,450000,122
5803,Mid-Market,1,2025-12-09,Tools Training,Product Knowledge,450000,145
5804,Mid-Market,1,2025-12-05,Product Knowledge,Soft Skills,450000,120
5805,Mid-Market,1,2025-07-27,Soft Skills,Tools Training,450000,96
5806,Mid-Market,1,2025-06-23,Tools Training,Soft Skills,450000,164
5807,Mid-Market,1,2026-01-08,Soft Skills,Sales Skills,450000,100
5808,Mid-Market,1,2026-02-08,Sales Skills,Product Knowledge,450000,115
5809,Mid-Market,1,2026-02-20,Soft Skills,Product Knowledge,450000,74
5810,Mid-Market,1,2025-08-24,Soft Skills,Tools Training,450000,113
5811,Mid-Market,1,2026-04-09,Soft Skills,Tools Training,450000,152
5812,Mid-Market,1,2026-02-06,Product Knowledge,Product Knowledge,450000,77
5813,Mid-Market,1,2026-02-11,Soft Skills,Tools Training,450000,132
5814,Mid-Market,1,2025-11-12,Sales Skills,Sales Skills,450000,81
5815,Mid-Market,1,2025-08-11,Tools Training,Product Knowledge,450000,73
5816,Mid-Market,1,2025-12-02,Soft Skills,Sales Skills,450000,104
5817,Mid-Market,1,2025-09-11,Soft Skills,Product Knowledge,450000,84
5818,Mid-Market,1,2025-09-24,Soft Skills,Product Knowledge,450000,125
5819,Mid-Market,1,2025-09-06,Tools Training,Product Knowledge,450000,144
5820,Mid-Market,1,2025-11-30,Product Knowledge,Sales Skills,450000,98
5821,Mid-Market,1,2025-10-30,Soft Skills,Tools Training,450000,118
5822,Mid-Market,1,2025-09-13,Soft Skills,Tools Training,450000,169
5823,Mid-Market,1,2026-02-17,Product Knowledge,Sales Skills,450000,84
5824,Mid-Market,1,2025-11-15,Sales Skills,Tools Training,450000,138
5825,Mid-Market,1,2026-01-18,Soft Skills,Product Knowledge,450000,94
5826,Mid-Market,1,2026-04-14,Sales Skills,Soft Skills,450000,149
5827,Mid-Market,1,2025-06-16,Tools Training,Tools Training,450000,110
5828,Mid-Market,1,2025-10-01,Product Knowledge,Sales Skills,450000,108
5829,Mid-Market,1,2026-03-28,Soft Skills,Sales Skills,450000,121
5830,Mid-Market,1,2026-04-06,Tools Training,Sales Skills,450000,123
5831,Mid-Market,1,2026-02-14,Product Knowledge,Tools Training,450000,147
5832,Mid-Market,1,2026-03-05,Sales Skills,Tools Training,450000,133
5833,Mid-Market,1,2026-01-22,Soft Skills,Sales Skills,450000,117
5834,Mid-Market,1,2025-09-03,Product Knowledge,Product Knowledge,450000,131
5835,Mid-Market,1,2025-10-16,Sales Skills,Sales Skills,450000,62
5836,Mid-Market,1,2025-12-12,Tools Training,Tools Training,450000,120
5837,Mid-Market,1,2025-10-16,Product Knowledge,Soft Skills,450000,143
5838,Mid-Market,1,2025-11-20,Sales Skills,Tools Training,450000,134
5839,Mid-Market,1,2025-07-29,Sales Skills,Product Knowledge,450000,115
5840,Mid-Market,1,2025-06-17,Tools Training,Product Knowledge,450000,126
5841,Mid-Market,1,2025-07-13,Sales Skills,Tools Training,450000,95
5842,Mid-Market,1,2026-03-06,Soft Skills,Tools Training,450000,133
5843,Mid-Market,1,2025-08-21,Tools Training,Soft Skills,450000,172
5844,Mid-Market,1,2026-02-22,Tools Training,Soft Skills,450000,120
5845,Mid-Market,1,2026-04-28,Tools Training,Tools Training,450000,117
5846,Mid-Market,1,2026-02-01,Sales Skills,Sales Skills,450000,124
5847,Mid-Market,1,2026-01-28,Sales Skills,Sales Skills,450000,134
5848,Mid-Market,1,2026-02-16,Sales Skills,Sales Skills,450000,108
5849,Mid-Market,1,2025-10-16,Soft Skills,Soft Skills,450000,103
5850,Mid-Market,1,2025-12-13,Product Knowledge,Tools Training,450000,126
5851,Mid-Market,1,2026-03-25,Soft Skills,Soft Skills,450000,155
5852,Mid-Market,1,2025-06-10,Soft Skills,Soft Skills,450000,131
5853,Mid-Market,1,2025-06-11,Soft Skills,Tools Training,450000,78
5854,Mid-Market,1,2026-03-26,Product Knowledge,Product Knowledge,450000,155
5855,Mid-Market,1,2025-07-22,Tools Training,Tools Training,450000,169
5856,Mid-Market,1,2026-03-29,Soft Skills,Soft Skills,450000,79
5857,Mid-Market,1,2025-12-18,Sales Skills,Tools Training,450000,106
5858,Mid-Market,1,2026-04-04,Tools Training,Sales Skills,450000,124
5859,Mid-Market,1,2025-07-19,Soft Skills,Sales Skills,450000,122
5860,Mid-Market,1,2025-12-12,Product Knowledge,Product Knowledge,450000,105
5861,Mid-Market,1,2025-10-03,Sales Skills,Sales Skills,450000,142
5862,Mid-Market,1,2025-08-08,Product Knowledge,Sales Skills,450000,112
5863,Mid-Market,1,2025-06-01,Product Knowledge,Product Knowledge,450000,100
5864,Mid-Market,1,2025-08-17,Tools Training,Sales Skills,450000,119
5865,Mid-Market,1,2025-11-01,Tools Training,Sales Skills,450000,112
5866,Mid-Market,1,2025-10-12,Soft Skills,Tools Training,450000,186
5867,Mid-Market,1,2025-12-15,Product Knowledge,Sales Skills,450000,165
5868,Mid-Market,1,2026-01-09,Soft Skills,Tools Training,450000,90
5869,Mid-Market,1,2026-04-16,Soft Skills,Tools Training,450000,141
5870,Mid-Market,1,2025-05-31,Sales Skills,Soft Skills,450000,150
5871,Mid-Market,1,2026-01-29,Soft Skills,Product Knowledge,450000,96
5872,Mid-Market,1,2025-12-05,Product Knowledge,Tools Training,450000,146
5873,Mid-Market,1,2026-03-24,Sales Skills,Sales Skills,450000,148
5874,Mid-Market,1,2025-07-07,Tools Training,Product Knowledge,450000,138
5875,Mid-Market,1,2025-07-31,Product Knowledge,Sales Skills,450000,84
5876,Mid-Market,1,2025-11-22,Product Knowledge,Soft Skills,450000,143
5877,Mid-Market,1,2026-02-12,Tools Training,Sales Skills,450000,103
5878,Mid-Market,1,2025-10-07,Tools Training,Soft Skills,450000,115
5879,Mid-Market,1,2026-02-06,Sales Skills,Tools Training,450000,164
5880,Mid-Market,1,2025-11-17,Soft Skills,Soft Skills,450000,137
5881,Mid-Market,1,2026-03-22,Tools Training,Product Knowledge,450000,132
5882,Mid-Market,1,2025-10-04,Tools Training,Soft Skills,450000,123
5883,Mid-Market,1,2025-09-03,Sales Skills,Sales Skills,450000,177
5884,Mid-Market,1,2025-09-22,Tools Training,Tools Training,450000,179
5885,Mid-Market,1,2025-09-09,Sales Skills,Tools Training,450000,138
5886,Mid-Market,1,2025-07-27,Product Knowledge,Soft Skills,450000,109
5887,Mid-Market,1,2025-08-06,Sales Skills,Tools Training,450000,103
5888,Mid-Market,1,2025-11-23,Soft Skills,Soft Skills,450000,103
5889,Mid-Market,1,2025-07-03,Soft Skills,Product Knowledge,450000,131
5890,Mid-Market,1,2026-02-21,Product Knowledge,Tools Training,450000,86
5891,Mid-Market,1,2025-11-22,Sales Skills,Sales Skills,450000,109
5892,Mid-Market,1,2026-01-01,Sales Skills,Tools Training,450000,113
5893,Mid-Market,1,2025-10-17,Tools Training,Soft Skills,450000,97
5894,Mid-Market,1,2025-09-01,Sales Skills,Product Knowledge,450000,129
5895,Mid-Market,1,2026-03-08,Product Knowledge,Tools Training,450000,110
5896,Mid-Market,1,2025-09-19,Soft Skills,Product Knowledge,450000,142
5897,Mid-Market,1,2025-07-22,Sales Skills,Tools Training,450000,138
5898,Mid-Market,1,2026-04-21,Tools Training,Product Knowledge,450000,155
5899,Mid-Market,1,2026-04-06,Tools Training,Soft Skills,450000,62
5900,Mid-Market,1,2026-03-08,Soft Skills,Tools Training,450000,163
5901,Mid-Market,1,2025-09-10,Product Knowledge,Sales Skills,450000,123
5902,Mid-Market,1,2025-09-09,Product Knowledge,Tools Training,450000,99
5903,Mid-Market,1,2026-04-14,Tools Training,Tools Training,450000,82
5904,Mid-Market,1,2025-08-03,Tools Training,Tools Training,450000,198
5905,Mid-Market,1,2025-08-12,Sales Skills,Tools Training,450000,108
5906,Mid-Market,1,2025-11-01,Soft Skills,Tools Training,450000,148
5907,Mid-Market,1,2025-06-25,Sales Skills,Product Knowledge,450000,143
5908,Mid-Market,1,2025-09-23,Tools Training,Tools Training,450000,105
5909,Mid-Market,1,2025-07-22,Product Knowledge,Soft Skills,450000,164
5910,Mid-Market,1,2026-02-05,Sales Skills,Product Knowledge,450000,158
5911,Mid-Market,1,2026-02-26,Product Knowledge,Product Knowledge,450000,101
5912,Mid-Market,1,2025-11-10,Soft Skills,Product Knowledge,450000,112
5913,Mid-Market,1,2025-07-29,Product Knowledge,Tools Training,450000,78
5914,Mid-Market,1,2025-12-12,Product Knowledge,Product Knowledge,450000,84
5915,Mid-Market,1,2025-11-29,Tools Training,Soft Skills,450000,60
5916,Mid-Market,1,2026-04-20,Sales Skills,Product Knowledge,450000,115
5917,Mid-Market,1,2025-11-19,Sales Skills,Product Knowledge,450000,173
5918,Mid-Market,1,2025-12-22,Sales Skills,Product Knowledge,450000,60
5919,Mid-Market,1,2026-02-02,Sales Skills,Product Knowledge,450000,125
5920,Mid-Market,1,2026-04-26,Sales Skills,Tools Training,450000,128
5921,Mid-Market,1,2025-10-10,Sales Skills,Soft Skills,450000,156
5922,Mid-Market,1,2025-11-07,Sales Skills,Sales Skills,450000,107
5923,Mid-Market,1,2026-01-09,Sales Skills,Sales Skills,450000,82
5924,Mid-Market,1,2025-09-02,Product Knowledge,Product Knowledge,450000,122
5925,Mid-Market,1,2026-03-13,Sales Skills,Soft Skills,450000,91
5926,Mid-Market,1,2026-01-09,Product Knowledge,Tools Training,450000,91
5927,Mid-Market,1,2025-12-19,Sales Skills,Soft Skills,450000,147
5928,Mid-Market,1,2026-04-23,Sales Skills,Soft Skills,450000,103
5929,Mid-Market,1,2025-08-07,Tools Training,Product Knowledge,450000,134
5930,Mid-Market,1,2025-12-11,Sales Skills,Product Knowledge,450000,83
5931,Mid-Market,1,2025-10-21,Product Knowledge,Product Knowledge,450000,172
5932,Mid-Market,1,2025-09-12,Sales Skills,Tools Training,450000,146
5933,Mid-Market,1,2025-09-26,Soft Skills,Product Knowledge,450000,103
5934,Mid-Market,1,2026-03-23,Tools Training,Tools Training,450000,124
5935,Mid-Market,1,2025-12-09,Product Knowledge,Product Knowledge,450000,103
5936,Mid-Market,1,2025-12-10,Product Knowledge,Soft Skills,450000,185
5937,Mid-Market,1,2025-11-29,Sales Skills,Soft Skills,450000,163
5938,Mid-Market,1,2026-01-01,Tools Training,Product Knowledge,450000,109
5939,Mid-Market,1,2026-03-04,Soft Skills,Soft Skills,450000,146
5940,Mid-Market,1,2025-06-21,Tools Training,Product Knowledge,450000,116
5941,Mid-Market,1,2025-08-14,Sales Skills,Soft Skills,450000,122
5942,Mid-Market,1,2026-04-01,Tools Training,Product Knowledge,450000,125
5943,Mid-Market,1,2025-09-10,Tools Training,Soft Skills,450000,122
5944,Mid-Market,1,2025-10-27,Sales Skills,Product Knowledge,450000,182
5945,Mid-Market,1,2025-06-11,Sales Skills,Soft Skills,450000,145
5946,Mid-Market,1,2025-08-18,Soft Skills,Sales Skills,450000,97
5947,Mid-Market,1,2025-10-09,Sales Skills,Soft Skills,450000,166
5948,Mid-Market,1,2025-11-24,Sales Skills,Soft Skills,450000,87
5949,Mid-Market,1,2025-10-10,Tools Training,Product Knowledge,450000,76
5950,Mid-Market,1,2026-02-15,Soft Skills,Sales Skills,450000,138
5951,Mid-Market,1,2025-11-08,Tools Training,Sales Skills,450000,83
5952,Mid-Market,1,2025-08-15,Tools Training,Product Knowledge,450000,124
5953,Mid-Market,1,2025-06-04,Product Knowledge,Tools Training,450000,92
5954,Mid-Market,1,2025-12-08,Product Knowledge,Tools Training,450000,145
5955,Mid-Market,1,2025-12-23,Tools Training,Sales Skills,450000,65
5956,Mid-Market,1,2025-10-10,Sales Skills,Tools Training,450000,139
5957,Mid-Market,1,2025-11-23,Product Knowledge,Sales Skills,450000,115
5958,Mid-Market,1,2026-03-19,Product Knowledge,Soft Skills,450000,122
5959,Mid-Market,1,2025-12-05,Product Knowledge,Sales Skills,450000,141
5960,Mid-Market,1,2025-07-09,Soft Skills,Soft Skills,450000,160
5961,Mid-Market,1,2025-09-16,Product Knowledge,Sales Skills,450000,144
5962,Mid-Market,1,2025-06-29,Tools Training,Product Knowledge,450000,133
5963,Mid-Market,1,2025-06-01,Sales Skills,Soft Skills,450000,114
5964,Mid-Market,1,2025-12-07,Tools Training,Soft Skills,450000,173
5965,Mid-Market,1,2025-11-02,Soft Skills,Product Knowledge,450000,123
5966,Mid-Market,1,2026-02-05,Sales Skills,Soft Skills,450000,128
5967,Mid-Market,1,2025-12-24,Sales Skills,Tools Training,450000,114
5968,Mid-Market,1,2025-06-04,Soft Skills,Product Knowledge,450000,67
5969,Mid-Market,1,2025-11-26,Sales Skills,Product Knowledge,450000,83
5970,Mid-Market,1,2025-08-11,Tools Training,Tools Training,450000,136
5971,Mid-Market,1,2025-07-30,Soft Skills,Soft Skills,450000,140
5972,Mid-Market,1,2025-10-19,Soft Skills,Tools Training,450000,179
5973,Mid-Market,1,2025-07-04,Soft Skills,Product Knowledge,450000,149
5974,Mid-Market,1,2025-10-29,Tools Training,Product Knowledge,450000,110
5975,Mid-Market,1,2025-10-19,Soft Skills,Sales Skills,450000,145
5976,Mid-Market,1,2025-08-07,Product Knowledge,Product Knowledge,450000,140
5977,Mid-Market,1,2026-03-17,Product Knowledge,Tools Training,450000,126
5978,Mid-Market,1,2025-06-26,Product Knowledge,Soft Skills,450000,104
5979,Mid-Market,1,2025-06-19,Soft Skills,Sales Skills,450000,122
5980,Mid-Market,1,2025-08-24,Tools Training,Sales Skills,450000,183
5981,Mid-Market,1,2025-10-30,Sales Skills,Soft Skills,450000,149
5982,Mid-Market,1,2025-12-31,Product Knowledge,Tools Training,450000,142
5983,Mid-Market,1,2026-02-17,Sales Skills,Tools Training,450000,125
5984,Mid-Market,1,2026-03-09,Soft Skills,Product Knowledge,450000,181
5985,Mid-Market,1,2026-01-01,Sales Skills,Tools Training,450000,87
5986,Mid-Market,1,2025-11-08,Sales Skills,Sales Skills,450000,120
5987,Mid-Market,1,2025-06-15,Product Knowledge,Tools Training,450000,118
5988,Mid-Market,1,2026-02-22,Product Knowledge,Product Knowledge,450000,137
5989,Mid-Market,1,2025-12-13,Soft Skills,Sales Skills,450000,165
5990,Mid-Market,1,2026-04-07,Product Knowledge,Tools Training,450000,89
5991,Mid-Market,1,2025-06-05,Soft Skills,Tools Training,450000,163
5992,Mid-Market,1,2026-01-07,Product Knowledge,Soft Skills,450000,87
5993,Mid-Market,1,2026-04-22,Sales Skills,Product Knowledge,450000,150
5994,Mid-Market,1,2026-01-13,Sales Skills,Sales Skills,450000,109
5995,Mid-Market,1,2025-10-24,Product Knowledge,Tools Training,450000,117
5996,Mid-Market,1,2025-12-06,Soft Skills,Sales Skills,450000,130
5997,Mid-Market,1,2026-01-06,Product Knowledge,Product Knowledge,450000,132
5998,Mid-Market,1,2026-03-14,Tools Training,Soft Skills,450000,177
5999,Mid-Market,1,2025-10-11,Soft Skills,Product Knowledge,450000,86
6000,Mid-Market,1,2025-07-12,Sales Skills,Soft Skills,450000,120
6001,Mid-Market,1,2025-08-10,Product Knowledge,Soft Skills,450000,192
6002,Mid-Market,1,2026-01-10,Product Knowledge,Soft Skills,450000,149
6003,Mid-Market,1,2026-04-02,Sales Skills,Sales Skills,450000,94
6004,Mid-Market,1,2026-04-08,Soft Skills,Tools Training,450000,167
6005,Mid-Market,1,2025-09-10,Sales Skills,Tools Training,450000,115
6006,Mid-Market,1,2025-10-10,Sales Skills,Soft Skills,450000,93
6007,Mid-Market,1,2026-03-18,Sales Skills,Tools Training,450000,83
6008,Mid-Market,1,2025-11-07,Sales Skills,Product Knowledge,450000,130
6009,Mid-Market,1,2025-09-22,Sales Skills,Tools Training,450000,128
6010,Mid-Market,1,2026-02-28,Product Knowledge,Soft Skills,450000,81
6011,Mid-Market,1,2025-11-30,Tools Training,Sales Skills,450000,154
6012,Mid-Market,1,2025-11-19,Soft Skills,Sales Skills,450000,131
6013,Mid-Market,1,2025-06-02,Product Knowledge,Soft Skills,450000,183
6014,Mid-Market,1,2025-09-23,Product Knowledge,Product Knowledge,450000,112
6015,Mid-Market,1,2025-07-07,Sales Skills,Sales Skills,450000,89
6016,Mid-Market,1,2025-06-24,Tools Training,Soft Skills,450000,113
6017,Mid-Market,1,2026-01-23,Sales Skills,Product Knowledge,450000,113
6018,Mid-Market,1,2026-03-17,Tools Training,Product Knowledge,450000,89
6019,Mid-Market,1,2025-09-15,Tools Training,Soft Skills,450000,91
6020,Mid-Market,1,2026-04-29,Product Knowledge,Soft Skills,450000,179
6021,Mid-Market,1,2026-04-03,Product Knowledge,Tools Training,450000,109
6022,Mid-Market,1,2025-12-10,Soft Skills,Soft Skills,450000,95
6023,Mid-Market,1,2025-06-22,Sales Skills,Sales Skills,450000,106
6024,Mid-Market,1,2026-03-04,Product Knowledge,Product Knowledge,450000,137
6025,Mid-Market,1,2025-11-12,Tools Training,Product Knowledge,450000,63
6026,Mid-Market,1,2025-10-10,Tools Training,Sales Skills,450000,179
6027,Mid-Market,1,2025-10-26,Tools Training,Sales Skills,450000,135
6028,Mid-Market,1,2025-09-15,Sales Skills,Soft Skills,450000,121
6029,Mid-Market,1,2025-12-03,Tools Training,Soft Skills,450000,99
6030,Mid-Market,1,2026-03-05,Sales Skills,Soft Skills,450000,160
6031,Mid-Market,1,2025-10-27,Sales Skills,Product Knowledge,450000,125
6032,Mid-Market,1,2025-09-22,Soft Skills,Soft Skills,450000,97
6033,Mid-Market,1,2025-10-01,Soft Skills,Soft Skills,450000,140
6034,Mid-Market,1,2025-10-24,Product Knowledge,Tools Training,450000,144
6035,Mid-Market,1,2026-03-12,Soft Skills,Sales Skills,450000,112
6036,Mid-Market,1,2025-06-13,Sales Skills,Sales Skills,450000,140
6037,Mid-Market,1,2025-08-09,Product Knowledge,Tools Training,450000,114
6038,Mid-Market,1,2025-08-26,Soft Skills,Soft Skills,450000,139
6039,Mid-Market,1,2025-06-22,Soft Skills,Soft Skills,450000,107
6040,Mid-Market,1,2025-07-30,Sales Skills,Soft Skills,450000,116
6041,Mid-Market,1,2026-01-04,Product Knowledge,Sales Skills,450000,131
6042,Mid-Market,1,2026-04-20,Tools Training,Tools Training,450000,162
6043,Mid-Market,1,2025-09-08,Product Knowledge,Product Knowledge,450000,169
6044,Mid-Market,1,2026-04-21,Sales Skills,Soft Skills,450000,153
6045,Mid-Market,1,2025-07-09,Product Knowledge,Product Knowledge,450000,146
6046,Mid-Market,1,2025-11-29,Soft Skills,Soft Skills,450000,78
6047,Mid-Market,1,2026-02-06,Product Knowledge,Soft Skills,450000,93
6048,Mid-Market,1,2026-03-22,Soft Skills,Sales Skills,450000,134
6049,Mid-Market,1,2025-06-19,Soft Skills,Tools Training,450000,112
6050,Mid-Market,1,2025-07-14,Soft Skills,Soft Skills,450000,103
6051,Mid-Market,1,2026-02-19,Soft Skills,Soft Skills,450000,145
6052,Mid-Market,1,2025-07-30,Tools Training,Product Knowledge,450000,79
6053,Mid-Market,1,2026-03-06,Tools Training,Product Knowledge,450000,126
6054,Mid-Market,1,2025-12-31,Sales Skills,Product Knowledge,450000,117
6055,Mid-Market,1,2025-08-18,Soft Skills,Sales Skills,450000,145
6056,Mid-Market,1,2025-08-11,Tools Training,Product Knowledge,450000,124
6057,Mid-Market,1,2025-11-10,Sales Skills,Tools Training,450000,103
6058,Mid-Market,1,2026-02-04,Soft Skills,Product Knowledge,450000,128
6059,Mid-Market,1,2025-12-19,Product Knowledge,Product Knowledge,450000,163
6060,Mid-Market,1,2026-01-13,Sales Skills,Tools Training,450000,104
6061,Mid-Market,1,2026-02-05,Soft Skills,Soft Skills,450000,105
6062,Mid-Market,1,2025-07-22,Product Knowledge,Product Knowledge,450000,168
6063,Mid-Market,1,2025-10-06,Sales Skills,Product Knowledge,450000,120
6064,Mid-Market,1,2026-02-10,Sales Skills,Product Knowledge,450000,145
6065,Mid-Market,1,2025-07-03,Sales Skills,Tools Training,450000,104
6066,Mid-Market,1,2026-02-27,Product Knowledge,Product Knowledge,450000,159
6067,Mid-Market,1,2025-09-20,Product Knowledge,Tools Training,450000,132
6068,Mid-Market,1,2025-11-24,Tools Training,Sales Skills,450000,142
6069,Mid-Market,1,2026-04-21,Soft Skills,Tools Training,450000,124
6070,Mid-Market,1,2026-02-22,Tools Training,Product Knowledge,450000,110
6071,Mid-Market,1,2026-01-15,Soft Skills,Tools Training,450000,139
6072,Mid-Market,1,2026-03-10,Product Knowledge,Soft Skills,450000,152
6073,Mid-Market,1,2025-10-29,Soft Skills,Sales Skills,450000,117
6074,Mid-Market,1,2025-06-30,Soft Skills,Product Knowledge,450000,108
6075,Mid-Market,1,2025-10-14,Product Knowledge,Sales Skills,450000,139
6076,Mid-Market,1,2025-12-23,Soft Skills,Product Knowledge,450000,94
6077,Mid-Market,1,2025-06-23,Tools Training,Sales Skills,450000,139
6078,Mid-Market,1,2025-12-20,Product Knowledge,Soft Skills,450000,133
6079,Mid-Market,1,2025-06-07,Product Knowledge,Tools Training,450000,134
6080,Mid-Market,1,2025-07-21,Tools Training,Soft Skills,450000,107
6081,Mid-Market,1,2025-11-25,Soft Skills,Product Knowledge,450000,155
6082,Mid-Market,1,2026-02-08,Tools Training,Soft Skills,450000,107
6083,Mid-Market,1,2025-08-15,Tools Training,Sales Skills,450000,86
6084,Mid-Market,1,2026-01-24,Sales Skills,Tools Training,450000,120
6085,Mid-Market,1,2026-04-28,Product Knowledge,Sales Skills,450000,125
6086,Mid-Market,1,2025-08-11,Product Knowledge,Tools Training,450000,96
6087,Mid-Market,1,2025-09-16,Sales Skills,Product Knowledge,450000,147
6088,Mid-Market,1,2025-07-03,Tools Training,Soft Skills,450000,77
6089,Mid-Market,1,2025-06-10,Tools Training,Product Knowledge,450000,134
6090,Mid-Market,1,2026-03-07,Soft Skills,Sales Skills,450000,140
6091,Mid-Market,1,2025-07-21,Sales Skills,Product Knowledge,450000,101
6092,Mid-Market,1,2026-03-07,Tools Training,Sales Skills,450000,107
6093,Mid-Market,1,2025-09-06,Soft Skills,Sales Skills,450000,99
6094,Mid-Market,1,2026-03-22,Product Knowledge,Sales Skills,450000,96
6095,Mid-Market,1,2025-09-14,Sales Skills,Sales Skills,450000,100
6096,Mid-Market,1,2025-11-13,Tools Training,Sales Skills,450000,155
6097,Mid-Market,1,2026-02-22,Sales Skills,Tools Training,450000,151
6098,Mid-Market,1,2025-07-01,Tools Training,Tools Training,450000,130
6099,Mid-Market,1,2026-04-17,Tools Training,Sales Skills,450000,95
6100,Mid-Market,1,2025-08-22,Tools Training,Product Knowledge,450000,85
6101,Mid-Market,1,2025-09-07,Product Knowledge,Sales Skills,450000,110
6102,Mid-Market,1,2026-02-11,Sales Skills,Product Knowledge,450000,137
6103,Mid-Market,1,2025-10-18,Sales Skills,Sales Skills,450000,104
6104,Mid-Market,1,2026-04-06,Sales Skills,Soft Skills,450000,98
6105,Mid-Market,1,2026-02-06,Soft Skills,Product Knowledge,450000,121
6106,Mid-Market,1,2026-03-21,Soft Skills,Sales Skills,450000,143
6107,Mid-Market,1,2026-04-26,Product Knowledge,Product Knowledge,450000,90
6108,Mid-Market,1,2025-12-11,Product Knowledge,Tools Training,450000,93
6109,Mid-Market,1,2026-03-07,Soft Skills,Soft Skills,450000,150
6110,Mid-Market,1,2025-07-22,Soft Skills,Sales Skills,450000,123
6111,Mid-Market,1,2025-07-03,Tools Training,Soft Skills,450000,70
6112,Mid-Market,1,2025-11-24,Product Knowledge,Sales Skills,450000,126
6113,Mid-Market,1,2025-08-04,Product Knowledge,Sales Skills,450000,96
6114,Mid-Market,1,2025-07-19,Sales Skills,Tools Training,450000,163
6115,Mid-Market,1,2025-10-01,Sales Skills,Sales Skills,450000,158
6116,Mid-Market,1,2025-12-26,Sales Skills,Soft Skills,450000,126
6117,Mid-Market,1,2026-01-22,Soft Skills,Soft Skills,450000,145
6118,Mid-Market,1,2026-02-16,Tools Training,Soft Skills,450000,135
6119,Mid-Market,1,2025-07-22,Soft Skills,Product Knowledge,450000,165
6120,Mid-Market,1,2025-08-20,Soft Skills,Sales Skills,450000,85
6121,Mid-Market,0,,,,450000,153
6122,Mid-Market,0,,,,450000,149
6123,Mid-Market,0,,,,450000,166
6124,Mid-Market,0,,,,450000,179
6125,Mid-Market,0,,,,450000,163
6126,Mid-Market,0,,,,450000,211
6127,Mid-Market,0,,,,450000,190
6128,Mid-Market,0,,,,450000,123
6129,Mid-Market,0,,,,450000,190
6130,Mid-Market,0,,,,450000,193
6131,Mid-Market,0,,,,450000,160
6132,Mid-Market,0,,,,450000,126
6133,Mid-Market,0,,,,450000,174
6134,Mid-Market,0,,,,450000,173
6135,Mid-Market,0,,,,450000,138
6136,Mid-Market,0,,,,450000,127
6137,Mid-Market,0,,,,450000,171
6138,Mid-Market,0,,,,450000,166
6139,Mid-Market,0,,,,450000,160
6140,Mid-Market,0,,,,450000,171
6141,Mid-Market,0,,,,450000,138
6142,Mid-Market,0,,,,450000,160
6143,Mid-Market,0,,,,450000,191
6144,Mid-Market,0,,,,450000,162
6145,Mid-Market,0,,,,450000,120
6146,Mid-Market,0,,,,450000,158
6147,Mid-Market,0,,,,450000,139
6148,Mid-Market,0,,,,450000,182
6149,Mid-Market,0,,,,450000,184
6150,Mid-Market,0,,,,450000,120
6151,Mid-Market,0,,,,450000,198
6152,Mid-Market,0,,,,450000,138
6153,Mid-Market,0,,,,450000,223
6154,Mid-Market,0,,,,450000,172
6155,Mid-Market,0,,,,450000,134
6156,Mid-Market,0,,,,450000,137
6157,Mid-Market,0,,,,450000,185
6158,Mid-Market,0,,,,450000,161
6159,Mid-Market,0,,,,450000,170
6160,Mid-Market,0,,,,450000,225
6161,Mid-Market,0,,,,450000,151
6162,Mid-Market,0,,,,450000,175
6163,Mid-Market,0,,,,450000,219
6164,Mid-Market,0,,,,450000,182
6165,Mid-Market,0,,,,450000,122
6166,Mid-Market,0,,,,450000,190
6167,Mid-Market,0,,,,450000,136
6168,Mid-Market,0,,,,450000,219
6169,Mid-Market,0,,,,450000,147
6170,Mid-Market,0,,,,450000,240
6171,Mid-Market,0,,,,450000,220
6172,Mid-Market,0,,,,450000,148
6173,Mid-Market,0,,,,450000,174
6174,Mid-Market,0,,,,450000,198
6175,Mid-Market,0,,,,450000,199
6176,Mid-Market,0,,,,450000,188
6177,Mid-Market,0,,,,450000,214
6178,Mid-Market,0,,,,450000,170
6179,Mid-Market,0,,,,450000,162
6180,Mid-Market,0,,,,450000,162
6181,Mid-Market,0,,,,450000,201
6182,Mid-Market,0,,,,450000,185
6183,Mid-Market,0,,,,450000,183
6184,Mid-Market,0,,,,450000,199
6185,Mid-Market,0,,,,450000,108
6186,Mid-Market,0,,,,450000,183
6187,Mid-Market,0,,,,450000,180
6188,Mid-Market,0,,,,450000,227
6189,Mid-Market,0,,,,450000,125
6190,Mid-Market,0,,,,450000,223
6191,Mid-Market,0,,,,450000,176
6192,Mid-Market,0,,,,450000,189
6193,Mid-Market,0,,,,450000,227
6194,Mid-Market,0,,,,450000,191
6195,Mid-Market,0,,,,450000,186
6196,Mid-Market,0,,,,450000,181
6197,Mid-Market,0,,,,450000,158
6198,Mid-Market,0,,,,450000,173
6199,Mid-Market,0,,,,450000,151
6200,Mid-Market,0,,,,450000,172
6201,Mid-Market,0,,,,450000,99
6202,Mid-Market,0,,,,450000,187
6203,Mid-Market,0,,,,450000,170
6204,Mid-Market,0,,,,450000,163
6205,Mid-Market,0,,,,450000,181
6206,Mid-Market,0,,,,450000,128
6207,Mid-Market,0,,,,450000,235
6208,Mid-Market,0,,,,450000,170
6209,Mid-Market,0,,,,450000,169
6210,Mid-Market,0,,,,450000,143
6211,Mid-Market,0,,,,450000,174
6212,Mid-Market,0,,,,450000,218
6213,Mid-Market,0,,,,450000,207
6214,Mid-Market,0,,,,450000,201
6215,Mid-Market,0,,,,450000,191
6216,Mid-Market,0,,,,450000,162
6217,Mid-Market,0,,,,450000,127
6218,Mid-Market,0,,,,450000,167
6219,Mid-Market,0,,,,450000,166
6220,Mid-Market,0,,,,450000,207
6221,Mid-Market,0,,,,450000,183
6222,Mid-Market,0,,,,450000,225
6223,Mid-Market,0,,,,450000,212
6224,Mid-Market,0,,,,450000,159
6225,Mid-Market,0,,,,450000,116
6226,Mid-Market,0,,,,450000,218
6227,Mid-Market,0,,,,450000,217
6228,Mid-Market,0,,,,450000,130
6229,Mid-Market,0,,,,450000,222
6230,Mid-Market,0,,,,450000,186
6231,Mid-Market,0,,,,450000,179
6232,Mid-Market,0,,,,450000,225
6233,Mid-Market,0,,,,450000,217
6234,Mid-Market,0,,,,450000,194
6235,Mid-Market,0,,,,450000,189
6236,Mid-Market,0,,,,450000,193
6237,Mid-Market,0,,,,450000,161
6238,Mid-Market,0,,,,450000,172
6239,Mid-Market,0,,,,450000,145
6240,Mid-Market,0,,,,450000,163
6241,Mid-Market,0,,,,450000,162
6242,Mid-Market,0,,,,450000,153
6243,Mid-Market,0,,,,450000,178
6244,Mid-Market,0,,,,450000,163
6245,Mid-Market,0,,,,450000,190
6246,Mid-Market,0,,,,450000,122
6247,Mid-Market,0,,,,450000,170
6248,Mid-Market,0,,,,450000,178
6249,Mid-Market,0,,,,450000,164
6250,Mid-Market,0,,,,450000,168
6251,Mid-Market,0,,,,450000,123
6252,Mid-Market,0,,,,450000,185
6253,Mid-Market,0,,,,450000,194
6254,Mid-Market,0,,,,450000,189
6255,Mid-Market,0,,,,450000,207
6256,Mid-Market,0,,,,450000,180
6257,Mid-Market,0,,,,450000,189
6258,Mid-Market,0,,,,450000,178
6259,Mid-Market,0,,,,450000,196
6260,Mid-Market,0,,,,450000,123
6261,Mid-Market,0,,,,450000,145
6262,Mid-Market,0,,,,450000,224
6263,Mid-Market,0,,,,450000,95
6264,Mid-Market,0,,,,450000,169
6265,Mid-Market,0,,,,450000,211
6266,Mid-Market,0,,,,450000,171
6267,Mid-Market,0,,,,450000,161
6268,Mid-Market,0,,,,450000,178
6269,Mid-Market,0,,,,450000,162
6270,Mid-Market,0,,,,450000,174
6271,Mid-Market,0,,,,450000,152
6272,Mid-Market,0,,,,450000,209
6273,Mid-Market,0,,,,450000,219
6274,Mid-Market,0,,,,450000,169
6275,Mid-Market,0,,,,450000,129
6276,Mid-Market,0,,,,450000,157
6277,Mid-Market,0,,,,450000,168
6278,Mid-Market,0,,,,450000,190
6279,Mid-Market,0,,,,450000,141
6280,Mid-Market,0,,,,450000,149
6281,Mid-Market,0,,,,450000,190
6282,Mid-Market,0,,,,450000,204
6283,Mid-Market,0,,,,450000,154
6284,Mid-Market,0,,,,450000,131
6285,Mid-Market,0,,,,450000,240
6286,Mid-Market,0,,,,450000,199
6287,Mid-Market,0,,,,450000,165
6288,Mid-Market,0,,,,450000,201
6289,Mid-Market,0,,,,450000,170
6290,Mid-Market,0,,,,450000,201
6291,Mid-Market,0,,,,450000,179
6292,Mid-Market,0,,,,450000,176
6293,Mid-Market,0,,,,450000,170
6294,Mid-Market,0,,,,450000,127
6295,Mid-Market,0,,,,450000,236
6296,Mid-Market,0,,,,450000,143
6297,Mid-Market,0,,,,450000,130
6298,Mid-Market,0,,,,450000,167
6299,Mid-Market,0,,,,450000,143
6300,Mid-Market,0,,,,450000,172
6301,Mid-Market,0,,,,450000,196
6302,Mid-Market,0,,,,450000,205
6303,Mid-Market,0,,,,450000,200
6304,Mid-Market,0,,,,450000,164
6305,Mid-Market,0,,,,450000,175
6306,Mid-Market,0,,,,450000,187
6307,Mid-Market,0,,,,450000,117
6308,Mid-Market,0,,,,450000,192
6309,Mid-Market,0,,,,450000,127
6310,Mid-Market,0,,,,450000,239
6311,Mid-Market,0,,,,450000,161
6312,Mid-Market,0,,,,450000,168
6313,Mid-Market,0,,,,450000,149
6314,Mid-Market,0,,,,450000,153
6315,Mid-Market,0,,,,450000,240
6316,Mid-Market,0,,,,450000,204
6317,Mid-Market,0,,,,450000,124
6318,Mid-Market,0,,,,450000,222
6319,Mid-Market,0,,,,450000,212
6320,Mid-Market,0,,,,450000,165
6321,Mid-Market,0,,,,450000,183
6322,Mid-Market,0,,,,450000,173
6323,Mid-Market,0,,,,450000,237
6324,Mid-Market,0,,,,450000,148
6325,Mid-Market,0,,,,450000,178
6326,Mid-Market,0,,,,450000,160
6327,Mid-Market,0,,,,450000,128
6328,Mid-Market,0,,,,450000,240
6329,Mid-Market,0,,,,450000,136
6330,Mid-Market,0,,,,450000,181
6331,Mid-Market,0,,,,450000,118
6332,Mid-Market,0,,,,450000,161
6333,Mid-Market,0,,,,450000,187
6334,Mid-Market,0,,,,450000,147
6335,Mid-Market,0,,,,450000,192
6336,Mid-Market,0,,,,450000,165
6337,Mid-Market,0,,,,450000,211
6338,Mid-Market,0,,,,450000,217
6339,Mid-Market,0,,,,450000,155
6340,Mid-Market,0,,,,450000,176
6341,Mid-Market,0,,,,450000,179
6342,Mid-Market,0,,,,450000,193
6343,Mid-Market,0,,,,450000,174
6344,Mid-Market,0,,,,450000,180
6345,Mid-Market,0,,,,450000,166
6346,Mid-Market,0,,,,450000,177
6347,Mid-Market,0,,,,450000,215
6348,Mid-Market,0,,,,450000,194
6349,Mid-Market,0,,,,450000,196
6350,Mid-Market,0,,,,450000,197
6351,Mid-Market,0,,,,450000,169
6352,Mid-Market,0,,,,450000,184
6353,Mid-Market,0,,,,450000,139
6354,Mid-Market,0,,,,450000,214
6355,Mid-Market,0,,,,450000,90
6356,Mid-Market,0,,,,450000,171
6357,Mid-Market,0,,,,450000,210
6358,Mid-Market,0,,,,450000,130
6359,Mid-Market,0,,,,450000,186
6360,Mid-Market,0,,,,450000,152
6361,Mid-Market,0,,,,450000,162
6362,Mid-Market,0,,,,450000,204
6363,Mid-Market,0,,,,450000,180
6364,Mid-Market,0,,,,450000,108
6365,Mid-Market,0,,,,450000,142
6366,Mid-Market,0,,,,450000,205
6367,Mid-Market,0,,,,450000,188
6368,Mid-Market,0,,,,450000,229
6369,Mid-Market,0,,,,450000,227
6370,Mid-Market,0,,,,450000,163
6371,Mid-Market,0,,,,450000,240
6372,Mid-Market,0,,,,450000,174
6373,Mid-Market,0,,,,450000,143
6374,Mid-Market,0,,,,450000,153
6375,Mid-Market,0,,,,450000,101
6376,Mid-Market,0,,,,450000,225
6377,Mid-Market,0,,,,450000,225
6378,Mid-Market,0,,,,450000,141
6379,Mid-Market,0,,,,450000,166
6380,Mid-Market,0,,,,450000,177
6381,Mid-Market,0,,,,450000,143
6382,Mid-Market,0,,,,450000,117
6383,Mid-Market,0,,,,450000,167
6384,Mid-Market,0,,,,450000,163
6385,Mid-Market,0,,,,450000,161
6386,Mid-Market,0,,,,450000,181
6387,Mid-Market,0,,,,450000,219
6388,Mid-Market,0,,,,450000,164
6389,Mid-Market,0,,,,450000,179
6390,Mid-Market,0,,,,450000,197
6391,Mid-Market,0,,,,450000,191
6392,Mid-Market,0,,,,450000,154
6393,Mid-Market,0,,,,450000,177
6394,Mid-Market,0,,,,450000,191
6395,Mid-Market,0,,,,450000,137
6396,Mid-Market,0,,,,450000,214
6397,Mid-Market,0,,,,450000,219
6398,Mid-Market,0,,,,450000,150
6399,Mid-Market,0,,,,450000,180
6400,Mid-Market,0,,,,450000,194
6401,Mid-Market,0,,,,450000,156
6402,Mid-Market,0,,,,450000,189
6403,Mid-Market,0,,,,450000,179
6404,Mid-Market,0,,,,450000,127
6405,Mid-Market,0,,,,450000,188
6406,Mid-Market,0,,,,450000,138
6407,Mid-Market,0,,,,450000,204
6408,Mid-Market,0,,,,450000,152
6409,Mid-Market,0,,,,450000,168
6410,Mid-Market,0,,,,450000,217
6411,Mid-Market,0,,,,450000,189
6412,Mid-Market,0,,,,450000,139
6413,Mid-Market,0,,,,450000,141
6414,Mid-Market,0,,,,450000,154
6415,Mid-Market,0,,,,450000,186
6416,Mid-Market,0,,,,450000,185
6417,Mid-Market,0,,,,450000,147
6418,Mid-Market,0,,,,450000,136
6419,Mid-Market,0,,,,450000,183
6420,Mid-Market,0,,,,450000,168
6421,Mid-Market,0,,,,450000,240
6422,Mid-Market,0,,,,450000,175
6423,Mid-Market,0,,,,450000,232
6424,Mid-Market,0,,,,450000,136
6425,Mid-Market,0,,,,450000,123
6426,Mid-Market,0,,,,450000,138
6427,Mid-Market,0,,,,450000,212
6428,Mid-Market,0,,,,450000,230
6429,Mid-Market,0,,,,450000,148
6430,Mid-Market,0,,,,450000,159
6431,Mid-Market,0,,,,450000,136
6432,Mid-Market,0,,,,450000,116
6433,Mid-Market,0,,,,450000,196
6434,Mid-Market,0,,,,450000,181
6435,Mid-Market,0,,,,450000,174
6436,Mid-Market,0,,,,450000,129
6437,Mid-Market,0,,,,450000,226
6438,Mid-Market,0,,,,450000,157
6439,Mid-Market,0,,,,450000,191
6440,Mid-Market,0,,,,450000,127
6441,Mid-Market,0,,,,450000,167
6442,Mid-Market,0,,,,450000,183
6443,Mid-Market,0,,,,450000,184
6444,Mid-Market,0,,,,450000,178
6445,Mid-Market,0,,,,450000,189
6446,Mid-Market,0,,,,450000,137
6447,Mid-Market,0,,,,450000,180
6448,Mid-Market,0,,,,450000,177
6449,Mid-Market,0,,,,450000,181
6450,Mid-Market,0,,,,450000,176
6451,Mid-Market,0,,,,450000,133
6452,Mid-Market,0,,,,450000,131
6453,Mid-Market,0,,,,450000,103
6454,Mid-Market,0,,,,450000,200
6455,Mid-Market,0,,,,450000,200
6456,Mid-Market,0,,,,450000,200
6457,Mid-Market,0,,,,450000,183
6458,Mid-Market,0,,,,450000,105
6459,Mid-Market,0,,,,450000,141
6460,Mid-Market,0,,,,450000,179
6461,Mid-Market,0,,,,450000,178
6462,Mid-Market,0,,,,450000,166
6463,Mid-Market,0,,,,450000,185
6464,Mid-Market,0,,,,450000,174
6465,Mid-Market,0,,,,450000,177
6466,Mid-Market,0,,,,450000,153
6467,Mid-Market,0,,,,450000,205
6468,Mid-Market,0,,,,450000,160
6469,Mid-Market,0,,,,450000,131
6470,Mid-Market,0,,,,450000,149
6471,Mid-Market,0,,,,450000,162
6472,Mid-Market,0,,,,450000,205
6473,Mid-Market,0,,,,450000,172
6474,Mid-Market,0,,,,450000,168
6475,Mid-Market,0,,,,450000,134
6476,Mid-Market,0,,,,450000,199
6477,Mid-Market,0,,,,450000,153
6478,Mid-Market,0,,,,450000,170
6479,Mid-Market,0,,,,450000,221
6480,Mid-Market,0,,,,450000,190
6481,Mid-Market,0,,,,450000,121
6482,Mid-Market,0,,,,450000,117
6483,Mid-Market,0,,,,450000,171
6484,Mid-Market,0,,,,450000,135
6485,Mid-Market,0,,,,450000,194
6486,Mid-Market,0,,,,450000,175
6487,Mid-Market,0,,,,450000,179
6488,Mid-Market,0,,,,450000,151
6489,Mid-Market,0,,,,450000,229
6490,Mid-Market,0,,,,450000,240
6491,Mid-Market,0,,,,450000,165
6492,Mid-Market,0,,,,450000,185
6493,Mid-Market,0,,,,450000,177
6494,Mid-Market,0,,,,450000,165
6495,Mid-Market,0,,,,450000,147
6496,Mid-Market,0,,,,450000,139
6497,Mid-Market,0,,,,450000,137
6498,Mid-Market,0,,,,450000,186
6499,Mid-Market,0,,,,450000,157
6500,Mid-Market,0,,,,450000,91
6501,Mid-Market,0,,,,450000,188
6502,Mid-Market,0,,,,450000,172
6503,Mid-Market,0,,,,450000,217
6504,Mid-Market,0,,,,450000,185
6505,Mid-Market,0,,,,450000,126
6506,Mid-Market,0,,,,450000,102
6507,Mid-Market,0,,,,450000,150
6508,Mid-Market,0,,,,450000,153
6509,Mid-Market,0,,,,450000,204
6510,Mid-Market,0,,,,450000,173
6511,Mid-Market,0,,,,450000,210
6512,Mid-Market,0,,,,450000,131
6513,Mid-Market,0,,,,450000,204
6514,Mid-Market,0,,,,450000,197
6515,Mid-Market,0,,,,450000,109
6516,Mid-Market,0,,,,450000,216
6517,Mid-Market,0,,,,450000,176
6518,Mid-Market,0,,,,450000,186
6519,Mid-Market,0,,,,450000,146
6520,Mid-Market,0,,,,450000,214
6521,Mid-Market,0,,,,450000,136
6522,Mid-Market,0,,,,450000,200
6523,Mid-Market,0,,,,450000,200
6524,Mid-Market,0,,,,450000,142
6525,Mid-Market,0,,,,450000,237
6526,Mid-Market,0,,,,450000,181
6527,Mid-Market,0,,,,450000,194
6528,Mid-Market,0,,,,450000,125
6529,Mid-Market,0,,,,450000,240
6530,Mid-Market,0,,,,450000,134
6531,Mid-Market,0,,,,450000,206
6532,Mid-Market,0,,,,450000,142
6533,Mid-Market,0,,,,450000,154
6534,Mid-Market,0,,,,450000,199
6535,Mid-Market,0,,,,450000,206
6536,Mid-Market,0,,,,450000,133
6537,Mid-Market,0,,,,450000,208
6538,Mid-Market,0,,,,450000,207
6539,Mid-Market,0,,,,450000,143
6540,Mid-Market,0,,,,450000,225
6541,Mid-Market,0,,,,450000,127
6542,Mid-Market,0,,,,450000,154
6543,Mid-Market,0,,,,450000,189
6544,Mid-Market,0,,,,450000,146
6545,Mid-Market,0,,,,450000,182
6546,Mid-Market,0,,,,450000,181
6547,Mid-Market,0,,,,450000,168
6548,Mid-Market,0,,,,450000,200
6549,Mid-Market,0,,,,450000,166
6550,Mid-Market,0,,,,450000,181
6551,Mid-Market,0,,,,450000,210
6552,Mid-Market,0,,,,450000,199
6553,Mid-Market,0,,,,450000,199
6554,Mid-Market,0,,,,450000,137
6555,Mid-Market,0,,,,450000,190
6556,Mid-Market,0,,,,450000,145
6557,Mid-Market,0,,,,450000,132
6558,Mid-Market,0,,,,450000,171
6559,Mid-Market,0,,,,450000,145
6560,Mid-Market,0,,,,450000,199
6561,Mid-Market,0,,,,450000,200
6562,Mid-Market,0,,,,450000,113
6563,Mid-Market,0,,,,450000,147
6564,Mid-Market,0,,,,450000,127
6565,Mid-Market,0,,,,450000,159
6566,Mid-Market,0,,,,450000,188
6567,Mid-Market,0,,,,450000,166
6568,Mid-Market,0,,,,450000,155
6569,Mid-Market,0,,,,450000,215
6570,Mid-Market,0,,,,450000,100
6571,Mid-Market,0,,,,450000,213
6572,Mid-Market,0,,,,450000,156
6573,Mid-Market,0,,,,450000,171
6574,Mid-Market,0,,,,450000,157
6575,Mid-Market,0,,,,450000,223
6576,Mid-Market,0,,,,450000,134
6577,Mid-Market,0,,,,450000,174
6578,Mid-Market,0,,,,450000,190
6579,Mid-Market,0,,,,450000,122
6580,Mid-Market,0,,,,450000,144
6581,Mid-Market,0,,,,450000,169
6582,Mid-Market,0,,,,450000,145
6583,Mid-Market,0,,,,450000,147
6584,Mid-Market,0,,,,450000,162
6585,Mid-Market,0,,,,450000,194
6586,Mid-Market,0,,,,450000,163
6587,Mid-Market,0,,,,450000,208
6588,Mid-Market,0,,,,450000,142
6589,Mid-Market,0,,,,450000,133
6590,Mid-Market,0,,,,450000,235
6591,Mid-Market,0,,,,450000,152
6592,Mid-Market,0,,,,450000,132
6593,Mid-Market,0,,,,450000,118
6594,Mid-Market,0,,,,450000,208
6595,Mid-Market,0,,,,450000,163
6596,Mid-Market,0,,,,450000,165
6597,Mid-Market,0,,,,450000,168
6598,Mid-Market,0,,,,450000,206
6599,Mid-Market,0,,,,450000,168
6600,Mid-Market,0,,,,450000,240
6601,Mid-Market,0,,,,450000,178
6602,Mid-Market,0,,,,450000,207
6603,Mid-Market,0,,,,450000,199
6604,Mid-Market,0,,,,450000,172
6605,Mid-Market,0,,,,450000,155
6606,Mid-Market,0,,,,450000,184
6607,Mid-Market,0,,,,450000,190
6608,Mid-Market,0,,,,450000,155
6609,Mid-Market,0,,,,450000,179
6610,Mid-Market,0,,,,450000,213
6611,Mid-Market,0,,,,450000,240
6612,Mid-Market,0,,,,450000,201
6613,Mid-Market,0,,,,450000,233
6614,Mid-Market,0,,,,450000,153
6615,Mid-Market,0,,,,450000,196
6616,Mid-Market,0,,,,450000,216
6617,Mid-Market,0,,,,450000,145
6618,Mid-Market,0,,,,450000,158
6619,Mid-Market,0,,,,450000,229
6620,Mid-Market,0,,,,450000,142
6621,Mid-Market,0,,,,450000,131
6622,Mid-Market,0,,,,450000,222
6623,Mid-Market,0,,,,450000,212
6624,Mid-Market,0,,,,450000,187
6625,Mid-Market,0,,,,450000,172
6626,Mid-Market,0,,,,450000,159
6627,Mid-Market,0,,,,450000,183
6628,Mid-Market,0,,,,450000,224
6629,Mid-Market,0,,,,450000,181
6630,Mid-Market,0,,,,450000,240
6631,Mid-Market,0,,,,450000,145
6632,Mid-Market,0,,,,450000,173
6633,Mid-Market,0,,,,450000,162
6634,Mid-Market,0,,,,450000,139
6635,Mid-Market,0,,,,450000,169
6636,Mid-Market,0,,,,450000,187
6637,Mid-Market,0,,,,450000,190
6638,Mid-Market,0,,,,450000,240
6639,Mid-Market,0,,,,450000,188
6640,Mid-Market,0,,,,450000,210
6641,Mid-Market,0,,,,450000,176
6642,Mid-Market,0,,,,450000,227
6643,Mid-Market,0,,,,450000,240
6644,Mid-Market,0,,,,450000,190
6645,Mid-Market,0,,,,450000,142
6646,Mid-Market,0,,,,450000,156
6647,Mid-Market,0,,,,450000,183
6648,Mid-Market,0,,,,450000,188
6649,Mid-Market,0,,,,450000,196
6650,Mid-Market,0,,,,450000,188
6651,Mid-Market,0,,,,450000,174
6652,Mid-Market,0,,,,450000,153
6653,Mid-Market,0,,,,450000,186
6654,Mid-Market,0,,,,450000,233
6655,Mid-Market,0,,,,450000,206
6656,Mid-Market,0,,,,450000,191
6657,Mid-Market,0,,,,450000,206
6658,Mid-Market,0,,,,450000,162
6659,Mid-Market,0,,,,450000,157
6660,Mid-Market,0,,,,450000,150
6661,Mid-Market,0,,,,450000,169
6662,Mid-Market,0,,,,450000,160
6663,Mid-Market,0,,,,450000,212
6664,Mid-Market,0,,,,450000,158
6665,Mid-Market,0,,,,450000,148
6666,Mid-Market,0,,,,450000,236
6667,Mid-Market,0,,,,450000,159
6668,Mid-Market,0,,,,450000,178
6669,Mid-Market,0,,,,450000,188
6670,Mid-Market,0,,,,450000,137
6671,Mid-Market,0,,,,450000,213
6672,Mid-Market,0,,,,450000,194
6673,Mid-Market,0,,,,450000,223
6674,Mid-Market,0,,,,450000,152
6675,Mid-Market,0,,,,450000,177
6676,Mid-Market,0,,,,450000,175
6677,Mid-Market,0,,,,450000,182
6678,Mid-Market,0,,,,450000,127
6679,Mid-Market,0,,,,450000,177
6680,Mid-Market,0,,,,450000,128
6681,Mid-Market,0,,,,450000,185
6682,Mid-Market,0,,,,450000,105
6683,Mid-Market,0,,,,450000,114
6684,Mid-Market,0,,,,450000,200
6685,Mid-Market,0,,,,450000,156
6686,Mid-Market,0,,,,450000,142
6687,Mid-Market,0,,,,450000,214
6688,Mid-Market,0,,,,450000,184
6689,Mid-Market,0,,,,450000,201
6690,Mid-Market,0,,,,450000,168
6691,Mid-Market,0,,,,450000,240
6692,Mid-Market,0,,,,450000,154
6693,Mid-Market,0,,,,450000,229
6694,Mid-Market,0,,,,450000,172
6695,Mid-Market,0,,,,450000,121
6696,Mid-Market,0,,,,450000,189
6697,Mid-Market,0,,,,450000,184
6698,Mid-Market,0,,,,450000,140
6699,Mid-Market,0,,,,450000,144
6700,Mid-Market,0,,,,450000,173
6701,Mid-Market,0,,,,450000,185
6702,Mid-Market,0,,,,450000,94
6703,Mid-Market,0,,,,450000,207
6704,Mid-Market,0,,,,450000,158
6705,Mid-Market,0,,,,450000,131
6706,Mid-Market,0,,,,450000,204
6707,Mid-Market,0,,,,450000,173
6708,Mid-Market,0,,,,450000,212
6709,Mid-Market,0,,,,450000,188
6710,Mid-Market,0,,,,450000,173
6711,Mid-Market,0,,,,450000,169
6712,Mid-Market,0,,,,450000,189
6713,Mid-Market,0,,,,450000,160
6714,Mid-Market,0,,,,450000,146
6715,Mid-Market,0,,,,450000,193
6716,Mid-Market,0,,,,450000,169
6717,Mid-Market,0,,,,450000,175
6718,Mid-Market,0,,,,450000,208
6719,Mid-Market,0,,,,450000,170
6720,Mid-Market,0,,,,450000,174
6721,Mid-Market,0,,,,450000,154
6722,Mid-Market,0,,,,450000,187
6723,Mid-Market,0,,,,450000,185
6724,Mid-Market,0,,,,450000,202
6725,Mid-Market,0,,,,450000,155
6726,Mid-Market,0,,,,450000,159
6727,Mid-Market,0,,,,450000,199
6728,Mid-Market,0,,,,450000,182
6729,Mid-Market,0,,,,450000,145
6730,Mid-Market,0,,,,450000,215
6731,Mid-Market,0,,,,450000,119
6732,Mid-Market,0,,,,450000,199
6733,Mid-Market,0,,,,450000,133
6734,Mid-Market,0,,,,450000,234
6735,Mid-Market,0,,,,450000,124
6736,Mid-Market,0,,,,450000,210
6737,Mid-Market,0,,,,450000,171
6738,Mid-Market,0,,,,450000,162
6739,Mid-Market,0,,,,450000,179
6740,Mid-Market,0,,,,450000,194
6741,Mid-Market,0,,,,450000,145
6742,Mid-Market,0,,,,450000,147
6743,Mid-Market,0,,,,450000,194
6744,Mid-Market,0,,,,450000,119
6745,Mid-Market,0,,,,450000,155
6746,Mid-Market,0,,,,450000,240
6747,Mid-Market,0,,,,450000,143
6748,Mid-Market,0,,,,450000,210
6749,Mid-Market,0,,,,450000,155
6750,Mid-Market,0,,,,450000,190
6751,Mid-Market,0,,,,450000,194
6752,Mid-Market,0,,,,450000,210
6753,Mid-Market,0,,,,450000,167
6754,Mid-Market,0,,,,450000,237
6755,Mid-Market,0,,,,450000,155
6756,Mid-Market,0,,,,450000,181
6757,Mid-Market,0,,,,450000,181
6758,Mid-Market,0,,,,450000,138
6759,Mid-Market,0,,,,450000,164
6760,Mid-Market,0,,,,450000,179
6761,Mid-Market,0,,,,450000,160
6762,Mid-Market,0,,,,450000,240
6763,Mid-Market,0,,,,450000,147
6764,Mid-Market,0,,,,450000,211
6765,Mid-Market,0,,,,450000,201
6766,Mid-Market,0,,,,450000,173
6767,Mid-Market,0,,,,450000,146
6768,Mid-Market,0,,,,450000,149
6769,Mid-Market,0,,,,450000,157
6770,Mid-Market,0,,,,450000,116
6771,Mid-Market,0,,,,450000,141
6772,Mid-Market,0,,,,450000,126
6773,Mid-Market,0,,,,450000,217
6774,Mid-Market,0,,,,450000,193
6775,Mid-Market,0,,,,450000,199
6776,Mid-Market,0,,,,450000,192
6777,Mid-Market,0,,,,450000,179
6778,Mid-Market,0,,,,450000,220
6779,Mid-Market,0,,,,450000,154
6780,Mid-Market,0,,,,450000,177
6781,Mid-Market,0,,,,450000,197
6782,Mid-Market,0,,,,450000,131
6783,Mid-Market,0,,,,450000,240
6784,Mid-Market,0,,,,450000,174
6785,Mid-Market,0,,,,450000,178
6786,Mid-Market,0,,,,450000,214
6787,Mid-Market,0,,,,450000,203
6788,Mid-Market,0,,,,450000,175
6789,Mid-Market,0,,,,450000,178
6790,Mid-Market,0,,,,450000,125
6791,Mid-Market,0,,,,450000,156
6792,Mid-Market,0,,,,450000,190
6793,Mid-Market,0,,,,450000,188
6794,Mid-Market,0,,,,450000,213
6795,Mid-Market,0,,,,450000,170
6796,Mid-Market,0,,,,450000,129
6797,Mid-Market,0,,,,450000,207
6798,Mid-Market,0,,,,450000,219
6799,Mid-Market,0,,,,450000,202
6800,Mid-Market,0,,,,450000,168
6801,Mid-Market,0,,,,450000,207
6802,Mid-Market,0,,,,450000,240
6803,Mid-Market,0,,,,450000,177
6804,Mid-Market,0,,,,450000,132
6805,Mid-Market,0,,,,450000,155
6806,Mid-Market,0,,,,450000,194
6807,Mid-Market,0,,,,450000,122
6808,Mid-Market,0,,,,450000,179
6809,Mid-Market,0,,,,450000,186
6810,Mid-Market,0,,,,450000,223
6811,Mid-Market,0,,,,450000,215
6812,Mid-Market,0,,,,450000,201
6813,Mid-Market,0,,,,450000,104
6814,Mid-Market,0,,,,450000,203
6815,Mid-Market,0,,,,450000,196
6816,Mid-Market,0,,,,450000,182
6817,Mid-Market,0,,,,450000,118
6818,Mid-Market,0,,,,450000,149
6819,Mid-Market,0,,,,450000,136
6820,Mid-Market,0,,,,450000,109
6821,Mid-Market,0,,,,450000,173
6822,Mid-Market,0,,,,450000,148
6823,Mid-Market,0,,,,450000,240
6824,Mid-Market,0,,,,450000,168
6825,Mid-Market,0,,,,450000,215
6826,Mid-Market,0,,,,450000,123
6827,Mid-Market,0,,,,450000,157
6828,Mid-Market,0,,,,450000,177
6829,Mid-Market,0,,,,450000,144
6830,Mid-Market,0,,,,450000,160
6831,Mid-Market,0,,,,450000,167
6832,Mid-Market,0,,,,450000,166
6833,Mid-Market,0,,,,450000,233
6834,Mid-Market,0,,,,450000,186
6835,Mid-Market,0,,,,450000,189
6836,Mid-Market,0,,,,450000,191
6837,Mid-Market,0,,,,450000,193
6838,Mid-Market,0,,,,450000,171
6839,Mid-Market,0,,,,450000,163
6840,Mid-Market,0,,,,450000,179
6841,Mid-Market,0,,,,450000,211
6842,Mid-Market,0,,,,450000,210
6843,Mid-Market,0,,,,450000,166
6844,Mid-Market,0,,,,450000,198
6845,Mid-Market,0,,,,450000,167
6846,Mid-Market,0,,,,450000,175
6847,Mid-Market,0,,,,450000,158
6848,Mid-Market,0,,,,450000,168
6849,Mid-Market,0,,,,450000,216
6850,Mid-Market,0,,,,450000,176
6851,Mid-Market,0,,,,450000,178
6852,Mid-Market,0,,,,450000,127
6853,Mid-Market,0,,,,450000,164
6854,Mid-Market,0,,,,450000,166
6855,Mid-Market,0,,,,450000,147
6856,Mid-Market,0,,,,450000,174
6857,Mid-Market,0,,,,450000,160
6858,Mid-Market,0,,,,450000,176
6859,Mid-Market,0,,,,450000,177
6860,Mid-Market,0,,,,450000,143
6861,Mid-Market,0,,,,450000,161
6862,Mid-Market,0,,,,450000,176
6863,Mid-Market,0,,,,450000,211
6864,Mid-Market,0,,,,450000,182
6865,Mid-Market,0,,,,450000,152
6866,Mid-Market,0,,,,450000,186
6867,Mid-Market,0,,,,450000,228
6868,Mid-Market,0,,,,450000,203
6869,Mid-Market,0,,,,450000,191
6870,Mid-Market,0,,,,450000,197
6871,Mid-Market,0,,,,450000,220
6872,Mid-Market,0,,,,450000,208
6873,Mid-Market,0,,,,450000,192
6874,Mid-Market,0,,,,450000,208
6875,Mid-Market,0,,,,450000,139
6876,Mid-Market,0,,,,450000,125
6877,Mid-Market,0,,,,450000,179
6878,Mid-Market,0,,,,450000,176
6879,Mid-Market,0,,,,450000,156
6880,Mid-Market,0,,,,450000,200
6881,Mid-Market,0,,,,450000,114
6882,Mid-Market,0,,,,450000,156
6883,Mid-Market,0,,,,450000,158
6884,Mid-Market,0,,,,450000,121
6885,Mid-Market,0,,,,450000,221
6886,Mid-Market,0,,,,450000,130
6887,Mid-Market,0,,,,450000,155
6888,Mid-Market,0,,,,450000,203
6889,Mid-Market,0,,,,450000,194
6890,Mid-Market,0,,,,450000,138
6891,Mid-Market,0,,,,450000,195
6892,Mid-Market,0,,,,450000,183
6893,Mid-Market,0,,,,450000,240
6894,Mid-Market,0,,,,450000,186
6895,Mid-Market,0,,,,450000,169
6896,Mid-Market,0,,,,450000,146
6897,Mid-Market,0,,,,450000,150
6898,Mid-Market,0,,,,450000,147
6899,Mid-Market,0,,,,450000,217
6900,Mid-Market,0,,,,450000,174
6901,Mid-Market,0,,,,450000,192
6902,Mid-Market,0,,,,450000,222
6903,Mid-Market,0,,,,450000,98
6904,Mid-Market,0,,,,450000,214
6905,Mid-Market,0,,,,450000,175
6906,Mid-Market,0,,,,450000,187
6907,Mid-Market,0,,,,450000,147
6908,Mid-Market,0,,,,450000,149
6909,Mid-Market,0,,,,450000,189
6910,Mid-Market,0,,,,450000,240
6911,Mid-Market,0,,,,450000,206
6912,Mid-Market,0,,,,450000,214
6913,Mid-Market,0,,,,450000,167
6914,Mid-Market,0,,,,450000,154
6915,Mid-Market,0,,,,450000,149
6916,Mid-Market,0,,,,450000,158
6917,Mid-Market,0,,,,450000,108
6918,Mid-Market,0,,,,450000,150
6919,Mid-Market,0,,,,450000,156
6920,Mid-Market,0,,,,450000,168
6921,Mid-Market,0,,,,450000,178
6922,Mid-Market,0,,,,450000,185
6923,Mid-Market,0,,,,450000,173
6924,Mid-Market,0,,,,450000,155
6925,Mid-Market,0,,,,450000,111
6926,Mid-Market,0,,,,450000,155
6927,Mid-Market,0,,,,450000,142
6928,Mid-Market,0,,,,450000,188
6929,Mid-Market,0,,,,450000,203
6930,Mid-Market,0,,,,450000,204
6931,Mid-Market,0,,,,450000,198
6932,Mid-Market,0,,,,450000,169
6933,Mid-Market,0,,,,450000,157
6934,Mid-Market,0,,,,450000,150
6935,SMB,1,2026-01-04,Tools Training,Sales Skills,200000,112
6936,SMB,1,2025-10-11,Soft Skills,Product Knowledge,200000,97
6937,SMB,1,2026-01-22,Product Knowledge,Tools Training,200000,85
6938,SMB,1,2025-12-21,Sales Skills,Product Knowledge,200000,87
6939,SMB,1,2026-04-03,Product Knowledge,Sales Skills,200000,143
6940,SMB,1,2025-08-26,Soft Skills,Tools Training,200000,123
6941,SMB,1,2025-05-31,Tools Training,Product Knowledge,200000,119
6942,SMB,1,2026-02-18,Soft Skills,Sales Skills,200000,108
6943,SMB,1,2025-06-28,Tools Training,Product Knowledge,200000,91
6944,SMB,1,2025-10-06,Tools Training,Tools Training,200000,123
6945,SMB,1,2025-12-18,Tools Training,Tools Training,200000,164
6946,SMB,1,2026-02-15,Tools Training,Product Knowledge,200000,141
6947,SMB,1,2025-09-06,Soft Skills,Soft Skills,200000,97
6948,SMB,1,2026-04-27,Soft Skills,Product Knowledge,200000,146
6949,SMB,1,2025-11-21,Soft Skills,Tools Training,200000,210
6950,SMB,1,2025-10-11,Sales Skills,Tools Training,200000,146
6951,SMB,1,2025-08-26,Soft Skills,Product Knowledge,200000,89
6952,SMB,1,2025-12-27,Product Knowledge,Product Knowledge,200000,94
6953,SMB,1,2025-12-30,Product Knowledge,Product Knowledge,200000,158
6954,SMB,1,2025-12-16,Sales Skills,Product Knowledge,200000,139
6955,SMB,1,2025-09-01,Soft Skills,Product Knowledge,200000,140
6956,SMB,1,2025-07-27,Sales Skills,Soft Skills,200000,116
6957,SMB,1,2026-03-17,Soft Skills,Soft Skills,200000,136
6958,SMB,1,2025-08-31,Tools Training,Soft Skills,200000,129
6959,SMB,1,2025-06-23,Sales Skills,Product Knowledge,200000,191
6960,SMB,1,2026-03-06,Tools Training,Soft Skills,200000,153
6961,SMB,1,2026-03-30,Product Knowledge,Soft Skills,200000,163
6962,SMB,1,2025-10-27,Product Knowledge,Tools Training,200000,128
6963,SMB,1,2025-11-20,Product Knowledge,Product Knowledge,200000,126
6964,SMB,1,2025-05-30,Soft Skills,Product Knowledge,200000,137
6965,SMB,1,2025-08-13,Tools Training,Product Knowledge,200000,141
6966,SMB,1,2025-07-31,Sales Skills,Product Knowledge,200000,136
6967,SMB,1,2026-02-19,Sales Skills,Sales Skills,200000,107
6968,SMB,1,2026-04-25,Sales Skills,Tools Training,200000,155
6969,SMB,1,2026-03-21,Sales Skills,Soft Skills,200000,60
6970,SMB,1,2026-02-12,Tools Training,Sales Skills,200000,149
6971,SMB,1,2025-06-24,Product Knowledge,Sales Skills,200000,127
6972,SMB,1,2026-02-18,Product Knowledge,Tools Training,200000,135
6973,SMB,1,2025-08-27,Sales Skills,Sales Skills,200000,130
6974,SMB,1,2025-10-30,Product Knowledge,Sales Skills,200000,103
6975,SMB,1,2025-08-25,Soft Skills,Product Knowledge,200000,132
6976,SMB,1,2025-07-02,Soft Skills,Sales Skills,200000,95
6977,SMB,1,2025-06-17,Soft Skills,Tools Training,200000,147
6978,SMB,1,2025-12-25,Sales Skills,Soft Skills,200000,124
6979,SMB,1,2025-10-22,Tools Training,Sales Skills,200000,133
6980,SMB,1,2025-10-23,Soft Skills,Product Knowledge,200000,162
6981,SMB,1,2025-06-24,Soft Skills,Tools Training,200000,114
6982,SMB,1,2026-02-27,Sales Skills,Tools Training,200000,153
6983,SMB,1,2026-01-27,Sales Skills,Tools Training,200000,110
6984,SMB,1,2025-07-11,Soft Skills,Sales Skills,200000,114
6985,SMB,1,2026-03-31,Sales Skills,Soft Skills,200000,104
6986,SMB,1,2025-06-10,Product Knowledge,Sales Skills,200000,133
6987,SMB,1,2026-04-02,Tools Training,Sales Skills,200000,123
6988,SMB,1,2026-02-02,Soft Skills,Product Knowledge,200000,141
6989,SMB,1,2025-06-05,Product Knowledge,Soft Skills,200000,106
6990,SMB,1,2025-12-06,Sales Skills,Soft Skills,200000,93
6991,SMB,1,2026-01-11,Soft Skills,Tools Training,200000,85
6992,SMB,1,2026-03-01,Product Knowledge,Tools Training,200000,162
6993,SMB,1,2025-09-02,Product Knowledge,Product Knowledge,200000,132
6994,SMB,1,2025-11-11,Tools Training,Soft Skills,200000,137
6995,SMB,1,2025-10-02,Soft Skills,Sales Skills,200000,133
6996,SMB,1,2026-01-14,Product Knowledge,Tools Training,200000,146
6997,SMB,1,2025-11-27,Soft Skills,Soft Skills,200000,77
6998,SMB,1,2025-08-20,Sales Skills,Product Knowledge,200000,135
6999,SMB,1,2025-12-22,Tools Training,Soft Skills,200000,139
7000,SMB,1,2025-12-16,Tools Training,Tools Training,200000,110
7001,SMB,1,2025-07-12,Sales Skills,Soft Skills,200000,157
7002,SMB,1,2026-03-31,Product Knowledge,Tools Training,200000,131
7003,SMB,1,2025-09-13,Sales Skills,Product Knowledge,200000,128
7004,SMB,1,2025-10-23,Sales Skills,Sales Skills,200000,142
7005,SMB,1,2025-08-27,Soft Skills,Soft Skills,200000,173
7006,SMB,1,2025-08-28,Tools Training,Sales Skills,200000,159
7007,SMB,1,2025-09-29,Product Knowledge,Tools Training,200000,97
7008,SMB,1,2025-07-17,Soft Skills,Tools Training,200000,115
7009,SMB,1,2025-12-04,Soft Skills,Sales Skills,200000,162
7010,SMB,1,2025-07-21,Tools Training,Soft Skills,200000,140
7011,SMB,1,2025-09-03,Product Knowledge,Product Knowledge,200000,111
7012,SMB,1,2025-11-28,Soft Skills,Product Knowledge,200000,123
7013,SMB,1,2025-11-18,Tools Training,Product Knowledge,200000,111
7014,SMB,1,2025-10-29,Tools Training,Product Knowledge,200000,147
7015,SMB,1,2026-04-24,Product Knowledge,Sales Skills,200000,76
7016,SMB,1,2025-12-23,Product Knowledge,Product Knowledge,200000,106
7017,SMB,1,2026-03-10,Product Knowledge,Tools Training,200000,109
7018,SMB,1,2025-12-17,Soft Skills,Tools Training,200000,185
7019,SMB,1,2025-12-15,Tools Training,Tools Training,200000,108
7020,SMB,1,2025-12-02,Sales Skills,Tools Training,200000,102
7021,SMB,1,2025-07-12,Sales Skills,Soft Skills,200000,93
7022,SMB,1,2026-02-11,Product Knowledge,Soft Skills,200000,122
7023,SMB,1,2025-08-15,Sales Skills,Soft Skills,200000,111
7024,SMB,1,2026-02-03,Tools Training,Sales Skills,200000,113
7025,SMB,1,2025-11-16,Product Knowledge,Sales Skills,200000,173
7026,SMB,1,2025-12-10,Product Knowledge,Tools Training,200000,119
7027,SMB,1,2025-10-03,Tools Training,Tools Training,200000,106
7028,SMB,1,2025-08-14,Product Knowledge,Product Knowledge,200000,131
7029,SMB,1,2026-03-30,Soft Skills,Tools Training,200000,134
7030,SMB,1,2025-11-25,Soft Skills,Sales Skills,200000,154
7031,SMB,1,2025-11-15,Product Knowledge,Sales Skills,200000,130
7032,SMB,1,2026-01-14,Tools Training,Product Knowledge,200000,146
7033,SMB,1,2026-02-14,Tools Training,Soft Skills,200000,149
7034,SMB,1,2026-03-21,Soft Skills,Sales Skills,200000,131
7035,SMB,1,2026-01-13,Soft Skills,Tools Training,200000,110
7036,SMB,1,2026-04-17,Tools Training,Product Knowledge,200000,133
7037,SMB,1,2025-11-30,Product Knowledge,Sales Skills,200000,138
7038,SMB,1,2025-12-10,Product Knowledge,Sales Skills,200000,173
7039,SMB,1,2026-03-31,Product Knowledge,Tools Training,200000,167
7040,SMB,1,2025-07-09,Sales Skills,Soft Skills,200000,108
7041,SMB,1,2026-01-31,Tools Training,Product Knowledge,200000,84
7042,SMB,1,2025-12-21,Soft Skills,Tools Training,200000,178
7043,SMB,1,2025-10-31,Sales Skills,Tools Training,200000,142
7044,SMB,1,2026-02-21,Soft Skills,Product Knowledge,200000,146
7045,SMB,1,2025-06-03,Tools Training,Tools Training,200000,156
7046,SMB,1,2026-01-17,Sales Skills,Product Knowledge,200000,141
7047,SMB,1,2026-01-04,Sales Skills,Product Knowledge,200000,157
7048,SMB,1,2025-12-21,Tools Training,Tools Training,200000,134
7049,SMB,1,2025-07-02,Tools Training,Sales Skills,200000,94
7050,SMB,1,2025-07-06,Sales Skills,Sales Skills,200000,112
7051,SMB,1,2025-12-17,Tools Training,Soft Skills,200000,90
7052,SMB,1,2025-12-25,Soft Skills,Product Knowledge,200000,80
7053,SMB,1,2025-07-21,Soft Skills,Product Knowledge,200000,121
7054,SMB,1,2025-06-06,Product Knowledge,Product Knowledge,200000,60
7055,SMB,1,2025-06-28,Sales Skills,Soft Skills,200000,139
7056,SMB,1,2025-11-22,Sales Skills,Soft Skills,200000,117
7057,SMB,1,2025-07-06,Product Knowledge,Sales Skills,200000,166
7058,SMB,1,2025-10-03,Soft Skills,Tools Training,200000,142
7059,SMB,1,2025-07-06,Product Knowledge,Soft Skills,200000,119
7060,SMB,1,2026-03-23,Sales Skills,Product Knowledge,200000,123
7061,SMB,1,2025-10-20,Soft Skills,Tools Training,200000,132
7062,SMB,1,2025-10-18,Soft Skills,Sales Skills,200000,129
7063,SMB,1,2026-02-27,Tools Training,Tools Training,200000,190
7064,SMB,1,2025-06-24,Tools Training,Sales Skills,200000,158
7065,SMB,1,2025-12-13,Product Knowledge,Soft Skills,200000,134
7066,SMB,1,2025-06-23,Product Knowledge,Sales Skills,200000,114
7067,SMB,1,2026-03-05,Soft Skills,Product Knowledge,200000,64
7068,SMB,1,2026-01-12,Soft Skills,Tools Training,200000,118
7069,SMB,1,2025-12-07,Tools Training,Product Knowledge,200000,100
7070,SMB,1,2026-03-31,Tools Training,Sales Skills,200000,145
7071,SMB,1,2025-06-27,Sales Skills,Tools Training,200000,151
7072,SMB,1,2025-09-01,Product Knowledge,Soft Skills,200000,156
7073,SMB,1,2025-06-09,Sales Skills,Tools Training,200000,105
7074,SMB,1,2025-10-19,Product Knowledge,Tools Training,200000,180
7075,SMB,1,2026-04-20,Sales Skills,Soft Skills,200000,146
7076,SMB,1,2025-09-02,Tools Training,Sales Skills,200000,151
7077,SMB,1,2026-04-17,Soft Skills,Soft Skills,200000,83
7078,SMB,1,2026-04-19,Sales Skills,Sales Skills,200000,105
7079,SMB,1,2026-04-24,Sales Skills,Product Knowledge,200000,123
7080,SMB,1,2026-02-08,Tools Training,Tools Training,200000,173
7081,SMB,1,2026-03-01,Tools Training,Product Knowledge,200000,106
7082,SMB,1,2026-01-17,Product Knowledge,Product Knowledge,200000,88
7083,SMB,1,2025-12-05,Soft Skills,Sales Skills,200000,112
7084,SMB,1,2025-11-03,Soft Skills,Soft Skills,200000,157
7085,SMB,1,2026-02-03,Product Knowledge,Tools Training,200000,129
7086,SMB,1,2025-11-18,Soft Skills,Soft Skills,200000,109
7087,SMB,1,2025-12-21,Soft Skills,Sales Skills,200000,142
7088,SMB,1,2026-04-03,Product Knowledge,Product Knowledge,200000,102
7089,SMB,1,2026-02-04,Soft Skills,Product Knowledge,200000,92
7090,SMB,1,2025-11-04,Product Knowledge,Sales Skills,200000,125
7091,SMB,1,2026-02-06,Soft Skills,Sales Skills,200000,119
7092,SMB,1,2025-12-25,Tools Training,Product Knowledge,200000,116
7093,SMB,1,2026-03-10,Sales Skills,Product Knowledge,200000,145
7094,SMB,1,2026-01-31,Soft Skills,Soft Skills,200000,157
7095,SMB,1,2026-04-04,Tools Training,Product Knowledge,200000,142
7096,SMB,1,2026-01-01,Sales Skills,Soft Skills,200000,191
7097,SMB,1,2025-12-04,Sales Skills,Soft Skills,200000,60
7098,SMB,1,2025-07-02,Soft Skills,Soft Skills,200000,145
7099,SMB,1,2026-02-15,Product Knowledge,Product Knowledge,200000,100
7100,SMB,1,2026-04-21,Sales Skills,Soft Skills,200000,157
7101,SMB,1,2026-01-22,Sales Skills,Tools Training,200000,134
7102,SMB,1,2026-01-30,Product Knowledge,Tools Training,200000,170
7103,SMB,1,2026-01-13,Soft Skills,Tools Training,200000,147
7104,SMB,1,2026-03-29,Product Knowledge,Tools Training,200000,108
7105,SMB,1,2025-07-24,Soft Skills,Product Knowledge,200000,183
7106,SMB,1,2025-12-11,Sales Skills,Tools Training,200000,121
7107,SMB,1,2026-02-07,Tools Training,Product Knowledge,200000,145
7108,SMB,1,2026-03-28,Soft Skills,Sales Skills,200000,155
7109,SMB,1,2025-06-23,Soft Skills,Product Knowledge,200000,130
7110,SMB,1,2026-02-17,Product Knowledge,Sales Skills,200000,92
7111,SMB,1,2025-11-28,Product Knowledge,Product Knowledge,200000,108
7112,SMB,1,2025-06-18,Tools Training,Sales Skills,200000,121
7113,SMB,1,2025-08-20,Soft Skills,Tools Training,200000,108
7114,SMB,1,2025-11-13,Tools Training,Tools Training,200000,130
7115,SMB,1,2025-09-12,Soft Skills,Product Knowledge,200000,121
7116,SMB,1,2026-01-11,Tools Training,Sales Skills,200000,122
7117,SMB,1,2025-07-13,Sales Skills,Product Knowledge,200000,125
7118,SMB,1,2026-03-09,Sales Skills,Sales Skills,200000,122
7119,SMB,1,2025-07-01,Product Knowledge,Product Knowledge,200000,152
7120,SMB,1,2026-03-11,Sales Skills,Sales Skills,200000,134
7121,SMB,1,2025-08-14,Sales Skills,Sales Skills,200000,99
7122,SMB,1,2025-06-21,Soft Skills,Product Knowledge,200000,72
7123,SMB,1,2025-06-26,Sales Skills,Product Knowledge,200000,159
7124,SMB,1,2026-04-07,Tools Training,Tools Training,200000,113
7125,SMB,1,2025-11-23,Product Knowledge,Product Knowledge,200000,129
7126,SMB,1,2025-10-27,Tools Training,Tools Training,200000,128
7127,SMB,1,2025-05-31,Soft Skills,Soft Skills,200000,149
7128,SMB,1,2026-02-09,Sales Skills,Product Knowledge,200000,196
7129,SMB,1,2025-07-02,Sales Skills,Sales Skills,200000,133
7130,SMB,1,2025-08-29,Product Knowledge,Sales Skills,200000,147
7131,SMB,1,2025-11-03,Tools Training,Sales Skills,200000,89
7132,SMB,1,2026-03-11,Product Knowledge,Soft Skills,200000,67
7133,SMB,1,2026-03-15,Product Knowledge,Tools Training,200000,81
7134,SMB,1,2025-11-06,Soft Skills,Product Knowledge,200000,173
7135,SMB,1,2026-01-29,Soft Skills,Sales Skills,200000,126
7136,SMB,1,2026-03-01,Sales Skills,Sales Skills,200000,154
7137,SMB,1,2025-09-01,Soft Skills,Tools Training,200000,94
7138,SMB,1,2025-07-15,Tools Training,Sales Skills,200000,174
7139,SMB,1,2026-04-15,Sales Skills,Soft Skills,200000,134
7140,SMB,1,2026-01-24,Product Knowledge,Tools Training,200000,63
7141,SMB,1,2025-11-21,Sales Skills,Sales Skills,200000,175
7142,SMB,1,2026-01-23,Tools Training,Sales Skills,200000,115
7143,SMB,1,2026-02-18,Product Knowledge,Tools Training,200000,135
7144,SMB,1,2025-10-07,Product Knowledge,Sales Skills,200000,182
7145,SMB,1,2025-08-06,Soft Skills,Product Knowledge,200000,98
7146,SMB,1,2025-11-02,Soft Skills,Sales Skills,200000,114
7147,SMB,1,2026-03-04,Soft Skills,Tools Training,200000,93
7148,SMB,1,2025-06-18,Sales Skills,Tools Training,200000,130
7149,SMB,1,2025-12-14,Soft Skills,Tools Training,200000,126
7150,SMB,1,2025-10-10,Soft Skills,Product Knowledge,200000,130
7151,SMB,1,2025-08-07,Tools Training,Product Knowledge,200000,126
7152,SMB,1,2025-09-29,Tools Training,Product Knowledge,200000,175
7153,SMB,1,2025-07-03,Tools Training,Tools Training,200000,124
7154,SMB,1,2026-01-08,Sales Skills,Sales Skills,200000,128
7155,SMB,1,2025-09-09,Sales Skills,Tools Training,200000,125
7156,SMB,1,2026-03-28,Soft Skills,Soft Skills,200000,158
7157,SMB,1,2026-02-21,Sales Skills,Soft Skills,200000,106
7158,SMB,1,2026-02-08,Sales Skills,Product Knowledge,200000,157
7159,SMB,1,2025-08-31,Sales Skills,Sales Skills,200000,124
7160,SMB,1,2025-09-27,Tools Training,Soft Skills,200000,119
7161,SMB,1,2026-04-19,Soft Skills,Tools Training,200000,109
7162,SMB,1,2025-09-01,Sales Skills,Sales Skills,200000,123
7163,SMB,1,2026-02-08,Product Knowledge,Product Knowledge,200000,158
7164,SMB,1,2026-01-29,Product Knowledge,Soft Skills,200000,136
7165,SMB,1,2025-06-30,Product Knowledge,Product Knowledge,200000,110
7166,SMB,1,2025-09-21,Product Knowledge,Tools Training,200000,146
7167,SMB,1,2026-04-19,Product Knowledge,Tools Training,200000,186
7168,SMB,1,2026-02-05,Product Knowledge,Sales Skills,200000,112
7169,SMB,1,2026-04-14,Soft Skills,Sales Skills,200000,125
7170,SMB,1,2025-11-16,Sales Skills,Tools Training,200000,173
7171,SMB,1,2025-12-07,Product Knowledge,Product Knowledge,200000,116
7172,SMB,1,2025-10-08,Product Knowledge,Product Knowledge,200000,125
7173,SMB,1,2026-04-11,Soft Skills,Product Knowledge,200000,131
7174,SMB,1,2025-07-03,Sales Skills,Product Knowledge,200000,75
7175,SMB,1,2025-12-21,Tools Training,Tools Training,200000,100
7176,SMB,1,2025-10-13,Soft Skills,Sales Skills,200000,162
7177,SMB,1,2025-12-23,Soft Skills,Product Knowledge,200000,114
7178,SMB,1,2025-07-23,Product Knowledge,Product Knowledge,200000,110
7179,SMB,1,2025-11-15,Product Knowledge,Tools Training,200000,111
7180,SMB,1,2025-07-25,Sales Skills,Sales Skills,200000,122
7181,SMB,1,2025-10-05,Sales Skills,Sales Skills,200000,129
7182,SMB,1,2025-10-09,Sales Skills,Sales Skills,200000,157
7183,SMB,1,2025-11-28,Sales Skills,Sales Skills,200000,163
7184,SMB,1,2026-02-09,Soft Skills,Soft Skills,200000,131
7185,SMB,1,2025-12-02,Product Knowledge,Tools Training,200000,109
7186,SMB,1,2026-04-01,Tools Training,Product Knowledge,200000,133
7187,SMB,1,2026-02-14,Tools Training,Product Knowledge,200000,104
7188,SMB,1,2025-09-03,Soft Skills,Soft Skills,200000,90
7189,SMB,1,2025-10-20,Soft Skills,Soft Skills,200000,128
7190,SMB,1,2025-09-25,Product Knowledge,Sales Skills,200000,179
7191,SMB,1,2025-09-30,Soft Skills,Tools Training,200000,129
7192,SMB,1,2025-09-10,Soft Skills,Product Knowledge,200000,137
7193,SMB,1,2025-08-24,Sales Skills,Tools Training,200000,116
7194,SMB,1,2025-08-14,Soft Skills,Tools Training,200000,94
7195,SMB,1,2026-04-29,Tools Training,Tools Training,200000,110
7196,SMB,1,2025-08-02,Sales Skills,Tools Training,200000,110
7197,SMB,1,2025-12-29,Tools Training,Sales Skills,200000,99
7198,SMB,1,2025-07-23,Tools Training,Tools Training,200000,88
7199,SMB,1,2025-09-24,Sales Skills,Tools Training,200000,117
7200,SMB,1,2025-10-23,Tools Training,Sales Skills,200000,165
7201,SMB,1,2026-01-28,Tools Training,Sales Skills,200000,136
7202,SMB,1,2026-03-08,Tools Training,Sales Skills,200000,153
7203,SMB,1,2026-02-22,Sales Skills,Tools Training,200000,110
7204,SMB,1,2025-12-27,Product Knowledge,Soft Skills,200000,166
7205,SMB,1,2025-10-30,Product Knowledge,Sales Skills,200000,91
7206,SMB,1,2025-11-03,Product Knowledge,Product Knowledge,200000,96
7207,SMB,1,2025-06-05,Soft Skills,Soft Skills,200000,109
7208,SMB,1,2025-09-06,Soft Skills,Soft Skills,200000,115
7209,SMB,1,2026-04-25,Tools Training,Sales Skills,200000,74
7210,SMB,1,2025-12-06,Tools Training,Sales Skills,200000,171
7211,SMB,1,2025-09-19,Soft Skills,Soft Skills,200000,100
7212,SMB,1,2025-09-05,Sales Skills,Tools Training,200000,133
7213,SMB,1,2025-08-05,Soft Skills,Tools Training,200000,132
7214,SMB,1,2026-01-17,Tools Training,Product Knowledge,200000,159
7215,SMB,1,2025-07-21,Sales Skills,Tools Training,200000,113
7216,SMB,1,2025-07-01,Soft Skills,Sales Skills,200000,118
7217,SMB,1,2025-06-23,Tools Training,Product Knowledge,200000,108
7218,SMB,1,2025-11-16,Sales Skills,Sales Skills,200000,147
7219,SMB,1,2025-09-18,Tools Training,Product Knowledge,200000,92
7220,SMB,1,2026-02-06,Sales Skills,Soft Skills,200000,163
7221,SMB,1,2025-10-30,Tools Training,Soft Skills,200000,145
7222,SMB,1,2026-01-27,Soft Skills,Product Knowledge,200000,138
7223,SMB,1,2026-02-11,Product Knowledge,Soft Skills,200000,60
7224,SMB,1,2025-06-24,Tools Training,Sales Skills,200000,106
7225,SMB,1,2025-06-11,Product Knowledge,Tools Training,200000,186
7226,SMB,1,2025-06-30,Product Knowledge,Tools Training,200000,97
7227,SMB,1,2025-11-11,Product Knowledge,Product Knowledge,200000,100
7228,SMB,1,2025-10-03,Soft Skills,Product Knowledge,200000,134
7229,SMB,1,2026-02-11,Product Knowledge,Product Knowledge,200000,97
7230,SMB,1,2025-08-05,Product Knowledge,Soft Skills,200000,153
7231,SMB,1,2026-03-12,Sales Skills,Tools Training,200000,122
7232,SMB,1,2026-03-01,Product Knowledge,Soft Skills,200000,120
7233,SMB,1,2025-08-24,Sales Skills,Soft Skills,200000,144
7234,SMB,1,2026-01-08,Soft Skills,Product Knowledge,200000,110
7235,SMB,1,2025-09-27,Product Knowledge,Soft Skills,200000,135
7236,SMB,1,2025-07-14,Soft Skills,Sales Skills,200000,108
7237,SMB,1,2025-06-30,Soft Skills,Sales Skills,200000,107
7238,SMB,1,2026-04-04,Product Knowledge,Soft Skills,200000,110
7239,SMB,1,2026-03-04,Sales Skills,Soft Skills,200000,165
7240,SMB,1,2025-07-19,Product Knowledge,Product Knowledge,200000,116
7241,SMB,1,2025-08-15,Sales Skills,Soft Skills,200000,129
7242,SMB,1,2025-10-28,Soft Skills,Sales Skills,200000,110
7243,SMB,1,2025-08-29,Sales Skills,Soft Skills,200000,164
7244,SMB,1,2026-04-06,Soft Skills,Soft Skills,200000,122
7245,SMB,1,2025-09-04,Product Knowledge,Soft Skills,200000,125
7246,SMB,1,2025-06-28,Tools Training,Tools Training,200000,91
7247,SMB,1,2025-09-18,Product Knowledge,Soft Skills,200000,141
7248,SMB,1,2025-07-19,Sales Skills,Sales Skills,200000,100
7249,SMB,1,2026-03-26,Tools Training,Sales Skills,200000,173
7250,SMB,1,2025-12-21,Sales Skills,Product Knowledge,200000,100
7251,SMB,1,2025-07-04,Product Knowledge,Sales Skills,200000,141
7252,SMB,1,2025-10-11,Soft Skills,Sales Skills,200000,170
7253,SMB,1,2025-11-18,Soft Skills,Product Knowledge,200000,79
7254,SMB,1,2026-01-13,Product Knowledge,Soft Skills,200000,107
7255,SMB,1,2025-07-20,Product Knowledge,Tools Training,200000,134
7256,SMB,1,2025-07-18,Sales Skills,Soft Skills,200000,70
7257,SMB,1,2025-09-26,Tools Training,Product Knowledge,200000,135
7258,SMB,1,2025-11-20,Tools Training,Product Knowledge,200000,130
7259,SMB,1,2025-11-24,Product Knowledge,Tools Training,200000,127
7260,SMB,1,2025-08-21,Sales Skills,Product Knowledge,200000,156
7261,SMB,1,2025-12-31,Tools Training,Sales Skills,200000,125
7262,SMB,1,2025-10-30,Sales Skills,Product Knowledge,200000,114
7263,SMB,1,2025-07-27,Soft Skills,Tools Training,200000,121
7264,SMB,1,2025-12-02,Product Knowledge,Soft Skills,200000,136
7265,SMB,1,2025-06-02,Tools Training,Soft Skills,200000,107
7266,SMB,1,2026-01-24,Tools Training,Soft Skills,200000,175
7267,SMB,1,2026-03-05,Sales Skills,Tools Training,200000,105
7268,SMB,1,2026-02-08,Tools Training,Product Knowledge,200000,150
7269,SMB,1,2026-02-02,Product Knowledge,Product Knowledge,200000,125
7270,SMB,1,2025-12-15,Product Knowledge,Sales Skills,200000,105
7271,SMB,1,2025-11-27,Tools Training,Sales Skills,200000,112
7272,SMB,1,2025-11-05,Sales Skills,Soft Skills,200000,126
7273,SMB,1,2026-02-05,Sales Skills,Tools Training,200000,89
7274,SMB,1,2025-11-15,Soft Skills,Tools Training,200000,166
7275,SMB,1,2025-12-04,Sales Skills,Sales Skills,200000,103
7276,SMB,1,2025-09-23,Sales Skills,Product Knowledge,200000,79
7277,SMB,1,2025-10-02,Product Knowledge,Soft Skills,200000,131
7278,SMB,1,2025-08-13,Sales Skills,Sales Skills,200000,170
7279,SMB,1,2026-01-07,Sales Skills,Product Knowledge,200000,140
7280,SMB,1,2026-02-02,Product Knowledge,Sales Skills,200000,119
7281,SMB,1,2025-08-10,Tools Training,Sales Skills,200000,60
7282,SMB,1,2025-09-09,Product Knowledge,Soft Skills,200000,102
7283,SMB,1,2025-08-18,Tools Training,Tools Training,200000,116
7284,SMB,1,2025-10-05,Product Knowledge,Sales Skills,200000,107
7285,SMB,1,2026-01-17,Tools Training,Soft Skills,200000,104
7286,SMB,1,2025-08-08,Sales Skills,Tools Training,200000,66
7287,SMB,1,2025-08-24,Sales Skills,Sales Skills,200000,132
7288,SMB,1,2025-08-29,Tools Training,Tools Training,200000,108
7289,SMB,1,2025-09-12,Tools Training,Tools Training,200000,108
7290,SMB,1,2025-12-30,Soft Skills,Tools Training,200000,118
7291,SMB,1,2026-04-19,Sales Skills,Tools Training,200000,154
7292,SMB,1,2025-07-23,Sales Skills,Soft Skills,200000,150
7293,SMB,1,2026-01-09,Soft Skills,Sales Skills,200000,166
7294,SMB,1,2025-12-24,Sales Skills,Tools Training,200000,173
7295,SMB,1,2025-12-30,Product Knowledge,Sales Skills,200000,120
7296,SMB,1,2025-07-07,Product Knowledge,Tools Training,200000,140
7297,SMB,1,2025-08-03,Product Knowledge,Tools Training,200000,191
7298,SMB,1,2026-01-27,Sales Skills,Soft Skills,200000,123
7299,SMB,1,2026-01-26,Sales Skills,Soft Skills,200000,128
7300,SMB,1,2025-10-30,Tools Training,Soft Skills,200000,155
7301,SMB,1,2025-07-23,Tools Training,Product Knowledge,200000,77
7302,SMB,1,2025-12-12,Tools Training,Tools Training,200000,120
7303,SMB,1,2025-08-06,Soft Skills,Soft Skills,200000,127
7304,SMB,1,2025-07-07,Product Knowledge,Sales Skills,200000,177
7305,SMB,1,2026-03-01,Tools Training,Soft Skills,200000,125
7306,SMB,1,2025-09-21,Product Knowledge,Product Knowledge,200000,110
7307,SMB,1,2026-02-24,Tools Training,Soft Skills,200000,110
7308,SMB,1,2025-10-22,Product Knowledge,Soft Skills,200000,158
7309,SMB,1,2026-02-10,Product Knowledge,Soft Skills,200000,130
7310,SMB,1,2026-03-06,Soft Skills,Tools Training,200000,149
7311,SMB,1,2025-11-01,Sales Skills,Soft Skills,200000,146
7312,SMB,1,2025-08-26,Product Knowledge,Sales Skills,200000,135
7313,SMB,1,2025-06-03,Product Knowledge,Soft Skills,200000,105
7314,SMB,1,2025-08-19,Soft Skills,Soft Skills,200000,109
7315,SMB,1,2026-02-04,Tools Training,Tools Training,200000,149
7316,SMB,1,2025-10-19,Sales Skills,Product Knowledge,200000,144
7317,SMB,1,2025-12-08,Sales Skills,Tools Training,200000,171
7318,SMB,1,2026-03-21,Product Knowledge,Soft Skills,200000,108
7319,SMB,1,2026-03-28,Sales Skills,Soft Skills,200000,60
7320,SMB,1,2026-01-25,Tools Training,Sales Skills,200000,117
7321,SMB,1,2025-12-17,Soft Skills,Tools Training,200000,118
7322,SMB,1,2026-01-04,Tools Training,Sales Skills,200000,94
7323,SMB,1,2025-06-14,Soft Skills,Tools Training,200000,156
7324,SMB,1,2025-10-11,Soft Skills,Sales Skills,200000,116
7325,SMB,1,2025-06-25,Tools Training,Sales Skills,200000,96
7326,SMB,1,2025-06-18,Product Knowledge,Soft Skills,200000,132
7327,SMB,1,2025-12-05,Tools Training,Product Knowledge,200000,172
7328,SMB,1,2025-07-19,Tools Training,Tools Training,200000,127
7329,SMB,1,2026-01-22,Product Knowledge,Product Knowledge,200000,126
7330,SMB,1,2025-08-21,Tools Training,Product Knowledge,200000,108
7331,SMB,1,2025-08-11,Soft Skills,Product Knowledge,200000,177
7332,SMB,1,2025-09-12,Tools Training,Soft Skills,200000,156
7333,SMB,1,2025-11-17,Soft Skills,Sales Skills,200000,175
7334,SMB,1,2026-02-10,Tools Training,Tools Training,200000,118
7335,SMB,1,2026-01-10,Tools Training,Sales Skills,200000,61
7336,SMB,1,2025-11-03,Soft Skills,Soft Skills,200000,128
7337,SMB,1,2025-09-10,Product Knowledge,Product Knowledge,200000,135
7338,SMB,1,2026-01-18,Soft Skills,Sales Skills,200000,119
7339,SMB,1,2026-02-04,Sales Skills,Soft Skills,200000,192
7340,SMB,1,2026-04-14,Soft Skills,Product Knowledge,200000,123
7341,SMB,1,2025-12-04,Sales Skills,Tools Training,200000,124
7342,SMB,1,2025-10-22,Soft Skills,Product Knowledge,200000,116
7343,SMB,1,2025-06-25,Sales Skills,Tools Training,200000,173
7344,SMB,1,2026-04-17,Soft Skills,Product Knowledge,200000,110
7345,SMB,1,2025-12-01,Tools Training,Sales Skills,200000,149
7346,SMB,1,2025-10-06,Product Knowledge,Soft Skills,200000,150
7347,SMB,1,2026-01-23,Soft Skills,Soft Skills,200000,162
7348,SMB,1,2026-03-25,Product Knowledge,Soft Skills,200000,76
7349,SMB,1,2025-08-19,Product Knowledge,Tools Training,200000,103
7350,SMB,1,2025-07-10,Sales Skills,Product Knowledge,200000,85
7351,SMB,1,2026-04-18,Soft Skills,Sales Skills,200000,107
7352,SMB,1,2025-12-22,Sales Skills,Tools Training,200000,100
7353,SMB,1,2026-03-22,Product Knowledge,Sales Skills,200000,123
7354,SMB,1,2025-08-17,Tools Training,Soft Skills,200000,95
7355,SMB,1,2026-04-01,Soft Skills,Product Knowledge,200000,147
7356,SMB,1,2025-12-04,Product Knowledge,Soft Skills,200000,147
7357,SMB,1,2025-07-20,Soft Skills,Tools Training,200000,146
7358,SMB,1,2026-02-05,Sales Skills,Sales Skills,200000,75
7359,SMB,1,2026-02-13,Product Knowledge,Product Knowledge,200000,102
7360,SMB,1,2025-11-23,Soft Skills,Sales Skills,200000,109
7361,SMB,1,2026-02-12,Soft Skills,Sales Skills,200000,132
7362,SMB,1,2025-09-29,Sales Skills,Soft Skills,200000,95
7363,SMB,1,2025-11-26,Tools Training,Sales Skills,200000,174
7364,SMB,1,2026-01-01,Soft Skills,Sales Skills,200000,123
7365,SMB,1,2026-02-25,Soft Skills,Sales Skills,200000,120
7366,SMB,1,2025-11-19,Soft Skills,Tools Training,200000,122
7367,SMB,1,2026-03-30,Tools Training,Soft Skills,200000,153
7368,SMB,1,2025-06-23,Soft Skills,Tools Training,200000,90
7369,SMB,1,2025-10-25,Soft Skills,Tools Training,200000,110
7370,SMB,1,2025-07-25,Tools Training,Product Knowledge,200000,112
7371,SMB,1,2025-07-26,Sales Skills,Tools Training,200000,113
7372,SMB,1,2025-10-13,Sales Skills,Sales Skills,200000,103
7373,SMB,1,2026-01-31,Sales Skills,Tools Training,200000,122
7374,SMB,1,2025-11-21,Soft Skills,Soft Skills,200000,89
7375,SMB,1,2025-07-28,Product Knowledge,Sales Skills,200000,117
7376,SMB,1,2025-08-27,Tools Training,Tools Training,200000,116
7377,SMB,1,2025-08-01,Tools Training,Product Knowledge,200000,178
7378,SMB,1,2025-07-09,Product Knowledge,Product Knowledge,200000,138
7379,SMB,1,2025-08-16,Product Knowledge,Product Knowledge,200000,106
7380,SMB,1,2025-11-20,Tools Training,Soft Skills,200000,126
7381,SMB,1,2026-02-12,Tools Training,Soft Skills,200000,134
7382,SMB,1,2025-08-19,Sales Skills,Sales Skills,200000,161
7383,SMB,1,2025-09-29,Soft Skills,Sales Skills,200000,115
7384,SMB,1,2025-07-18,Product Knowledge,Tools Training,200000,101
7385,SMB,1,2025-10-13,Soft Skills,Product Knowledge,200000,138
7386,SMB,1,2025-12-01,Soft Skills,Tools Training,200000,108
7387,SMB,1,2025-09-23,Sales Skills,Product Knowledge,200000,119
7388,SMB,1,2026-04-20,Product Knowledge,Product Knowledge,200000,154
7389,SMB,1,2025-09-28,Product Knowledge,Sales Skills,200000,101
7390,SMB,1,2026-04-19,Sales Skills,Product Knowledge,200000,155
7391,SMB,1,2025-12-27,Product Knowledge,Sales Skills,200000,110
7392,SMB,1,2025-06-02,Tools Training,Product Knowledge,200000,165
7393,SMB,1,2026-04-01,Soft Skills,Sales Skills,200000,147
7394,SMB,1,2025-07-19,Sales Skills,Soft Skills,200000,96
7395,SMB,1,2026-03-02,Product Knowledge,Soft Skills,200000,118
7396,SMB,1,2026-02-05,Sales Skills,Sales Skills,200000,137
7397,SMB,1,2026-01-03,Product Knowledge,Soft Skills,200000,148
7398,SMB,1,2025-12-06,Tools Training,Sales Skills,200000,66
7399,SMB,1,2026-02-26,Sales Skills,Sales Skills,200000,119
7400,SMB,1,2025-09-26,Soft Skills,Soft Skills,200000,121
7401,SMB,1,2025-11-04,Sales Skills,Sales Skills,200000,126
7402,SMB,1,2025-05-31,Sales Skills,Sales Skills,200000,170
7403,SMB,1,2025-11-10,Sales Skills,Tools Training,200000,141
7404,SMB,1,2025-11-08,Product Knowledge,Product Knowledge,200000,116
7405,SMB,1,2025-06-11,Tools Training,Sales Skills,200000,98
7406,SMB,1,2025-08-24,Sales Skills,Sales Skills,200000,136
7407,SMB,1,2025-08-20,Sales Skills,Sales Skills,200000,124
7408,SMB,1,2025-06-14,Sales Skills,Sales Skills,200000,184
7409,SMB,1,2025-11-16,Product Knowledge,Product Knowledge,200000,121
7410,SMB,1,2025-06-21,Tools Training,Soft Skills,200000,137
7411,SMB,1,2026-01-07,Soft Skills,Soft Skills,200000,151
7412,SMB,1,2025-09-03,Soft Skills,Product Knowledge,200000,165
7413,SMB,1,2026-01-09,Sales Skills,Tools Training,200000,174
7414,SMB,1,2026-04-18,Soft Skills,Sales Skills,200000,152
7415,SMB,1,2025-10-30,Product Knowledge,Product Knowledge,200000,148
7416,SMB,1,2025-11-08,Tools Training,Sales Skills,200000,179
7417,SMB,1,2026-03-02,Sales Skills,Soft Skills,200000,140
7418,SMB,1,2026-04-14,Soft Skills,Soft Skills,200000,119
7419,SMB,1,2025-12-22,Product Knowledge,Product Knowledge,200000,157
7420,SMB,1,2025-09-10,Product Knowledge,Soft Skills,200000,94
7421,SMB,1,2026-04-27,Soft Skills,Tools Training,200000,131
7422,SMB,1,2025-11-10,Soft Skills,Tools Training,200000,157
7423,SMB,1,2026-01-08,Tools Training,Soft Skills,200000,133
7424,SMB,1,2025-09-25,Soft Skills,Soft Skills,200000,155
7425,SMB,1,2026-01-24,Product Knowledge,Product Knowledge,200000,144
7426,SMB,1,2026-03-21,Soft Skills,Soft Skills,200000,105
7427,SMB,1,2025-12-11,Sales Skills,Sales Skills,200000,111
7428,SMB,1,2025-09-24,Soft Skills,Soft Skills,200000,88
7429,SMB,1,2025-12-06,Tools Training,Soft Skills,200000,147
7430,SMB,1,2025-06-15,Sales Skills,Sales Skills,200000,150
7431,SMB,1,2025-12-22,Product Knowledge,Soft Skills,200000,167
7432,SMB,1,2026-02-18,Sales Skills,Product Knowledge,200000,118
7433,SMB,1,2026-01-22,Tools Training,Tools Training,200000,148
7434,SMB,1,2026-04-07,Sales Skills,Sales Skills,200000,99
7435,SMB,1,2026-01-28,Soft Skills,Soft Skills,200000,92
7436,SMB,1,2025-12-18,Tools Training,Product Knowledge,200000,121
7437,SMB,1,2025-11-13,Tools Training,Soft Skills,200000,120
7438,SMB,1,2025-07-29,Sales Skills,Tools Training,200000,133
7439,SMB,1,2026-03-11,Soft Skills,Soft Skills,200000,95
7440,SMB,1,2026-01-28,Sales Skills,Soft Skills,200000,125
7441,SMB,1,2026-03-08,Sales Skills,Soft Skills,200000,141
7442,SMB,1,2025-11-12,Sales Skills,Product Knowledge,200000,119
7443,SMB,1,2026-02-16,Soft Skills,Product Knowledge,200000,172
7444,SMB,1,2025-08-10,Tools Training,Sales Skills,200000,161
7445,SMB,1,2026-03-23,Soft Skills,Sales Skills,200000,164
7446,SMB,1,2025-10-01,Tools Training,Tools Training,200000,85
7447,SMB,1,2026-03-16,Tools Training,Product Knowledge,200000,135
7448,SMB,1,2025-08-15,Sales Skills,Product Knowledge,200000,140
7449,SMB,1,2026-03-24,Product Knowledge,Soft Skills,200000,154
7450,SMB,1,2026-03-08,Sales Skills,Soft Skills,200000,105
7451,SMB,1,2025-07-30,Product Knowledge,Product Knowledge,200000,187
7452,SMB,1,2026-02-20,Product Knowledge,Soft Skills,200000,129
7453,SMB,1,2025-08-03,Soft Skills,Tools Training,200000,130
7454,SMB,1,2026-02-18,Tools Training,Sales Skills,200000,127
7455,SMB,1,2026-01-20,Tools Training,Sales Skills,200000,143
7456,SMB,1,2025-06-29,Tools Training,Soft Skills,200000,137
7457,SMB,1,2026-02-11,Soft Skills,Sales Skills,200000,138
7458,SMB,1,2026-04-13,Tools Training,Product Knowledge,200000,100
7459,SMB,1,2026-03-18,Product Knowledge,Product Knowledge,200000,117
7460,SMB,1,2026-01-11,Product Knowledge,Soft Skills,200000,163
7461,SMB,1,2025-07-20,Sales Skills,Tools Training,200000,167
7462,SMB,1,2026-01-02,Soft Skills,Tools Training,200000,109
7463,SMB,1,2025-07-15,Tools Training,Sales Skills,200000,143
7464,SMB,1,2026-01-14,Sales Skills,Soft Skills,200000,117
7465,SMB,1,2025-06-11,Product Knowledge,Sales Skills,200000,117
7466,SMB,1,2025-07-01,Tools Training,Sales Skills,200000,129
7467,SMB,1,2025-06-02,Tools Training,Product Knowledge,200000,98
7468,SMB,1,2025-09-17,Product Knowledge,Soft Skills,200000,94
7469,SMB,1,2025-06-29,Tools Training,Product Knowledge,200000,160
7470,SMB,1,2026-02-19,Product Knowledge,Soft Skills,200000,93
7471,SMB,1,2026-03-22,Product Knowledge,Product Knowledge,200000,148
7472,SMB,1,2025-12-01,Tools Training,Sales Skills,200000,100
7473,SMB,1,2026-01-23,Sales Skills,Tools Training,200000,79
7474,SMB,1,2026-01-13,Soft Skills,Soft Skills,200000,137
7475,SMB,1,2025-12-10,Soft Skills,Sales Skills,200000,152
7476,SMB,1,2025-09-30,Sales Skills,Soft Skills,200000,150
7477,SMB,1,2026-01-29,Sales Skills,Soft Skills,200000,113
7478,SMB,1,2025-09-11,Tools Training,Sales Skills,200000,155
7479,SMB,1,2026-02-01,Sales Skills,Tools Training,200000,102
7480,SMB,1,2025-09-28,Soft Skills,Sales Skills,200000,114
7481,SMB,1,2026-03-20,Sales Skills,Sales Skills,200000,176
7482,SMB,1,2026-04-12,Sales Skills,Tools Training,200000,159
7483,SMB,1,2025-11-19,Soft Skills,Product Knowledge,200000,152
7484,SMB,1,2025-10-25,Product Knowledge,Soft Skills,200000,87
7485,SMB,1,2026-03-09,Tools Training,Soft Skills,200000,83
7486,SMB,1,2025-09-22,Tools Training,Soft Skills,200000,90
7487,SMB,1,2025-10-05,Tools Training,Tools Training,200000,159
7488,SMB,1,2025-06-02,Soft Skills,Sales Skills,200000,110
7489,SMB,1,2025-10-23,Tools Training,Product Knowledge,200000,100
7490,SMB,1,2025-08-03,Product Knowledge,Soft Skills,200000,91
7491,SMB,1,2025-09-03,Tools Training,Tools Training,200000,60
7492,SMB,1,2025-11-30,Tools Training,Sales Skills,200000,122
7493,SMB,1,2026-01-05,Sales Skills,Product Knowledge,200000,148
7494,SMB,1,2025-07-19,Soft Skills,Product Knowledge,200000,158
7495,SMB,1,2025-06-25,Tools Training,Product Knowledge,200000,113
7496,SMB,1,2025-09-03,Soft Skills,Sales Skills,200000,133
7497,SMB,1,2025-11-05,Sales Skills,Soft Skills,200000,108
7498,SMB,1,2026-04-27,Sales Skills,Sales Skills,200000,60
7499,SMB,1,2025-07-16,Sales Skills,Product Knowledge,200000,137
7500,SMB,1,2025-12-08,Product Knowledge,Product Knowledge,200000,132
7501,SMB,1,2026-01-11,Sales Skills,Product Knowledge,200000,149
7502,SMB,1,2025-07-08,Product Knowledge,Sales Skills,200000,149
7503,SMB,1,2026-03-15,Soft Skills,Soft Skills,200000,60
7504,SMB,1,2025-11-03,Sales Skills,Soft Skills,200000,119
7505,SMB,1,2026-04-27,Tools Training,Soft Skills,200000,143
7506,SMB,1,2026-02-25,Product Knowledge,Sales Skills,200000,110
7507,SMB,1,2025-08-14,Product Knowledge,Tools Training,200000,145
7508,SMB,1,2025-08-13,Sales Skills,Sales Skills,200000,144
7509,SMB,1,2025-11-14,Tools Training,Sales Skills,200000,145
7510,SMB,1,2025-06-30,Sales Skills,Soft Skills,200000,60
7511,SMB,1,2026-02-08,Product Knowledge,Sales Skills,200000,139
7512,SMB,1,2026-03-27,Soft Skills,Soft Skills,200000,109
7513,SMB,1,2025-08-18,Tools Training,Sales Skills,200000,152
7514,SMB,1,2026-02-03,Tools Training,Soft Skills,200000,103
7515,SMB,1,2025-12-16,Product Knowledge,Tools Training,200000,111
7516,SMB,1,2026-01-01,Tools Training,Product Knowledge,200000,139
7517,SMB,1,2025-07-19,Tools Training,Tools Training,200000,134
7518,SMB,1,2025-09-05,Product Knowledge,Product Knowledge,200000,130
7519,SMB,1,2025-06-07,Soft Skills,Tools Training,200000,154
7520,SMB,1,2025-12-23,Tools Training,Product Knowledge,200000,117
7521,SMB,1,2026-04-13,Product Knowledge,Soft Skills,200000,153
7522,SMB,1,2025-11-18,Tools Training,Tools Training,200000,114
7523,SMB,1,2025-10-13,Tools Training,Product Knowledge,200000,140
7524,SMB,1,2026-01-23,Tools Training,Product Knowledge,200000,117
7525,SMB,1,2026-03-27,Sales Skills,Tools Training,200000,131
7526,SMB,1,2026-02-11,Product Knowledge,Sales Skills,200000,114
7527,SMB,1,2025-10-13,Soft Skills,Tools Training,200000,116
7528,SMB,1,2025-06-01,Product Knowledge,Tools Training,200000,169
7529,SMB,1,2025-12-21,Product Knowledge,Sales Skills,200000,122
7530,SMB,1,2025-10-22,Soft Skills,Tools Training,200000,120
7531,SMB,1,2026-03-09,Product Knowledge,Tools Training,200000,100
7532,SMB,1,2026-03-07,Tools Training,Sales Skills,200000,160
7533,SMB,1,2025-12-14,Soft Skills,Soft Skills,200000,171
7534,SMB,1,2026-02-08,Soft Skills,Soft Skills,200000,120
7535,SMB,1,2026-02-04,Product Knowledge,Sales Skills,200000,149
7536,SMB,1,2025-09-08,Product Knowledge,Tools Training,200000,129
7537,SMB,1,2025-11-04,Soft Skills,Tools Training,200000,129
7538,SMB,1,2025-07-10,Soft Skills,Product Knowledge,200000,140
7539,SMB,1,2025-11-06,Sales Skills,Sales Skills,200000,168
7540,SMB,1,2026-01-06,Product Knowledge,Tools Training,200000,142
7541,SMB,1,2026-04-13,Product Knowledge,Product Knowledge,200000,109
7542,SMB,1,2025-06-30,Soft Skills,Tools Training,200000,95
7543,SMB,1,2025-05-31,Soft Skills,Tools Training,200000,156
7544,SMB,1,2025-08-31,Tools Training,Sales Skills,200000,121
7545,SMB,1,2025-06-21,Product Knowledge,Product Knowledge,200000,133
7546,SMB,1,2025-07-21,Soft Skills,Soft Skills,200000,113
7547,SMB,1,2025-06-02,Product Knowledge,Soft Skills,200000,125
7548,SMB,1,2025-09-23,Soft Skills,Sales Skills,200000,132
7549,SMB,1,2025-09-29,Product Knowledge,Sales Skills,200000,124
7550,SMB,1,2026-04-12,Product Knowledge,Sales Skills,200000,101
7551,SMB,1,2026-04-28,Tools Training,Product Knowledge,200000,101
7552,SMB,1,2025-10-09,Product Knowledge,Product Knowledge,200000,99
7553,SMB,1,2025-07-01,Soft Skills,Tools Training,200000,133
7554,SMB,1,2025-11-29,Product Knowledge,Product Knowledge,200000,119
7555,SMB,1,2026-04-09,Product Knowledge,Tools Training,200000,151
7556,SMB,1,2025-10-30,Sales Skills,Soft Skills,200000,130
7557,SMB,1,2025-09-02,Soft Skills,Tools Training,200000,126
7558,SMB,1,2025-12-09,Tools Training,Sales Skills,200000,140
7559,SMB,1,2026-04-21,Product Knowledge,Sales Skills,200000,87
7560,SMB,1,2026-02-21,Soft Skills,Sales Skills,200000,104
7561,SMB,1,2025-12-20,Product Knowledge,Sales Skills,200000,100
7562,SMB,1,2025-12-23,Sales Skills,Sales Skills,200000,160
7563,SMB,1,2025-08-07,Product Knowledge,Sales Skills,200000,180
7564,SMB,1,2025-08-30,Sales Skills,Soft Skills,200000,149
7565,SMB,1,2025-11-24,Sales Skills,Soft Skills,200000,121
7566,SMB,1,2026-03-24,Tools Training,Tools Training,200000,94
7567,SMB,1,2025-09-14,Soft Skills,Sales Skills,200000,106
7568,SMB,1,2025-12-11,Product Knowledge,Soft Skills,200000,75
7569,SMB,1,2025-10-18,Soft Skills,Product Knowledge,200000,138
7570,SMB,1,2025-09-19,Soft Skills,Soft Skills,200000,107
7571,SMB,1,2025-07-05,Product Knowledge,Tools Training,200000,122
7572,SMB,1,2025-11-19,Tools Training,Sales Skills,200000,101
7573,SMB,1,2026-02-19,Product Knowledge,Tools Training,200000,175
7574,SMB,1,2025-07-08,Soft Skills,Product Knowledge,200000,91
7575,SMB,1,2025-08-12,Product Knowledge,Product Knowledge,200000,128
7576,SMB,1,2026-02-15,Product Knowledge,Tools Training,200000,127
7577,SMB,1,2025-11-15,Sales Skills,Product Knowledge,200000,210
7578,SMB,1,2025-07-12,Tools Training,Soft Skills,200000,121
7579,SMB,1,2026-03-26,Product Knowledge,Soft Skills,200000,144
7580,SMB,1,2025-12-26,Product Knowledge,Tools Training,200000,141
7581,SMB,1,2026-02-28,Tools Training,Product Knowledge,200000,109
7582,SMB,1,2025-10-19,Product Knowledge,Tools Training,200000,146
7583,SMB,1,2025-09-04,Tools Training,Tools Training,200000,138
7584,SMB,1,2026-03-03,Sales Skills,Tools Training,200000,179
7585,SMB,1,2025-12-15,Product Knowledge,Soft Skills,200000,118
7586,SMB,1,2025-08-26,Tools Training,Sales Skills,200000,110
7587,SMB,1,2025-07-10,Product Knowledge,Sales Skills,200000,105
7588,SMB,1,2025-09-11,Product Knowledge,Tools Training,200000,90
7589,SMB,1,2026-02-22,Soft Skills,Sales Skills,200000,88
7590,SMB,1,2025-10-04,Soft Skills,Soft Skills,200000,175
7591,SMB,1,2025-06-28,Product Knowledge,Product Knowledge,200000,145
7592,SMB,1,2026-04-12,Tools Training,Soft Skills,200000,104
7593,SMB,1,2026-03-10,Sales Skills,Soft Skills,200000,179
7594,SMB,1,2025-06-24,Sales Skills,Soft Skills,200000,110
7595,SMB,1,2026-03-23,Soft Skills,Tools Training,200000,134
7596,SMB,1,2025-07-12,Tools Training,Product Knowledge,200000,124
7597,SMB,1,2026-02-02,Tools Training,Sales Skills,200000,119
7598,SMB,1,2026-01-27,Tools Training,Soft Skills,200000,81
7599,SMB,1,2025-07-26,Tools Training,Soft Skills,200000,94
7600,SMB,1,2026-01-30,Product Knowledge,Product Knowledge,200000,127
7601,SMB,1,2026-02-10,Soft Skills,Tools Training,200000,151
7602,SMB,1,2025-07-27,Soft Skills,Product Knowledge,200000,114
7603,SMB,1,2025-09-12,Product Knowledge,Tools Training,200000,112
7604,SMB,1,2026-01-04,Sales Skills,Soft Skills,200000,86
7605,SMB,1,2026-02-05,Tools Training,Sales Skills,200000,132
7606,SMB,1,2026-01-24,Tools Training,Product Knowledge,200000,108
7607,SMB,1,2025-12-15,Product Knowledge,Product Knowledge,200000,125
7608,SMB,1,2026-01-28,Soft Skills,Tools Training,200000,150
7609,SMB,1,2025-08-26,Soft Skills,Sales Skills,200000,94
7610,SMB,1,2026-01-09,Product Knowledge,Tools Training,200000,103
7611,SMB,1,2026-04-17,Soft Skills,Product Knowledge,200000,124
7612,SMB,1,2025-09-03,Tools Training,Sales Skills,200000,96
7613,SMB,1,2025-09-16,Product Knowledge,Sales Skills,200000,142
7614,SMB,1,2026-03-17,Sales Skills,Soft Skills,200000,152
7615,SMB,1,2025-07-08,Product Knowledge,Product Knowledge,200000,113
7616,SMB,1,2025-11-08,Sales Skills,Tools Training,200000,160
7617,SMB,1,2026-03-26,Tools Training,Soft Skills,200000,95
7618,SMB,1,2026-03-24,Soft Skills,Soft Skills,200000,92
7619,SMB,1,2026-04-07,Sales Skills,Tools Training,200000,130
7620,SMB,1,2025-12-05,Tools Training,Soft Skills,200000,108
7621,SMB,1,2026-01-03,Sales Skills,Tools Training,200000,126
7622,SMB,1,2025-06-10,Product Knowledge,Product Knowledge,200000,116
7623,SMB,1,2025-10-09,Tools Training,Soft Skills,200000,171
7624,SMB,1,2026-04-26,Sales Skills,Product Knowledge,200000,116
7625,SMB,1,2025-07-04,Soft Skills,Sales Skills,200000,145
7626,SMB,1,2025-11-08,Sales Skills,Product Knowledge,200000,111
7627,SMB,1,2025-09-13,Tools Training,Sales Skills,200000,101
7628,SMB,1,2025-06-19,Product Knowledge,Product Knowledge,200000,113
7629,SMB,1,2025-08-31,Sales Skills,Sales Skills,200000,128
7630,SMB,1,2025-08-14,Product Knowledge,Tools Training,200000,111
7631,SMB,1,2025-08-02,Product Knowledge,Soft Skills,200000,122
7632,SMB,1,2026-04-26,Product Knowledge,Tools Training,200000,151
7633,SMB,1,2025-07-14,Tools Training,Tools Training,200000,150
7634,SMB,1,2026-02-09,Product Knowledge,Soft Skills,200000,90
7635,SMB,1,2025-10-21,Product Knowledge,Tools Training,200000,60
7636,SMB,1,2025-10-10,Soft Skills,Sales Skills,200000,94
7637,SMB,1,2025-09-05,Soft Skills,Soft Skills,200000,151
7638,SMB,1,2026-01-05,Product Knowledge,Product Knowledge,200000,161
7639,SMB,1,2026-01-06,Soft Skills,Sales Skills,200000,146
7640,SMB,1,2026-01-18,Product Knowledge,Product Knowledge,200000,120
7641,SMB,1,2026-01-28,Product Knowledge,Soft Skills,200000,115
7642,SMB,1,2025-12-10,Soft Skills,Soft Skills,200000,134
7643,SMB,1,2025-07-04,Soft Skills,Soft Skills,200000,122
7644,SMB,1,2025-08-05,Soft Skills,Sales Skills,200000,135
7645,SMB,1,2025-06-18,Product Knowledge,Product Knowledge,200000,64
7646,SMB,1,2025-12-10,Product Knowledge,Product Knowledge,200000,127
7647,SMB,1,2025-09-11,Sales Skills,Tools Training,200000,126
7648,SMB,1,2026-01-29,Tools Training,Tools Training,200000,191
7649,SMB,1,2025-08-15,Product Knowledge,Tools Training,200000,157
7650,SMB,1,2025-06-17,Product Knowledge,Soft Skills,200000,102
7651,SMB,1,2025-09-14,Sales Skills,Soft Skills,200000,135
7652,SMB,1,2025-06-07,Tools Training,Product Knowledge,200000,159
7653,SMB,1,2025-12-23,Soft Skills,Tools Training,200000,121
7654,SMB,1,2026-04-11,Soft Skills,Tools Training,200000,148
7655,SMB,1,2025-09-13,Product Knowledge,Soft Skills,200000,153
7656,SMB,1,2025-07-30,Tools Training,Sales Skills,200000,158
7657,SMB,1,2026-01-04,Tools Training,Soft Skills,200000,143
7658,SMB,1,2025-12-08,Sales Skills,Product Knowledge,200000,116
7659,SMB,1,2025-06-30,Sales Skills,Tools Training,200000,109
7660,SMB,1,2025-06-28,Soft Skills,Tools Training,200000,135
7661,SMB,1,2025-09-02,Sales Skills,Product Knowledge,200000,110
7662,SMB,1,2025-07-08,Tools Training,Sales Skills,200000,129
7663,SMB,1,2025-09-28,Tools Training,Tools Training,200000,87
7664,SMB,1,2026-03-10,Sales Skills,Soft Skills,200000,139
7665,SMB,1,2025-07-24,Product Knowledge,Tools Training,200000,138
7666,SMB,1,2025-12-11,Product Knowledge,Sales Skills,200000,133
7667,SMB,1,2025-11-05,Sales Skills,Soft Skills,200000,179
7668,SMB,1,2025-08-19,Soft Skills,Tools Training,200000,114
7669,SMB,1,2026-01-13,Product Knowledge,Product Knowledge,200000,119
7670,SMB,1,2026-02-05,Sales Skills,Soft Skills,200000,149
7671,SMB,1,2026-04-08,Tools Training,Sales Skills,200000,112
7672,SMB,1,2025-07-25,Tools Training,Product Knowledge,200000,178
7673,SMB,1,2025-08-07,Sales Skills,Tools Training,200000,138
7674,SMB,1,2026-03-30,Tools Training,Tools Training,200000,155
7675,SMB,1,2025-10-07,Tools Training,Soft Skills,200000,90
7676,SMB,1,2025-10-29,Sales Skills,Soft Skills,200000,130
7677,SMB,1,2025-12-25,Product Knowledge,Tools Training,200000,123
7678,SMB,1,2026-02-20,Soft Skills,Tools Training,200000,110
7679,SMB,1,2026-03-26,Product Knowledge,Product Knowledge,200000,142
7680,SMB,1,2025-07-19,Tools Training,Product Knowledge,200000,123
7681,SMB,1,2025-09-24,Sales Skills,Soft Skills,200000,95
7682,SMB,1,2025-06-24,Soft Skills,Sales Skills,200000,126
7683,SMB,1,2026-04-12,Sales Skills,Product Knowledge,200000,112
7684,SMB,1,2025-12-17,Soft Skills,Sales Skills,200000,123
7685,SMB,1,2025-09-06,Sales Skills,Soft Skills,200000,113
7686,SMB,1,2025-10-08,Tools Training,Soft Skills,200000,86
7687,SMB,1,2025-06-18,Soft Skills,Tools Training,200000,146
7688,SMB,1,2025-08-26,Tools Training,Soft Skills,200000,73
7689,SMB,1,2025-07-02,Sales Skills,Product Knowledge,200000,149
7690,SMB,1,2026-03-03,Tools Training,Tools Training,200000,144
7691,SMB,1,2025-11-12,Tools Training,Soft Skills,200000,129
7692,SMB,1,2025-06-25,Sales Skills,Sales Skills,200000,136
7693,SMB,1,2026-04-07,Product Knowledge,Sales Skills,200000,166
7694,SMB,1,2025-06-18,Product Knowledge,Sales Skills,200000,149
7695,SMB,1,2026-03-03,Tools Training,Sales Skills,200000,152
7696,SMB,1,2025-12-20,Product Knowledge,Sales Skills,200000,115
7697,SMB,1,2025-11-28,Tools Training,Soft Skills,200000,133
7698,SMB,1,2026-04-10,Sales Skills,Product Knowledge,200000,181
7699,SMB,1,2025-09-14,Soft Skills,Tools Training,200000,147
7700,SMB,1,2026-01-13,Sales Skills,Soft Skills,200000,160
7701,SMB,1,2025-09-28,Sales Skills,Tools Training,200000,96
7702,SMB,1,2026-03-08,Sales Skills,Soft Skills,200000,64
7703,SMB,1,2025-07-14,Product Knowledge,Tools Training,200000,81
7704,SMB,1,2025-08-10,Sales Skills,Soft Skills,200000,77
7705,SMB,1,2025-10-12,Soft Skills,Soft Skills,200000,152
7706,SMB,1,2025-10-05,Tools Training,Tools Training,200000,147
7707,SMB,1,2026-04-08,Tools Training,Tools Training,200000,96
7708,SMB,1,2026-04-03,Sales Skills,Sales Skills,200000,113
7709,SMB,1,2025-12-06,Sales Skills,Product Knowledge,200000,76
7710,SMB,1,2025-11-16,Product Knowledge,Soft Skills,200000,149
7711,SMB,1,2025-11-20,Tools Training,Soft Skills,200000,136
7712,SMB,1,2025-12-05,Sales Skills,Tools Training,200000,172
7713,SMB,1,2025-05-31,Sales Skills,Tools Training,200000,124
7714,SMB,1,2026-03-04,Tools Training,Product Knowledge,200000,117
7715,SMB,1,2025-12-18,Soft Skills,Tools Training,200000,141
7716,SMB,1,2025-07-19,Product Knowledge,Tools Training,200000,125
7717,SMB,1,2025-06-01,Sales Skills,Tools Training,200000,126
7718,SMB,1,2025-06-01,Sales Skills,Soft Skills,200000,117
7719,SMB,1,2025-10-11,Product Knowledge,Product Knowledge,200000,133
7720,SMB,1,2026-02-18,Sales Skills,Tools Training,200000,155
7721,SMB,1,2025-10-03,Sales Skills,Product Knowledge,200000,154
7722,SMB,1,2025-07-17,Tools Training,Sales Skills,200000,178
7723,SMB,1,2026-02-17,Tools Training,Sales Skills,200000,142
7724,SMB,1,2026-04-15,Soft Skills,Product Knowledge,200000,143
7725,SMB,1,2025-06-22,Soft Skills,Sales Skills,200000,175
7726,SMB,1,2025-06-10,Tools Training,Sales Skills,200000,149
7727,SMB,1,2025-07-25,Product Knowledge,Sales Skills,200000,136
7728,SMB,1,2025-07-11,Product Knowledge,Sales Skills,200000,135
7729,SMB,1,2025-11-19,Product Knowledge,Soft Skills,200000,151
7730,SMB,1,2025-09-23,Sales Skills,Soft Skills,200000,155
7731,SMB,1,2025-07-04,Soft Skills,Tools Training,200000,105
7732,SMB,1,2025-06-18,Tools Training,Soft Skills,200000,155
7733,SMB,1,2026-03-12,Soft Skills,Product Knowledge,200000,152
7734,SMB,1,2025-08-31,Sales Skills,Sales Skills,200000,154
7735,SMB,1,2025-08-28,Soft Skills,Product Knowledge,200000,153
7736,SMB,1,2026-02-11,Tools Training,Tools Training,200000,100
7737,SMB,1,2025-10-16,Soft Skills,Product Knowledge,200000,128
7738,SMB,1,2025-10-03,Tools Training,Soft Skills,200000,131
7739,SMB,1,2025-06-30,Sales Skills,Soft Skills,200000,139
7740,SMB,1,2026-01-10,Tools Training,Soft Skills,200000,139
7741,SMB,1,2025-12-24,Product Knowledge,Tools Training,200000,94
7742,SMB,1,2025-06-17,Product Knowledge,Product Knowledge,200000,173
7743,SMB,1,2026-04-17,Tools Training,Product Knowledge,200000,119
7744,SMB,1,2026-01-25,Sales Skills,Soft Skills,200000,81
7745,SMB,1,2026-04-20,Sales Skills,Sales Skills,200000,114
7746,SMB,1,2025-07-02,Tools Training,Product Knowledge,200000,143
7747,SMB,1,2026-02-12,Tools Training,Sales Skills,200000,210
7748,SMB,1,2026-03-08,Soft Skills,Product Knowledge,200000,101
7749,SMB,1,2025-09-09,Soft Skills,Product Knowledge,200000,111
7750,SMB,1,2025-07-13,Soft Skills,Sales Skills,200000,147
7751,SMB,1,2025-11-20,Tools Training,Soft Skills,200000,108
7752,SMB,1,2026-04-20,Sales Skills,Tools Training,200000,72
7753,SMB,1,2025-11-20,Sales Skills,Soft Skills,200000,127
7754,SMB,1,2025-11-13,Soft Skills,Product Knowledge,200000,154
7755,SMB,1,2026-03-25,Soft Skills,Tools Training,200000,146
7756,SMB,1,2025-09-22,Tools Training,Product Knowledge,200000,122
7757,SMB,1,2025-08-08,Tools Training,Product Knowledge,200000,142
7758,SMB,1,2026-02-02,Sales Skills,Sales Skills,200000,154
7759,SMB,1,2026-03-08,Product Knowledge,Tools Training,200000,100
7760,SMB,1,2026-03-22,Tools Training,Soft Skills,200000,160
7761,SMB,1,2025-11-17,Sales Skills,Sales Skills,200000,138
7762,SMB,1,2025-08-30,Product Knowledge,Sales Skills,200000,147
7763,SMB,1,2026-03-24,Sales Skills,Sales Skills,200000,115
7764,SMB,1,2025-09-13,Sales Skills,Soft Skills,200000,101
7765,SMB,1,2026-03-12,Tools Training,Sales Skills,200000,146
7766,SMB,1,2025-12-20,Sales Skills,Product Knowledge,200000,114
7767,SMB,1,2025-09-18,Sales Skills,Soft Skills,200000,117
7768,SMB,1,2025-10-15,Sales Skills,Soft Skills,200000,116
7769,SMB,1,2025-09-22,Product Knowledge,Sales Skills,200000,156
7770,SMB,1,2025-10-26,Soft Skills,Sales Skills,200000,141
7771,SMB,1,2026-04-22,Sales Skills,Product Knowledge,200000,87
7772,SMB,1,2025-08-14,Tools Training,Soft Skills,200000,135
7773,SMB,1,2026-04-19,Tools Training,Product Knowledge,200000,181
7774,SMB,1,2025-12-29,Soft Skills,Sales Skills,200000,98
7775,SMB,1,2025-12-05,Tools Training,Product Knowledge,200000,130
7776,SMB,1,2025-07-08,Product Knowledge,Tools Training,200000,129
7777,SMB,1,2025-06-26,Sales Skills,Soft Skills,200000,103
7778,SMB,1,2025-10-31,Tools Training,Sales Skills,200000,106
7779,SMB,1,2025-12-26,Sales Skills,Product Knowledge,200000,122
7780,SMB,1,2025-09-03,Soft Skills,Tools Training,200000,143
7781,SMB,1,2025-11-09,Tools Training,Sales Skills,200000,136
7782,SMB,1,2025-08-25,Tools Training,Tools Training,200000,192
7783,SMB,1,2026-03-29,Product Knowledge,Tools Training,200000,163
7784,SMB,1,2025-12-14,Product Knowledge,Tools Training,200000,151
7785,SMB,1,2025-11-02,Soft Skills,Soft Skills,200000,99
7786,SMB,1,2025-06-16,Tools Training,Tools Training,200000,121
7787,SMB,1,2025-12-15,Tools Training,Product Knowledge,200000,111
7788,SMB,1,2026-04-12,Soft Skills,Tools Training,200000,121
7789,SMB,1,2025-11-27,Tools Training,Sales Skills,200000,106
7790,SMB,1,2025-12-19,Sales Skills,Soft Skills,200000,137
7791,SMB,1,2025-08-04,Tools Training,Tools Training,200000,180
7792,SMB,1,2025-09-14,Tools Training,Product Knowledge,200000,105
7793,SMB,1,2026-04-15,Soft Skills,Sales Skills,200000,150
7794,SMB,1,2026-03-10,Product Knowledge,Tools Training,200000,133
7795,SMB,1,2026-01-22,Soft Skills,Sales Skills,200000,114
7796,SMB,1,2025-06-09,Product Knowledge,Sales Skills,200000,132
7797,SMB,1,2025-08-13,Soft Skills,Soft Skills,200000,121
7798,SMB,1,2025-11-07,Tools Training,Product Knowledge,200000,159
7799,SMB,1,2025-11-21,Soft Skills,Product Knowledge,200000,119
7800,SMB,1,2026-04-06,Sales Skills,Tools Training,200000,109
7801,SMB,1,2026-03-15,Tools Training,Tools Training,200000,101
7802,SMB,1,2025-08-01,Soft Skills,Product Knowledge,200000,126
7803,SMB,1,2026-01-09,Product Knowledge,Soft Skills,200000,159
7804,SMB,1,2025-07-29,Product Knowledge,Sales Skills,200000,102
7805,SMB,1,2025-09-23,Tools Training,Sales Skills,200000,117
7806,SMB,1,2026-01-10,Sales Skills,Product Knowledge,200000,70
7807,SMB,1,2026-04-23,Tools Training,Soft Skills,200000,98
7808,SMB,1,2025-07-03,Soft Skills,Soft Skills,200000,144
7809,SMB,1,2025-11-21,Soft Skills,Tools Training,200000,119
7810,SMB,1,2025-10-25,Tools Training,Soft Skills,200000,149
7811,SMB,1,2025-06-27,Sales Skills,Sales Skills,200000,164
7812,SMB,1,2026-04-28,Product Knowledge,Soft Skills,200000,106
7813,SMB,1,2025-08-12,Soft Skills,Sales Skills,200000,142
7814,SMB,1,2025-06-22,Product Knowledge,Soft Skills,200000,142
7815,SMB,1,2026-03-07,Tools Training,Tools Training,200000,111
7816,SMB,1,2025-12-31,Sales Skills,Soft Skills,200000,139
7817,SMB,1,2026-01-30,Tools Training,Product Knowledge,200000,156
7818,SMB,1,2025-12-14,Tools Training,Tools Training,200000,163
7819,SMB,1,2026-04-03,Sales Skills,Tools Training,200000,73
7820,SMB,1,2025-12-29,Product Knowledge,Product Knowledge,200000,97
7821,SMB,1,2026-03-28,Product Knowledge,Sales Skills,200000,115
7822,SMB,1,2026-04-06,Sales Skills,Product Knowledge,200000,147
7823,SMB,1,2025-08-26,Tools Training,Soft Skills,200000,156
7824,SMB,1,2025-11-01,Product Knowledge,Soft Skills,200000,72
7825,SMB,1,2025-09-16,Tools Training,Tools Training,200000,113
7826,SMB,1,2026-03-26,Product Knowledge,Tools Training,200000,104
7827,SMB,1,2025-06-24,Tools Training,Product Knowledge,200000,111
7828,SMB,1,2025-06-17,Soft Skills,Soft Skills,200000,178
7829,SMB,1,2026-01-08,Soft Skills,Sales Skills,200000,172
7830,SMB,1,2026-02-13,Product Knowledge,Product Knowledge,200000,162
7831,SMB,1,2025-08-19,Product Knowledge,Tools Training,200000,159
7832,SMB,1,2025-07-08,Sales Skills,Sales Skills,200000,160
7833,SMB,1,2025-08-27,Soft Skills,Sales Skills,200000,123
7834,SMB,1,2026-04-29,Tools Training,Soft Skills,200000,119
7835,SMB,1,2025-12-06,Product Knowledge,Product Knowledge,200000,151
7836,SMB,1,2026-01-21,Tools Training,Soft Skills,200000,125
7837,SMB,1,2025-11-26,Sales Skills,Soft Skills,200000,121
7838,SMB,1,2025-07-21,Sales Skills,Soft Skills,200000,140
7839,SMB,1,2025-06-15,Soft Skills,Tools Training,200000,108
7840,SMB,1,2025-07-22,Tools Training,Soft Skills,200000,115
7841,SMB,1,2025-11-15,Product Knowledge,Soft Skills,200000,124
7842,SMB,1,2026-04-07,Tools Training,Soft Skills,200000,136
7843,SMB,1,2025-12-09,Tools Training,Soft Skills,200000,71
7844,SMB,1,2026-04-12,Soft Skills,Tools Training,200000,142
7845,SMB,1,2025-12-27,Sales Skills,Soft Skills,200000,131
7846,SMB,1,2025-06-08,Soft Skills,Tools Training,200000,85
7847,SMB,1,2025-06-25,Soft Skills,Soft Skills,200000,105
7848,SMB,1,2025-12-09,Soft Skills,Soft Skills,200000,136
7849,SMB,1,2026-01-17,Soft Skills,Sales Skills,200000,60
7850,SMB,1,2025-09-05,Soft Skills,Tools Training,200000,121
7851,SMB,1,2025-07-11,Sales Skills,Sales Skills,200000,179
7852,SMB,1,2025-10-29,Sales Skills,Sales Skills,200000,134
7853,SMB,1,2026-04-17,Sales Skills,Tools Training,200000,143
7854,SMB,1,2026-04-22,Soft Skills,Soft Skills,200000,63
7855,SMB,1,2026-01-22,Sales Skills,Tools Training,200000,134
7856,SMB,1,2025-07-15,Sales Skills,Soft Skills,200000,142
7857,SMB,1,2026-01-23,Sales Skills,Soft Skills,200000,108
7858,SMB,1,2025-12-30,Product Knowledge,Sales Skills,200000,118
7859,SMB,1,2025-06-02,Product Knowledge,Sales Skills,200000,97
7860,SMB,1,2026-02-04,Product Knowledge,Product Knowledge,200000,85
7861,SMB,1,2025-10-31,Product Knowledge,Product Knowledge,200000,92
7862,SMB,1,2025-11-30,Soft Skills,Tools Training,200000,154
7863,SMB,1,2025-06-24,Product Knowledge,Tools Training,200000,78
7864,SMB,1,2025-08-10,Soft Skills,Tools Training,200000,124
7865,SMB,1,2025-07-16,Sales Skills,Soft Skills,200000,160
7866,SMB,1,2025-11-22,Product Knowledge,Product Knowledge,200000,118
7867,SMB,1,2025-09-27,Tools Training,Product Knowledge,200000,173
7868,SMB,1,2026-03-12,Sales Skills,Soft Skills,200000,148
7869,SMB,1,2025-11-23,Sales Skills,Soft Skills,200000,185
7870,SMB,1,2026-04-22,Soft Skills,Tools Training,200000,166
7871,SMB,1,2025-11-14,Soft Skills,Sales Skills,200000,109
7872,SMB,1,2025-06-30,Product Knowledge,Tools Training,200000,139
7873,SMB,1,2026-03-06,Tools Training,Tools Training,200000,142
7874,SMB,1,2026-04-03,Sales Skills,Product Knowledge,200000,147
7875,SMB,1,2025-07-23,Product Knowledge,Sales Skills,200000,127
7876,SMB,1,2026-01-03,Soft Skills,Product Knowledge,200000,172
7877,SMB,1,2026-03-01,Sales Skills,Soft Skills,200000,128
7878,SMB,1,2026-01-01,Sales Skills,Soft Skills,200000,160
7879,SMB,1,2025-07-24,Sales Skills,Product Knowledge,200000,109
7880,SMB,1,2025-10-01,Tools Training,Tools Training,200000,176
7881,SMB,1,2026-02-26,Soft Skills,Sales Skills,200000,120
7882,SMB,1,2025-07-18,Sales Skills,Tools Training,200000,142
7883,SMB,1,2026-04-02,Product Knowledge,Soft Skills,200000,134
7884,SMB,1,2025-05-31,Tools Training,Product Knowledge,200000,145
7885,SMB,1,2026-03-08,Tools Training,Product Knowledge,200000,129
7886,SMB,1,2025-06-11,Sales Skills,Product Knowledge,200000,87
7887,SMB,1,2025-08-17,Tools Training,Tools Training,200000,124
7888,SMB,1,2025-08-10,Soft Skills,Tools Training,200000,122
7889,SMB,1,2025-08-14,Sales Skills,Soft Skills,200000,115
7890,SMB,1,2025-11-17,Soft Skills,Tools Training,200000,65
7891,SMB,1,2025-06-19,Tools Training,Tools Training,200000,86
7892,SMB,1,2026-01-29,Tools Training,Product Knowledge,200000,109
7893,SMB,1,2025-11-12,Tools Training,Product Knowledge,200000,132
7894,SMB,1,2025-06-01,Sales Skills,Sales Skills,200000,129
7895,SMB,1,2026-03-10,Sales Skills,Tools Training,200000,102
7896,SMB,1,2026-01-13,Soft Skills,Product Knowledge,200000,163
7897,SMB,1,2026-01-17,Product Knowledge,Tools Training,200000,119
7898,SMB,1,2026-04-13,Tools Training,Soft Skills,200000,107
7899,SMB,1,2025-06-22,Product Knowledge,Sales Skills,200000,116
7900,SMB,1,2025-06-03,Soft Skills,Sales Skills,200000,99
7901,SMB,1,2025-12-24,Sales Skills,Product Knowledge,200000,147
7902,SMB,1,2025-08-30,Tools Training,Product Knowledge,200000,151
7903,SMB,1,2026-04-13,Product Knowledge,Tools Training,200000,94
7904,SMB,1,2026-01-21,Sales Skills,Tools Training,200000,100
7905,SMB,1,2025-08-03,Product Knowledge,Sales Skills,200000,119
7906,SMB,1,2025-06-25,Soft Skills,Tools Training,200000,120
7907,SMB,1,2026-01-02,Tools Training,Sales Skills,200000,93
7908,SMB,1,2026-03-25,Tools Training,Soft Skills,200000,127
7909,SMB,1,2026-02-15,Soft Skills,Tools Training,200000,80
7910,SMB,1,2026-03-29,Soft Skills,Product Knowledge,200000,96
7911,SMB,1,2025-09-10,Tools Training,Tools Training,200000,134
7912,SMB,1,2025-06-14,Soft Skills,Sales Skills,200000,109
7913,SMB,1,2025-10-07,Tools Training,Product Knowledge,200000,94
7914,SMB,1,2025-10-16,Soft Skills,Soft Skills,200000,107
7915,SMB,1,2025-06-14,Tools Training,Product Knowledge,200000,154
7916,SMB,1,2025-11-13,Tools Training,Soft Skills,200000,74
7917,SMB,1,2026-02-09,Sales Skills,Tools Training,200000,151
7918,SMB,1,2025-07-22,Product Knowledge,Tools Training,200000,102
7919,SMB,1,2025-07-04,Product Knowledge,Product Knowledge,200000,150
7920,SMB,1,2026-03-13,Product Knowledge,Tools Training,200000,142
7921,SMB,1,2025-07-28,Sales Skills,Soft Skills,200000,118
7922,SMB,1,2025-06-10,Soft Skills,Tools Training,200000,120
7923,SMB,1,2026-02-23,Sales Skills,Sales Skills,200000,143
7924,SMB,1,2025-09-13,Product Knowledge,Sales Skills,200000,126
7925,SMB,1,2025-09-23,Sales Skills,Tools Training,200000,119
7926,SMB,1,2025-10-07,Product Knowledge,Product Knowledge,200000,153
7927,SMB,1,2025-06-15,Sales Skills,Product Knowledge,200000,143
7928,SMB,1,2026-02-06,Tools Training,Product Knowledge,200000,134
7929,SMB,1,2026-02-18,Soft Skills,Product Knowledge,200000,147
7930,SMB,1,2026-01-05,Soft Skills,Product Knowledge,200000,86
7931,SMB,1,2025-10-12,Tools Training,Soft Skills,200000,136
7932,SMB,1,2025-07-22,Sales Skills,Sales Skills,200000,140
7933,SMB,1,2025-11-09,Sales Skills,Soft Skills,200000,106
7934,SMB,1,2026-04-04,Tools Training,Tools Training,200000,112
7935,SMB,1,2025-12-23,Soft Skills,Tools Training,200000,159
7936,SMB,1,2025-09-12,Soft Skills,Sales Skills,200000,151
7937,SMB,1,2025-12-27,Sales Skills,Tools Training,200000,153
7938,SMB,1,2026-03-06,Sales Skills,Sales Skills,200000,142
7939,SMB,1,2025-12-01,Soft Skills,Product Knowledge,200000,108
7940,SMB,1,2025-08-15,Soft Skills,Sales Skills,200000,126
7941,SMB,1,2025-08-04,Sales Skills,Tools Training,200000,118
7942,SMB,1,2026-03-06,Sales Skills,Product Knowledge,200000,120
7943,SMB,1,2025-09-07,Sales Skills,Product Knowledge,200000,162
7944,SMB,1,2025-07-29,Soft Skills,Product Knowledge,200000,144
7945,SMB,1,2025-06-11,Sales Skills,Tools Training,200000,94
7946,SMB,1,2025-12-12,Tools Training,Product Knowledge,200000,89
7947,SMB,1,2026-03-27,Sales Skills,Product Knowledge,200000,132
7948,SMB,1,2025-10-22,Product Knowledge,Soft Skills,200000,128
7949,SMB,1,2025-09-09,Soft Skills,Product Knowledge,200000,131
7950,SMB,1,2025-07-07,Sales Skills,Tools Training,200000,118
7951,SMB,1,2026-01-15,Tools Training,Soft Skills,200000,135
7952,SMB,1,2025-12-01,Product Knowledge,Soft Skills,200000,161
7953,SMB,1,2025-06-22,Tools Training,Product Knowledge,200000,126
7954,SMB,1,2025-07-26,Soft Skills,Tools Training,200000,99
7955,SMB,1,2025-11-12,Tools Training,Soft Skills,200000,154
7956,SMB,1,2026-02-13,Product Knowledge,Tools Training,200000,88
7957,SMB,1,2025-10-03,Soft Skills,Soft Skills,200000,111
7958,SMB,1,2026-02-17,Tools Training,Sales Skills,200000,114
7959,SMB,1,2026-04-14,Soft Skills,Soft Skills,200000,169
7960,SMB,1,2026-02-11,Soft Skills,Soft Skills,200000,139
7961,SMB,1,2026-03-24,Soft Skills,Sales Skills,200000,141
7962,SMB,1,2025-08-06,Product Knowledge,Tools Training,200000,173
7963,SMB,1,2025-06-12,Product Knowledge,Tools Training,200000,155
7964,SMB,1,2026-01-26,Soft Skills,Soft Skills,200000,95
7965,SMB,1,2025-07-19,Product Knowledge,Sales Skills,200000,91
7966,SMB,1,2026-01-03,Tools Training,Tools Training,200000,153
7967,SMB,1,2026-02-19,Product Knowledge,Sales Skills,200000,127
7968,SMB,1,2025-12-07,Sales Skills,Tools Training,200000,102
7969,SMB,1,2026-04-20,Product Knowledge,Product Knowledge,200000,178
7970,SMB,1,2025-08-13,Soft Skills,Soft Skills,200000,125
7971,SMB,1,2026-04-24,Product Knowledge,Sales Skills,200000,129
7972,SMB,1,2025-12-04,Sales Skills,Sales Skills,200000,115
7973,SMB,1,2026-04-17,Sales Skills,Product Knowledge,200000,123
7974,SMB,1,2025-06-12,Product Knowledge,Product Knowledge,200000,189
7975,SMB,1,2025-06-21,Product Knowledge,Tools Training,200000,139
7976,SMB,1,2025-07-21,Tools Training,Sales Skills,200000,154
7977,SMB,1,2026-04-19,Soft Skills,Tools Training,200000,121
7978,SMB,1,2026-03-22,Soft Skills,Soft Skills,200000,98
7979,SMB,1,2026-03-18,Product Knowledge,Soft Skills,200000,60
7980,SMB,1,2025-12-01,Sales Skills,Tools Training,200000,125
7981,SMB,1,2025-11-17,Tools Training,Sales Skills,200000,142
7982,SMB,1,2025-06-23,Soft Skills,Soft Skills,200000,99
7983,SMB,1,2026-04-01,Sales Skills,Product Knowledge,200000,113
7984,SMB,1,2025-08-27,Sales Skills,Sales Skills,200000,138
7985,SMB,1,2025-06-21,Sales Skills,Tools Training,200000,137
7986,SMB,1,2025-10-29,Sales Skills,Soft Skills,200000,126
7987,SMB,1,2025-06-06,Soft Skills,Tools Training,200000,125
7988,SMB,1,2026-02-07,Product Knowledge,Tools Training,200000,89
7989,SMB,1,2025-09-08,Sales Skills,Soft Skills,200000,154
7990,SMB,1,2026-03-26,Sales Skills,Tools Training,200000,125
7991,SMB,1,2025-12-12,Tools Training,Product Knowledge,200000,104
7992,SMB,1,2025-09-23,Product Knowledge,Product Knowledge,200000,109
7993,SMB,1,2025-09-08,Sales Skills,Sales Skills,200000,150
7994,SMB,1,2025-09-29,Soft Skills,Tools Training,200000,88
7995,SMB,1,2026-04-28,Sales Skills,Tools Training,200000,103
7996,SMB,1,2025-12-13,Tools Training,Product Knowledge,200000,60
7997,SMB,1,2025-09-03,Product Knowledge,Product Knowledge,200000,136
7998,SMB,1,2026-04-19,Tools Training,Tools Training,200000,124
7999,SMB,1,2026-04-27,Product Knowledge,Soft Skills,200000,128
8000,SMB,1,2025-12-16,Soft Skills,Soft Skills,200000,151
8001,SMB,1,2025-06-01,Sales Skills,Product Knowledge,200000,81
8002,SMB,1,2025-06-01,Sales Skills,Sales Skills,200000,125
8003,SMB,1,2025-11-08,Soft Skills,Soft Skills,200000,132
8004,SMB,1,2026-03-14,Product Knowledge,Sales Skills,200000,173
8005,SMB,1,2026-03-27,Sales Skills,Tools Training,200000,99
8006,SMB,1,2026-04-03,Product Knowledge,Tools Training,200000,128
8007,SMB,1,2025-12-04,Tools Training,Tools Training,200000,118
8008,SMB,1,2025-12-23,Soft Skills,Tools Training,200000,60
8009,SMB,1,2025-11-28,Soft Skills,Tools Training,200000,144
8010,SMB,1,2026-04-07,Tools Training,Tools Training,200000,156
8011,SMB,1,2026-01-04,Product Knowledge,Soft Skills,200000,106
8012,SMB,1,2025-08-17,Tools Training,Tools Training,200000,76
8013,SMB,1,2025-10-20,Soft Skills,Tools Training,200000,135
8014,SMB,1,2025-12-15,Sales Skills,Tools Training,200000,90
8015,SMB,1,2025-08-15,Sales Skills,Product Knowledge,200000,172
8016,SMB,1,2025-06-05,Soft Skills,Soft Skills,200000,95
8017,SMB,1,2025-09-18,Product Knowledge,Tools Training,200000,143
8018,SMB,1,2025-07-18,Tools Training,Product Knowledge,200000,112
8019,SMB,1,2026-04-19,Soft Skills,Tools Training,200000,134
8020,SMB,1,2025-10-08,Sales Skills,Soft Skills,200000,151
8021,SMB,1,2025-06-20,Product Knowledge,Soft Skills,200000,140
8022,SMB,1,2025-08-10,Soft Skills,Sales Skills,200000,97
8023,SMB,1,2025-08-30,Product Knowledge,Tools Training,200000,119
8024,SMB,1,2025-09-14,Sales Skills,Soft Skills,200000,140
8025,SMB,1,2026-03-20,Soft Skills,Sales Skills,200000,142
8026,SMB,1,2026-01-19,Tools Training,Product Knowledge,200000,114
8027,SMB,1,2025-12-05,Tools Training,Tools Training,200000,127
8028,SMB,1,2025-12-31,Product Knowledge,Tools Training,200000,157
8029,SMB,1,2025-07-19,Sales Skills,Product Knowledge,200000,136
8030,SMB,1,2026-04-23,Soft Skills,Soft Skills,200000,69
8031,SMB,1,2025-12-24,Soft Skills,Soft Skills,200000,119
8032,SMB,1,2025-08-02,Sales Skills,Tools Training,200000,91
8033,SMB,1,2025-12-31,Sales Skills,Sales Skills,200000,109
8034,SMB,1,2025-11-04,Product Knowledge,Tools Training,200000,192
8035,SMB,1,2025-12-22,Tools Training,Sales Skills,200000,139
8036,SMB,1,2025-11-12,Sales Skills,Product Knowledge,200000,115
8037,SMB,1,2026-01-04,Tools Training,Tools Training,200000,139
8038,SMB,1,2025-12-31,Product Knowledge,Soft Skills,200000,142
8039,SMB,1,2026-04-06,Tools Training,Tools Training,200000,100
8040,SMB,1,2025-08-02,Soft Skills,Product Knowledge,200000,113
8041,SMB,1,2026-01-25,Product Knowledge,Sales Skills,200000,126
8042,SMB,1,2025-06-06,Soft Skills,Product Knowledge,200000,113
8043,SMB,1,2026-03-26,Product Knowledge,Soft Skills,200000,102
8044,SMB,1,2025-12-06,Soft Skills,Soft Skills,200000,165
8045,SMB,1,2025-12-05,Soft Skills,Tools Training,200000,102
8046,SMB,1,2026-01-05,Tools Training,Soft Skills,200000,99
8047,SMB,1,2026-04-08,Tools Training,Sales Skills,200000,145
8048,SMB,1,2025-06-03,Product Knowledge,Tools Training,200000,153
8049,SMB,1,2025-06-16,Sales Skills,Sales Skills,200000,117
8050,SMB,1,2025-11-21,Soft Skills,Sales Skills,200000,178
8051,SMB,1,2025-09-04,Tools Training,Tools Training,200000,172
8052,SMB,1,2025-10-29,Tools Training,Tools Training,200000,167
8053,SMB,1,2025-07-03,Sales Skills,Sales Skills,200000,123
8054,SMB,1,2025-12-20,Tools Training,Soft Skills,200000,125
8055,SMB,1,2025-07-15,Tools Training,Tools Training,200000,113
8056,SMB,1,2025-10-21,Tools Training,Product Knowledge,200000,77
8057,SMB,1,2025-09-03,Soft Skills,Sales Skills,200000,75
8058,SMB,1,2025-08-11,Sales Skills,Product Knowledge,200000,133
8059,SMB,1,2025-09-08,Soft Skills,Product Knowledge,200000,82
8060,SMB,1,2025-07-08,Tools Training,Sales Skills,200000,171
8061,SMB,1,2025-06-12,Tools Training,Tools Training,200000,113
8062,SMB,1,2026-03-03,Product Knowledge,Product Knowledge,200000,135
8063,SMB,1,2025-07-10,Tools Training,Product Knowledge,200000,103
8064,SMB,1,2025-12-20,Sales Skills,Soft Skills,200000,115
8065,SMB,1,2025-10-26,Soft Skills,Sales Skills,200000,71
8066,SMB,1,2025-11-30,Soft Skills,Soft Skills,200000,77
8067,SMB,1,2025-06-08,Product Knowledge,Soft Skills,200000,151
8068,SMB,1,2025-07-04,Tools Training,Soft Skills,200000,110
8069,SMB,1,2025-09-02,Product Knowledge,Tools Training,200000,162
8070,SMB,1,2025-09-04,Tools Training,Soft Skills,200000,84
8071,SMB,1,2025-12-12,Product Knowledge,Soft Skills,200000,144
8072,SMB,1,2026-04-14,Soft Skills,Soft Skills,200000,114
8073,SMB,1,2025-09-03,Sales Skills,Soft Skills,200000,158
8074,SMB,1,2026-01-27,Sales Skills,Product Knowledge,200000,117
8075,SMB,1,2026-04-13,Product Knowledge,Soft Skills,200000,133
8076,SMB,1,2025-12-07,Product Knowledge,Tools Training,200000,87
8077,SMB,1,2025-11-25,Product Knowledge,Soft Skills,200000,148
8078,SMB,1,2025-07-29,Tools Training,Soft Skills,200000,99
8079,SMB,1,2025-07-02,Tools Training,Sales Skills,200000,110
8080,SMB,1,2026-04-12,Soft Skills,Product Knowledge,200000,65
8081,SMB,1,2026-02-07,Soft Skills,Tools Training,200000,157
8082,SMB,1,2025-12-17,Soft Skills,Tools Training,200000,188
8083,SMB,1,2026-03-28,Product Knowledge,Tools Training,200000,102
8084,SMB,1,2025-08-24,Soft Skills,Product Knowledge,200000,60
8085,SMB,1,2026-03-03,Tools Training,Soft Skills,200000,83
8086,SMB,1,2025-07-25,Sales Skills,Tools Training,200000,99
8087,SMB,1,2025-07-08,Product Knowledge,Soft Skills,200000,143
8088,SMB,1,2025-12-22,Sales Skills,Soft Skills,200000,106
8089,SMB,1,2026-02-27,Soft Skills,Sales Skills,200000,126
8090,SMB,1,2025-07-24,Product Knowledge,Soft Skills,200000,92
8091,SMB,1,2025-09-15,Tools Training,Sales Skills,200000,163
8092,SMB,1,2025-11-02,Soft Skills,Sales Skills,200000,157
8093,SMB,1,2025-08-03,Soft Skills,Product Knowledge,200000,135
8094,SMB,1,2025-08-28,Sales Skills,Soft Skills,200000,148
8095,SMB,1,2026-02-17,Soft Skills,Sales Skills,200000,170
8096,SMB,1,2025-12-01,Product Knowledge,Sales Skills,200000,150
8097,SMB,1,2025-07-20,Sales Skills,Product Knowledge,200000,142
8098,SMB,1,2025-06-29,Soft Skills,Tools Training,200000,113
8099,SMB,1,2026-03-26,Soft Skills,Sales Skills,200000,151
8100,SMB,1,2025-11-30,Product Knowledge,Soft Skills,200000,107
8101,SMB,1,2026-03-29,Soft Skills,Soft Skills,200000,88
8102,SMB,1,2025-06-18,Product Knowledge,Soft Skills,200000,109
8103,SMB,1,2026-03-01,Product Knowledge,Tools Training,200000,169
8104,SMB,1,2025-09-21,Soft Skills,Sales Skills,200000,144
8105,SMB,1,2026-04-21,Sales Skills,Soft Skills,200000,134
8106,SMB,1,2026-03-29,Product Knowledge,Tools Training,200000,143
8107,SMB,1,2025-07-15,Product Knowledge,Tools Training,200000,173
8108,SMB,1,2026-04-04,Sales Skills,Product Knowledge,200000,109
8109,SMB,1,2025-11-09,Product Knowledge,Sales Skills,200000,105
8110,SMB,1,2025-06-18,Product Knowledge,Product Knowledge,200000,110
8111,SMB,1,2025-12-21,Tools Training,Tools Training,200000,139
8112,SMB,1,2025-12-27,Soft Skills,Tools Training,200000,101
8113,SMB,1,2025-10-06,Tools Training,Product Knowledge,200000,136
8114,SMB,1,2025-12-28,Tools Training,Soft Skills,200000,111
8115,SMB,1,2026-03-06,Sales Skills,Soft Skills,200000,79
8116,SMB,1,2025-11-03,Soft Skills,Product Knowledge,200000,125
8117,SMB,1,2025-11-19,Tools Training,Soft Skills,200000,119
8118,SMB,1,2025-11-03,Product Knowledge,Soft Skills,200000,101
8119,SMB,1,2026-03-24,Product Knowledge,Sales Skills,200000,110
8120,SMB,1,2025-10-03,Soft Skills,Tools Training,200000,130
8121,SMB,1,2025-10-04,Tools Training,Soft Skills,200000,145
8122,SMB,1,2026-01-13,Tools Training,Soft Skills,200000,144
8123,SMB,1,2026-01-26,Product Knowledge,Soft Skills,200000,103
8124,SMB,1,2026-04-28,Product Knowledge,Sales Skills,200000,203
8125,SMB,1,2026-04-23,Sales Skills,Product Knowledge,200000,142
8126,SMB,1,2026-02-15,Sales Skills,Tools Training,200000,102
8127,SMB,1,2026-03-31,Soft Skills,Product Knowledge,200000,97
8128,SMB,1,2025-12-04,Soft Skills,Tools Training,200000,115
8129,SMB,1,2025-08-20,Tools Training,Soft Skills,200000,94
8130,SMB,1,2026-04-26,Sales Skills,Soft Skills,200000,161
8131,SMB,1,2025-10-19,Sales Skills,Tools Training,200000,144
8132,SMB,1,2026-01-25,Sales Skills,Soft Skills,200000,192
8133,SMB,1,2026-04-28,Soft Skills,Soft Skills,200000,125
8134,SMB,1,2025-09-05,Product Knowledge,Sales Skills,200000,183
8135,SMB,1,2025-07-13,Soft Skills,Tools Training,200000,93
8136,SMB,1,2025-06-22,Tools Training,Product Knowledge,200000,106
8137,SMB,1,2026-04-05,Sales Skills,Sales Skills,200000,153
8138,SMB,1,2025-06-07,Product Knowledge,Tools Training,200000,116
8139,SMB,1,2025-07-28,Soft Skills,Sales Skills,200000,138
8140,SMB,1,2025-06-23,Tools Training,Sales Skills,200000,112
8141,SMB,1,2026-04-15,Soft Skills,Product Knowledge,200000,113
8142,SMB,1,2025-12-14,Product Knowledge,Tools Training,200000,149
8143,SMB,1,2025-09-26,Sales Skills,Product Knowledge,200000,138
8144,SMB,1,2026-02-07,Product Knowledge,Product Knowledge,200000,155
8145,SMB,1,2025-06-27,Sales Skills,Sales Skills,200000,90
8146,SMB,1,2025-10-26,Product Knowledge,Tools Training,200000,172
8147,SMB,1,2025-11-30,Product Knowledge,Product Knowledge,200000,101
8148,SMB,1,2025-09-05,Sales Skills,Sales Skills,200000,107
8149,SMB,1,2025-06-10,Tools Training,Product Knowledge,200000,150
8150,SMB,1,2026-04-03,Sales Skills,Sales Skills,200000,139
8151,SMB,1,2025-10-24,Sales Skills,Soft Skills,200000,124
8152,SMB,1,2025-08-29,Sales Skills,Tools Training,200000,131
8153,SMB,1,2025-09-24,Sales Skills,Soft Skills,200000,113
8154,SMB,1,2026-01-14,Tools Training,Product Knowledge,200000,121
8155,SMB,1,2026-01-25,Product Knowledge,Soft Skills,200000,121
8156,SMB,1,2025-08-30,Product Knowledge,Product Knowledge,200000,115
8157,SMB,1,2026-01-08,Soft Skills,Product Knowledge,200000,90
8158,SMB,1,2026-03-26,Product Knowledge,Sales Skills,200000,167
8159,SMB,1,2025-05-31,Sales Skills,Tools Training,200000,141
8160,SMB,1,2025-12-30,Sales Skills,Soft Skills,200000,105
8161,SMB,1,2026-04-04,Product Knowledge,Sales Skills,200000,118
8162,SMB,1,2025-06-07,Tools Training,Sales Skills,200000,117
8163,SMB,1,2026-02-24,Product Knowledge,Soft Skills,200000,182
8164,SMB,1,2026-01-08,Tools Training,Product Knowledge,200000,133
8165,SMB,1,2025-10-09,Product Knowledge,Sales Skills,200000,121
8166,SMB,1,2026-04-03,Product Knowledge,Sales Skills,200000,130
8167,SMB,1,2026-02-18,Sales Skills,Soft Skills,200000,138
8168,SMB,1,2025-08-05,Product Knowledge,Tools Training,200000,83
8169,SMB,1,2025-06-19,Sales Skills,Product Knowledge,200000,70
8170,SMB,1,2025-08-13,Soft Skills,Soft Skills,200000,128
8171,SMB,1,2025-09-22,Product Knowledge,Soft Skills,200000,148
8172,SMB,1,2025-12-10,Product Knowledge,Product Knowledge,200000,133
8173,SMB,1,2025-11-28,Sales Skills,Tools Training,200000,150
8174,SMB,1,2026-02-27,Product Knowledge,Sales Skills,200000,134
8175,SMB,1,2026-01-08,Sales Skills,Sales Skills,200000,123
8176,SMB,1,2025-06-01,Product Knowledge,Tools Training,200000,112
8177,SMB,1,2025-10-15,Product Knowledge,Tools Training,200000,123
8178,SMB,1,2025-11-30,Soft Skills,Product Knowledge,200000,133
8179,SMB,1,2026-03-29,Tools Training,Product Knowledge,200000,113
8180,SMB,1,2025-07-09,Sales Skills,Tools Training,200000,153
8181,SMB,1,2026-04-08,Product Knowledge,Sales Skills,200000,136
8182,SMB,1,2025-11-10,Product Knowledge,Soft Skills,200000,141
8183,SMB,1,2026-02-12,Tools Training,Soft Skills,200000,78
8184,SMB,1,2025-09-30,Soft Skills,Soft Skills,200000,137
8185,SMB,1,2025-08-11,Tools Training,Product Knowledge,200000,111
8186,SMB,1,2025-05-31,Product Knowledge,Product Knowledge,200000,124
8187,SMB,1,2025-11-16,Tools Training,Tools Training,200000,165
8188,SMB,1,2025-10-14,Tools Training,Sales Skills,200000,140
8189,SMB,1,2025-09-19,Sales Skills,Tools Training,200000,135
8190,SMB,1,2026-02-24,Sales Skills,Sales Skills,200000,136
8191,SMB,1,2026-04-12,Sales Skills,Tools Training,200000,133
8192,SMB,1,2026-04-21,Product Knowledge,Soft Skills,200000,92
8193,SMB,1,2026-01-30,Tools Training,Product Knowledge,200000,171
8194,SMB,1,2026-03-07,Sales Skills,Soft Skills,200000,120
8195,SMB,1,2025-09-18,Tools Training,Sales Skills,200000,99
8196,SMB,1,2025-11-27,Product Knowledge,Soft Skills,200000,136
8197,SMB,1,2026-01-30,Sales Skills,Soft Skills,200000,105
8198,SMB,1,2026-01-15,Soft Skills,Soft Skills,200000,66
8199,SMB,1,2026-02-15,Sales Skills,Sales Skills,200000,148
8200,SMB,1,2026-03-18,Soft Skills,Tools Training,200000,156
8201,SMB,1,2025-10-18,Soft Skills,Tools Training,200000,105
8202,SMB,1,2025-08-01,Sales Skills,Soft Skills,200000,111
8203,SMB,1,2026-01-18,Soft Skills,Tools Training,200000,120
8204,SMB,1,2025-09-13,Product Knowledge,Tools Training,200000,142
8205,SMB,1,2025-10-25,Soft Skills,Sales Skills,200000,150
8206,SMB,1,2025-09-02,Soft Skills,Sales Skills,200000,142
8207,SMB,1,2026-02-07,Product Knowledge,Sales Skills,200000,163
8208,SMB,1,2026-02-21,Product Knowledge,Product Knowledge,200000,123
8209,SMB,1,2026-01-10,Sales Skills,Soft Skills,200000,99
8210,SMB,1,2025-10-10,Soft Skills,Soft Skills,200000,116
8211,SMB,1,2026-03-08,Soft Skills,Tools Training,200000,92
8212,SMB,1,2026-01-20,Sales Skills,Product Knowledge,200000,152
8213,SMB,1,2025-09-23,Product Knowledge,Product Knowledge,200000,121
8214,SMB,1,2026-03-13,Sales Skills,Tools Training,200000,163
8215,SMB,1,2025-06-05,Tools Training,Sales Skills,200000,128
8216,SMB,1,2026-03-12,Tools Training,Product Knowledge,200000,114
8217,SMB,1,2025-08-18,Product Knowledge,Sales Skills,200000,93
8218,SMB,1,2026-01-22,Product Knowledge,Soft Skills,200000,92
8219,SMB,1,2025-11-06,Product Knowledge,Product Knowledge,200000,132
8220,SMB,1,2025-09-14,Tools Training,Soft Skills,200000,144
8221,SMB,1,2025-08-15,Tools Training,Soft Skills,200000,83
8222,SMB,1,2026-03-09,Tools Training,Tools Training,200000,131
8223,SMB,1,2025-06-28,Soft Skills,Tools Training,200000,120
8224,SMB,1,2026-03-04,Soft Skills,Sales Skills,200000,146
8225,SMB,1,2026-01-06,Soft Skills,Soft Skills,200000,158
8226,SMB,1,2025-06-05,Product Knowledge,Product Knowledge,200000,105
8227,SMB,1,2025-10-16,Soft Skills,Product Knowledge,200000,185
8228,SMB,1,2025-06-23,Soft Skills,Sales Skills,200000,130
8229,SMB,1,2026-03-24,Soft Skills,Sales Skills,200000,120
8230,SMB,1,2026-04-18,Sales Skills,Soft Skills,200000,137
8231,SMB,1,2026-02-09,Sales Skills,Soft Skills,200000,155
8232,SMB,1,2026-03-03,Soft Skills,Sales Skills,200000,120
8233,SMB,1,2025-08-13,Product Knowledge,Product Knowledge,200000,132
8234,SMB,1,2025-08-05,Soft Skills,Product Knowledge,200000,121
8235,SMB,1,2026-01-26,Soft Skills,Soft Skills,200000,103
8236,SMB,1,2026-01-18,Product Knowledge,Tools Training,200000,103
8237,SMB,1,2026-04-14,Sales Skills,Tools Training,200000,118
8238,SMB,1,2025-08-01,Tools Training,Soft Skills,200000,133
8239,SMB,1,2025-10-06,Tools Training,Soft Skills,200000,143
8240,SMB,1,2026-02-22,Tools Training,Product Knowledge,200000,158
8241,SMB,1,2026-03-18,Product Knowledge,Tools Training,200000,98
8242,SMB,1,2026-03-29,Soft Skills,Sales Skills,200000,126
8243,SMB,1,2025-06-16,Product Knowledge,Soft Skills,200000,84
8244,SMB,1,2026-01-12,Sales Skills,Soft Skills,200000,134
8245,SMB,1,2026-02-18,Soft Skills,Product Knowledge,200000,112
8246,SMB,1,2025-12-31,Soft Skills,Sales Skills,200000,123
8247,SMB,1,2025-09-25,Product Knowledge,Sales Skills,200000,176
8248,SMB,1,2026-03-07,Soft Skills,Product Knowledge,200000,157
8249,SMB,1,2026-02-09,Tools Training,Tools Training,200000,97
8250,SMB,1,2026-04-25,Soft Skills,Tools Training,200000,114
8251,SMB,1,2026-01-01,Tools Training,Product Knowledge,200000,141
8252,SMB,1,2025-06-22,Product Knowledge,Product Knowledge,200000,154
8253,SMB,1,2026-04-25,Product Knowledge,Sales Skills,200000,161
8254,SMB,1,2026-01-04,Soft Skills,Product Knowledge,200000,124
8255,SMB,1,2025-07-15,Product Knowledge,Sales Skills,200000,91
8256,SMB,1,2025-07-15,Product Knowledge,Soft Skills,200000,148
8257,SMB,1,2026-01-17,Product Knowledge,Tools Training,200000,123
8258,SMB,1,2025-09-19,Sales Skills,Product Knowledge,200000,128
8259,SMB,1,2025-12-09,Tools Training,Soft Skills,200000,160
8260,SMB,1,2026-02-13,Tools Training,Soft Skills,200000,99
8261,SMB,1,2025-12-19,Soft Skills,Tools Training,200000,95
8262,SMB,1,2025-07-06,Product Knowledge,Sales Skills,200000,119
8263,SMB,1,2025-08-12,Sales Skills,Product Knowledge,200000,137
8264,SMB,1,2025-06-16,Product Knowledge,Soft Skills,200000,111
8265,SMB,1,2026-01-16,Product Knowledge,Product Knowledge,200000,88
8266,SMB,1,2025-07-15,Product Knowledge,Product Knowledge,200000,143
8267,SMB,1,2026-01-28,Tools Training,Product Knowledge,200000,124
8268,SMB,1,2025-12-27,Tools Training,Soft Skills,200000,111
8269,SMB,1,2026-03-22,Soft Skills,Soft Skills,200000,122
8270,SMB,1,2026-03-03,Sales Skills,Sales Skills,200000,169
8271,SMB,1,2025-06-14,Soft Skills,Tools Training,200000,155
8272,SMB,1,2026-02-07,Soft Skills,Sales Skills,200000,80
8273,SMB,1,2025-12-21,Soft Skills,Product Knowledge,200000,103
8274,SMB,1,2025-09-15,Sales Skills,Sales Skills,200000,139
8275,SMB,1,2026-03-23,Tools Training,Tools Training,200000,117
8276,SMB,1,2025-11-12,Soft Skills,Sales Skills,200000,103
8277,SMB,1,2025-06-20,Product Knowledge,Soft Skills,200000,107
8278,SMB,1,2025-10-27,Sales Skills,Tools Training,200000,158
8279,SMB,1,2025-09-01,Product Knowledge,Tools Training,200000,148
8280,SMB,1,2025-10-19,Tools Training,Soft Skills,200000,97
8281,SMB,1,2025-09-06,Soft Skills,Tools Training,200000,100
8282,SMB,1,2025-09-11,Tools Training,Sales Skills,200000,114
8283,SMB,1,2025-10-30,Tools Training,Product Knowledge,200000,134
8284,SMB,1,2026-03-01,Soft Skills,Soft Skills,200000,100
8285,SMB,1,2025-07-05,Tools Training,Soft Skills,200000,159
8286,SMB,1,2025-10-03,Product Knowledge,Sales Skills,200000,130
8287,SMB,1,2025-12-10,Soft Skills,Sales Skills,200000,104
8288,SMB,1,2026-04-13,Soft Skills,Tools Training,200000,171
8289,SMB,1,2026-02-20,Soft Skills,Sales Skills,200000,115
8290,SMB,1,2026-01-24,Soft Skills,Product Knowledge,200000,109
8291,SMB,1,2025-08-23,Sales Skills,Sales Skills,200000,104
8292,SMB,1,2025-06-01,Sales Skills,Product Knowledge,200000,133
8293,SMB,1,2026-01-14,Sales Skills,Sales Skills,200000,107
8294,SMB,1,2026-01-14,Tools Training,Tools Training,200000,153
8295,SMB,1,2025-11-24,Sales Skills,Product Knowledge,200000,183
8296,SMB,1,2026-01-06,Soft Skills,Sales Skills,200000,114
8297,SMB,1,2025-08-21,Tools Training,Tools Training,200000,133
8298,SMB,1,2025-06-11,Tools Training,Soft Skills,200000,115
8299,SMB,1,2026-04-28,Tools Training,Product Knowledge,200000,165
8300,SMB,1,2025-06-06,Product Knowledge,Product Knowledge,200000,155
8301,SMB,1,2026-02-06,Soft Skills,Product Knowledge,200000,133
8302,SMB,1,2025-12-18,Tools Training,Product Knowledge,200000,184
8303,SMB,1,2026-02-16,Sales Skills,Soft Skills,200000,109
8304,SMB,1,2026-02-03,Soft Skills,Tools Training,200000,102
8305,SMB,1,2025-10-30,Tools Training,Product Knowledge,200000,128
8306,SMB,1,2026-02-06,Soft Skills,Product Knowledge,200000,81
8307,SMB,1,2025-07-21,Soft Skills,Soft Skills,200000,157
8308,SMB,1,2025-07-05,Sales Skills,Tools Training,200000,108
8309,SMB,1,2025-06-08,Product Knowledge,Soft Skills,200000,101
8310,SMB,1,2025-06-07,Sales Skills,Tools Training,200000,91
8311,SMB,1,2025-10-09,Tools Training,Product Knowledge,200000,161
8312,SMB,1,2025-11-02,Product Knowledge,Soft Skills,200000,114
8313,SMB,1,2026-04-12,Product Knowledge,Product Knowledge,200000,132
8314,SMB,1,2025-07-04,Tools Training,Tools Training,200000,95
8315,SMB,1,2026-01-09,Soft Skills,Tools Training,200000,157
8316,SMB,1,2025-09-30,Sales Skills,Soft Skills,200000,85
8317,SMB,1,2025-11-04,Product Knowledge,Soft Skills,200000,141
8318,SMB,1,2025-10-03,Soft Skills,Sales Skills,200000,154
8319,SMB,1,2025-08-16,Tools Training,Sales Skills,200000,108
8320,SMB,1,2026-02-23,Product Knowledge,Soft Skills,200000,137
8321,SMB,1,2025-12-14,Sales Skills,Soft Skills,200000,132
8322,SMB,1,2025-10-20,Soft Skills,Sales Skills,200000,155
8323,SMB,1,2026-04-14,Soft Skills,Sales Skills,200000,146
8324,SMB,1,2025-12-19,Product Knowledge,Soft Skills,200000,114
8325,SMB,1,2025-07-07,Sales Skills,Tools Training,200000,130
8326,SMB,1,2026-01-25,Soft Skills,Tools Training,200000,178
8327,SMB,1,2026-04-18,Soft Skills,Sales Skills,200000,120
8328,SMB,1,2026-03-20,Tools Training,Product Knowledge,200000,138
8329,SMB,1,2025-07-27,Tools Training,Sales Skills,200000,111
8330,SMB,1,2025-06-26,Tools Training,Tools Training,200000,140
8331,SMB,1,2026-02-13,Product Knowledge,Sales Skills,200000,155
8332,SMB,1,2026-03-10,Tools Training,Sales Skills,200000,133
8333,SMB,1,2025-12-28,Product Knowledge,Soft Skills,200000,123
8334,SMB,1,2025-09-02,Sales Skills,Soft Skills,200000,115
8335,SMB,1,2025-06-15,Sales Skills,Tools Training,200000,101
8336,SMB,1,2026-04-27,Product Knowledge,Tools Training,200000,133
8337,SMB,1,2025-09-14,Soft Skills,Soft Skills,200000,115
8338,SMB,1,2026-02-15,Soft Skills,Soft Skills,200000,146
8339,SMB,1,2025-11-12,Sales Skills,Product Knowledge,200000,149
8340,SMB,1,2025-10-06,Sales Skills,Sales Skills,200000,172
8341,SMB,1,2025-06-30,Tools Training,Soft Skills,200000,132
8342,SMB,1,2025-10-26,Product Knowledge,Product Knowledge,200000,114
8343,SMB,1,2025-07-30,Sales Skills,Product Knowledge,200000,102
8344,SMB,1,2025-11-14,Sales Skills,Soft Skills,200000,80
8345,SMB,1,2025-07-07,Tools Training,Sales Skills,200000,125
8346,SMB,1,2026-04-08,Product Knowledge,Sales Skills,200000,64
8347,SMB,1,2025-08-01,Product Knowledge,Tools Training,200000,138
8348,SMB,1,2025-09-10,Sales Skills,Soft Skills,200000,111
8349,SMB,1,2026-03-06,Soft Skills,Product Knowledge,200000,147
8350,SMB,1,2025-12-26,Tools Training,Product Knowledge,200000,144
8351,SMB,1,2025-06-17,Tools Training,Tools Training,200000,118
8352,SMB,1,2026-04-18,Sales Skills,Tools Training,200000,152
8353,SMB,1,2025-12-04,Tools Training,Product Knowledge,200000,127
8354,SMB,1,2025-08-19,Soft Skills,Product Knowledge,200000,138
8355,SMB,1,2025-08-30,Sales Skills,Sales Skills,200000,175
8356,SMB,1,2026-01-19,Product Knowledge,Product Knowledge,200000,155
8357,SMB,1,2025-09-24,Product Knowledge,Tools Training,200000,108
8358,SMB,1,2025-09-02,Product Knowledge,Sales Skills,200000,108
8359,SMB,1,2025-05-31,Soft Skills,Product Knowledge,200000,112
8360,SMB,1,2025-09-09,Soft Skills,Soft Skills,200000,148
8361,SMB,1,2026-02-06,Sales Skills,Soft Skills,200000,98
8362,SMB,1,2025-12-10,Soft Skills,Tools Training,200000,112
8363,SMB,1,2025-10-06,Soft Skills,Soft Skills,200000,157
8364,SMB,1,2025-12-02,Product Knowledge,Soft Skills,200000,103
8365,SMB,1,2025-12-09,Soft Skills,Tools Training,200000,136
8366,SMB,1,2026-04-19,Soft Skills,Sales Skills,200000,110
8367,SMB,1,2026-02-21,Soft Skills,Tools Training,200000,131
8368,SMB,1,2026-02-15,Tools Training,Product Knowledge,200000,162
8369,SMB,1,2026-04-09,Soft Skills,Product Knowledge,200000,103
8370,SMB,1,2026-02-16,Product Knowledge,Sales Skills,200000,147
8371,SMB,1,2026-01-26,Sales Skills,Soft Skills,200000,114
8372,SMB,1,2025-09-13,Soft Skills,Soft Skills,200000,103
8373,SMB,1,2025-07-19,Tools Training,Soft Skills,200000,139
8374,SMB,1,2025-09-09,Tools Training,Sales Skills,200000,126
8375,SMB,1,2025-10-23,Soft Skills,Product Knowledge,200000,86
8376,SMB,1,2025-11-24,Sales Skills,Product Knowledge,200000,112
8377,SMB,1,2026-03-24,Sales Skills,Product Knowledge,200000,161
8378,SMB,1,2026-04-14,Soft Skills,Tools Training,200000,156
8379,SMB,1,2025-08-03,Sales Skills,Sales Skills,200000,186
8380,SMB,1,2025-11-17,Product Knowledge,Soft Skills,200000,162
8381,SMB,1,2026-04-16,Soft Skills,Product Knowledge,200000,88
8382,SMB,1,2026-04-17,Sales Skills,Sales Skills,200000,133
8383,SMB,1,2025-09-10,Soft Skills,Sales Skills,200000,107
8384,SMB,1,2026-02-28,Product Knowledge,Product Knowledge,200000,113
8385,SMB,1,2025-08-18,Product Knowledge,Product Knowledge,200000,135
8386,SMB,1,2025-07-07,Product Knowledge,Product Knowledge,200000,190
8387,SMB,1,2025-12-03,Soft Skills,Sales Skills,200000,145
8388,SMB,1,2026-03-20,Sales Skills,Tools Training,200000,157
8389,SMB,1,2025-11-10,Tools Training,Sales Skills,200000,114
8390,SMB,1,2026-02-03,Sales Skills,Sales Skills,200000,145
8391,SMB,1,2025-08-02,Product Knowledge,Tools Training,200000,106
8392,SMB,1,2025-10-14,Tools Training,Product Knowledge,200000,112
8393,SMB,1,2026-03-22,Sales Skills,Sales Skills,200000,155
8394,SMB,1,2025-11-22,Sales Skills,Product Knowledge,200000,132
8395,SMB,1,2025-09-15,Product Knowledge,Sales Skills,200000,83
8396,SMB,1,2025-09-04,Sales Skills,Sales Skills,200000,129
8397,SMB,1,2026-02-22,Soft Skills,Tools Training,200000,150
8398,SMB,1,2025-08-23,Sales Skills,Sales Skills,200000,127
8399,SMB,1,2026-02-02,Soft Skills,Product Knowledge,200000,132
8400,SMB,1,2026-03-02,Soft Skills,Sales Skills,200000,175
8401,SMB,1,2025-11-24,Product Knowledge,Soft Skills,200000,128
8402,SMB,1,2025-08-03,Sales Skills,Tools Training,200000,142
8403,SMB,1,2026-04-06,Sales Skills,Soft Skills,200000,163
8404,SMB,1,2025-07-10,Sales Skills,Sales Skills,200000,134
8405,SMB,1,2026-03-20,Sales Skills,Product Knowledge,200000,116
8406,SMB,1,2025-09-27,Tools Training,Soft Skills,200000,113
8407,SMB,1,2025-10-26,Tools Training,Sales Skills,200000,138
8408,SMB,1,2025-12-10,Sales Skills,Tools Training,200000,110
8409,SMB,1,2026-02-10,Tools Training,Product Knowledge,200000,133
8410,SMB,1,2026-02-23,Product Knowledge,Soft Skills,200000,153
8411,SMB,1,2025-07-17,Soft Skills,Soft Skills,200000,135
8412,SMB,1,2025-10-22,Soft Skills,Soft Skills,200000,78
8413,SMB,1,2025-08-23,Sales Skills,Sales Skills,200000,104
8414,SMB,1,2025-11-23,Sales Skills,Sales Skills,200000,124
8415,SMB,1,2025-08-03,Product Knowledge,Tools Training,200000,108
8416,SMB,1,2025-09-04,Sales Skills,Product Knowledge,200000,90
8417,SMB,1,2025-09-05,Product Knowledge,Sales Skills,200000,87
8418,SMB,1,2026-03-29,Soft Skills,Sales Skills,200000,130
8419,SMB,1,2025-10-06,Sales Skills,Sales Skills,200000,135
8420,SMB,1,2026-02-07,Sales Skills,Tools Training,200000,99
8421,SMB,1,2025-06-17,Sales Skills,Sales Skills,200000,159
8422,SMB,1,2025-10-11,Soft Skills,Sales Skills,200000,145
8423,SMB,1,2025-07-05,Soft Skills,Sales Skills,200000,145
8424,SMB,1,2025-06-27,Soft Skills,Soft Skills,200000,103
8425,SMB,1,2025-06-01,Tools Training,Soft Skills,200000,136
8426,SMB,1,2025-08-19,Product Knowledge,Product Knowledge,200000,209
8427,SMB,1,2026-02-01,Sales Skills,Soft Skills,200000,115
8428,SMB,1,2026-04-09,Product Knowledge,Tools Training,200000,78
8429,SMB,1,2025-11-04,Sales Skills,Tools Training,200000,110
8430,SMB,1,2025-11-05,Product Knowledge,Soft Skills,200000,129
8431,SMB,1,2025-08-27,Product Knowledge,Sales Skills,200000,103
8432,SMB,1,2026-01-23,Soft Skills,Soft Skills,200000,157
8433,SMB,1,2026-03-31,Sales Skills,Tools Training,200000,124
8434,SMB,1,2025-08-25,Soft Skills,Sales Skills,200000,117
8435,SMB,1,2025-07-31,Sales Skills,Product Knowledge,200000,141
8436,SMB,1,2025-12-28,Product Knowledge,Sales Skills,200000,116
8437,SMB,1,2025-12-08,Tools Training,Soft Skills,200000,109
8438,SMB,1,2025-11-12,Sales Skills,Product Knowledge,200000,98
8439,SMB,1,2025-06-25,Sales Skills,Sales Skills,200000,130
8440,SMB,1,2025-10-30,Sales Skills,Soft Skills,200000,140
8441,SMB,1,2025-08-09,Tools Training,Product Knowledge,200000,128
8442,SMB,1,2025-09-24,Tools Training,Product Knowledge,200000,115
8443,SMB,1,2026-02-02,Soft Skills,Product Knowledge,200000,134
8444,SMB,1,2026-02-04,Tools Training,Soft Skills,200000,133
8445,SMB,1,2025-11-25,Sales Skills,Tools Training,200000,102
8446,SMB,1,2025-11-25,Tools Training,Sales Skills,200000,163
8447,SMB,1,2026-01-13,Soft Skills,Sales Skills,200000,123
8448,SMB,1,2025-10-21,Soft Skills,Soft Skills,200000,175
8449,SMB,1,2025-09-05,Soft Skills,Product Knowledge,200000,116
8450,SMB,1,2026-03-22,Sales Skills,Tools Training,200000,147
8451,SMB,1,2025-09-01,Product Knowledge,Product Knowledge,200000,156
8452,SMB,1,2025-09-02,Tools Training,Product Knowledge,200000,114
8453,SMB,1,2025-09-14,Product Knowledge,Soft Skills,200000,99
8454,SMB,1,2025-09-21,Sales Skills,Soft Skills,200000,146
8455,SMB,1,2025-07-16,Sales Skills,Soft Skills,200000,98
8456,SMB,1,2025-07-25,Tools Training,Sales Skills,200000,140
8457,SMB,1,2025-12-24,Product Knowledge,Tools Training,200000,102
8458,SMB,1,2025-07-26,Product Knowledge,Product Knowledge,200000,96
8459,SMB,1,2025-09-15,Sales Skills,Soft Skills,200000,122
8460,SMB,1,2025-08-02,Tools Training,Sales Skills,200000,143
8461,SMB,1,2026-03-01,Product Knowledge,Sales Skills,200000,155
8462,SMB,1,2025-09-03,Soft Skills,Product Knowledge,200000,122
8463,SMB,1,2025-06-02,Soft Skills,Product Knowledge,200000,138
8464,SMB,1,2025-06-29,Product Knowledge,Soft Skills,200000,159
8465,SMB,1,2025-08-13,Sales Skills,Sales Skills,200000,137
8466,SMB,1,2025-11-27,Soft Skills,Product Knowledge,200000,144
8467,SMB,1,2026-04-02,Sales Skills,Tools Training,200000,108
8468,SMB,1,2025-07-27,Tools Training,Sales Skills,200000,166
8469,SMB,1,2025-06-20,Tools Training,Soft Skills,200000,97
8470,SMB,1,2025-12-19,Tools Training,Product Knowledge,200000,155
8471,SMB,1,2025-10-17,Product Knowledge,Product Knowledge,200000,92
8472,SMB,1,2026-01-15,Soft Skills,Soft Skills,200000,128
8473,SMB,1,2026-02-20,Soft Skills,Tools Training,200000,158
8474,SMB,1,2025-07-19,Product Knowledge,Sales Skills,200000,139
8475,SMB,1,2025-07-24,Sales Skills,Product Knowledge,200000,168
8476,SMB,1,2025-11-28,Tools Training,Product Knowledge,200000,162
8477,SMB,1,2025-12-09,Tools Training,Soft Skills,200000,86
8478,SMB,1,2025-07-11,Sales Skills,Product Knowledge,200000,140
8479,SMB,1,2026-03-08,Product Knowledge,Product Knowledge,200000,126
8480,SMB,1,2026-02-23,Soft Skills,Soft Skills,200000,127
8481,SMB,1,2026-04-13,Product Knowledge,Soft Skills,200000,150
8482,SMB,1,2026-01-16,Product Knowledge,Tools Training,200000,117
8483,SMB,1,2026-04-29,Tools Training,Product Knowledge,200000,119
8484,SMB,1,2025-06-22,Sales Skills,Sales Skills,200000,130
8485,SMB,1,2025-09-28,Sales Skills,Tools Training,200000,137
8486,SMB,1,2025-10-24,Product Knowledge,Tools Training,200000,115
8487,SMB,1,2025-08-02,Sales Skills,Tools Training,200000,139
8488,SMB,1,2025-11-20,Soft Skills,Sales Skills,200000,132
8489,SMB,1,2025-12-10,Sales Skills,Soft Skills,200000,133
8490,SMB,1,2026-03-21,Product Knowledge,Product Knowledge,200000,78
8491,SMB,1,2025-09-20,Soft Skills,Sales Skills,200000,92
8492,SMB,1,2026-02-28,Sales Skills,Soft Skills,200000,106
8493,SMB,1,2025-10-14,Sales Skills,Tools Training,200000,112
8494,SMB,1,2026-03-19,Sales Skills,Soft Skills,200000,154
8495,SMB,1,2025-11-29,Sales Skills,Product Knowledge,200000,117
8496,SMB,1,2025-07-08,Tools Training,Soft Skills,200000,147
8497,SMB,1,2026-03-19,Soft Skills,Soft Skills,200000,161
8498,SMB,1,2025-12-26,Soft Skills,Soft Skills,200000,108
8499,SMB,1,2026-03-26,Product Knowledge,Sales Skills,200000,111
8500,SMB,1,2026-04-25,Soft Skills,Product Knowledge,200000,163
8501,SMB,1,2025-12-26,Soft Skills,Sales Skills,200000,107
8502,SMB,1,2025-09-19,Sales Skills,Sales Skills,200000,100
8503,SMB,1,2026-04-05,Sales Skills,Soft Skills,200000,130
8504,SMB,1,2026-04-26,Sales Skills,Soft Skills,200000,60
8505,SMB,1,2025-06-24,Sales Skills,Tools Training,200000,153
8506,SMB,1,2025-08-01,Soft Skills,Tools Training,200000,83
8507,SMB,1,2025-09-11,Sales Skills,Product Knowledge,200000,92
8508,SMB,1,2025-10-12,Product Knowledge,Tools Training,200000,145
8509,SMB,1,2025-08-28,Product Knowledge,Sales Skills,200000,156
8510,SMB,1,2026-04-10,Sales Skills,Soft Skills,200000,65
8511,SMB,1,2025-12-21,Soft Skills,Sales Skills,200000,99
8512,SMB,1,2025-10-20,Sales Skills,Product Knowledge,200000,122
8513,SMB,1,2025-07-07,Product Knowledge,Tools Training,200000,104
8514,SMB,1,2026-04-29,Sales Skills,Sales Skills,200000,143
8515,SMB,1,2025-12-08,Tools Training,Tools Training,200000,104
8516,SMB,1,2025-12-13,Sales Skills,Sales Skills,200000,95
8517,SMB,1,2026-02-24,Soft Skills,Product Knowledge,200000,157
8518,SMB,1,2025-08-19,Sales Skills,Soft Skills,200000,78
8519,SMB,1,2025-11-22,Sales Skills,Soft Skills,200000,161
8520,SMB,1,2025-12-02,Sales Skills,Sales Skills,200000,79
8521,SMB,1,2025-12-10,Soft Skills,Sales Skills,200000,126
8522,SMB,1,2025-07-23,Tools Training,Soft Skills,200000,135
8523,SMB,1,2026-01-19,Sales Skills,Tools Training,200000,85
8524,SMB,1,2026-01-20,Sales Skills,Soft Skills,200000,114
8525,SMB,1,2025-08-16,Product Knowledge,Product Knowledge,200000,156
8526,SMB,1,2026-02-27,Sales Skills,Tools Training,200000,128
8527,SMB,1,2026-02-21,Tools Training,Tools Training,200000,146
8528,SMB,1,2025-09-29,Product Knowledge,Product Knowledge,200000,111
8529,SMB,1,2025-12-17,Tools Training,Sales Skills,200000,106
8530,SMB,1,2025-06-15,Sales Skills,Soft Skills,200000,172
8531,SMB,1,2025-11-19,Sales Skills,Product Knowledge,200000,159
8532,SMB,1,2026-03-25,Tools Training,Tools Training,200000,86
8533,SMB,1,2026-02-08,Sales Skills,Sales Skills,200000,106
8534,SMB,1,2025-09-30,Soft Skills,Tools Training,200000,94
8535,SMB,1,2026-01-28,Soft Skills,Soft Skills,200000,131
8536,SMB,1,2025-12-21,Sales Skills,Product Knowledge,200000,102
8537,SMB,1,2025-06-14,Tools Training,Soft Skills,200000,110
8538,SMB,1,2025-07-17,Tools Training,Tools Training,200000,120
8539,SMB,1,2025-07-15,Soft Skills,Sales Skills,200000,110
8540,SMB,1,2025-12-20,Product Knowledge,Product Knowledge,200000,82
8541,SMB,1,2026-04-12,Sales Skills,Soft Skills,200000,78
8542,SMB,1,2026-01-18,Sales Skills,Sales Skills,200000,85
8543,SMB,1,2025-06-18,Sales Skills,Sales Skills,200000,152
8544,SMB,1,2025-11-14,Soft Skills,Product Knowledge,200000,144
8545,SMB,1,2025-10-31,Soft Skills,Tools Training,200000,109
8546,SMB,1,2025-12-19,Soft Skills,Soft Skills,200000,127
8547,SMB,1,2026-02-08,Tools Training,Soft Skills,200000,119
8548,SMB,1,2025-07-14,Product Knowledge,Sales Skills,200000,149
8549,SMB,1,2025-07-27,Product Knowledge,Sales Skills,200000,158
8550,SMB,1,2025-12-17,Soft Skills,Product Knowledge,200000,171
8551,SMB,1,2025-11-03,Sales Skills,Sales Skills,200000,97
8552,SMB,1,2025-08-05,Tools Training,Product Knowledge,200000,126
8553,SMB,1,2026-03-24,Tools Training,Sales Skills,200000,145
8554,SMB,1,2025-11-26,Product Knowledge,Sales Skills,200000,141
8555,SMB,1,2026-01-20,Tools Training,Soft Skills,200000,123
8556,SMB,1,2025-12-06,Product Knowledge,Tools Training,200000,141
8557,SMB,1,2025-08-05,Tools Training,Tools Training,200000,125
8558,SMB,1,2025-11-04,Soft Skills,Soft Skills,200000,113
8559,SMB,1,2026-01-27,Sales Skills,Tools Training,200000,123
8560,SMB,1,2026-02-04,Tools Training,Sales Skills,200000,141
8561,SMB,1,2025-11-05,Soft Skills,Soft Skills,200000,197
8562,SMB,1,2026-02-04,Sales Skills,Product Knowledge,200000,138
8563,SMB,1,2025-10-08,Sales Skills,Tools Training,200000,128
8564,SMB,1,2025-08-18,Tools Training,Tools Training,200000,102
8565,SMB,1,2025-08-25,Soft Skills,Tools Training,200000,110
8566,SMB,1,2025-09-01,Sales Skills,Tools Training,200000,111
8567,SMB,1,2025-09-13,Tools Training,Soft Skills,200000,115
8568,SMB,1,2026-04-13,Tools Training,Sales Skills,200000,82
8569,SMB,1,2025-09-22,Tools Training,Sales Skills,200000,159
8570,SMB,1,2026-02-25,Tools Training,Tools Training,200000,130
8571,SMB,1,2026-03-29,Product Knowledge,Product Knowledge,200000,98
8572,SMB,1,2025-10-06,Tools Training,Tools Training,200000,154
8573,SMB,1,2025-11-14,Tools Training,Soft Skills,200000,153
8574,SMB,1,2026-02-28,Tools Training,Tools Training,200000,98
8575,SMB,1,2025-10-05,Sales Skills,Tools Training,200000,119
8576,SMB,1,2026-04-01,Product Knowledge,Soft Skills,200000,142
8577,SMB,1,2025-06-09,Sales Skills,Soft Skills,200000,107
8578,SMB,1,2025-07-31,Soft Skills,Product Knowledge,200000,159
8579,SMB,1,2026-01-06,Soft Skills,Soft Skills,200000,144
8580,SMB,1,2025-07-15,Sales Skills,Tools Training,200000,120
8581,SMB,1,2025-06-08,Soft Skills,Sales Skills,200000,152
8582,SMB,1,2026-01-14,Product Knowledge,Product Knowledge,200000,173
8583,SMB,1,2025-08-03,Tools Training,Product Knowledge,200000,122
8584,SMB,1,2025-09-11,Tools Training,Tools Training,200000,104
8585,SMB,1,2025-09-28,Sales Skills,Product Knowledge,200000,166
8586,SMB,1,2025-12-30,Soft Skills,Sales Skills,200000,119
8587,SMB,1,2026-01-01,Tools Training,Tools Training,200000,93
8588,SMB,1,2025-08-05,Tools Training,Tools Training,200000,178
8589,SMB,1,2025-11-14,Sales Skills,Tools Training,200000,203
8590,SMB,1,2026-01-19,Soft Skills,Tools Training,200000,111
8591,SMB,1,2025-10-19,Tools Training,Sales Skills,200000,72
8592,SMB,1,2025-11-18,Tools Training,Product Knowledge,200000,123
8593,SMB,1,2025-11-14,Product Knowledge,Soft Skills,200000,91
8594,SMB,1,2026-01-03,Soft Skills,Tools Training,200000,106
8595,SMB,1,2025-10-01,Product Knowledge,Sales Skills,200000,166
8596,SMB,1,2025-06-18,Tools Training,Tools Training,200000,122
8597,SMB,1,2025-09-14,Soft Skills,Tools Training,200000,124
8598,SMB,1,2026-01-01,Sales Skills,Tools Training,200000,141
8599,SMB,1,2026-03-24,Sales Skills,Product Knowledge,200000,179
8600,SMB,1,2025-08-31,Soft Skills,Soft Skills,200000,102
8601,SMB,1,2025-11-11,Soft Skills,Tools Training,200000,210
8602,SMB,1,2026-01-31,Tools Training,Sales Skills,200000,92
8603,SMB,1,2025-07-10,Product Knowledge,Product Knowledge,200000,108
8604,SMB,1,2026-02-16,Tools Training,Product Knowledge,200000,152
8605,SMB,1,2025-12-03,Sales Skills,Tools Training,200000,129
8606,SMB,1,2026-02-28,Sales Skills,Product Knowledge,200000,108
8607,SMB,1,2026-02-19,Soft Skills,Product Knowledge,200000,117
8608,SMB,1,2025-12-26,Product Knowledge,Tools Training,200000,153
8609,SMB,1,2026-01-01,Soft Skills,Soft Skills,200000,144
8610,SMB,1,2025-08-16,Sales Skills,Product Knowledge,200000,142
8611,SMB,1,2025-07-20,Soft Skills,Tools Training,200000,103
8612,SMB,1,2026-04-08,Product Knowledge,Sales Skills,200000,150
8613,SMB,1,2026-01-31,Sales Skills,Sales Skills,200000,185
8614,SMB,1,2026-02-10,Tools Training,Soft Skills,200000,94
8615,SMB,1,2025-07-20,Soft Skills,Tools Training,200000,174
8616,SMB,1,2025-12-04,Sales Skills,Soft Skills,200000,116
8617,SMB,1,2025-08-15,Product Knowledge,Tools Training,200000,101
8618,SMB,1,2026-03-10,Product Knowledge,Sales Skills,200000,77
8619,SMB,1,2025-08-07,Product Knowledge,Sales Skills,200000,133
8620,SMB,1,2025-08-19,Soft Skills,Sales Skills,200000,150
8621,SMB,1,2026-02-28,Sales Skills,Tools Training,200000,100
8622,SMB,1,2025-09-17,Product Knowledge,Sales Skills,200000,184
8623,SMB,1,2026-01-17,Soft Skills,Tools Training,200000,123
8624,SMB,1,2026-04-20,Sales Skills,Soft Skills,200000,130
8625,SMB,1,2026-04-17,Soft Skills,Soft Skills,200000,135
8626,SMB,1,2026-02-03,Sales Skills,Soft Skills,200000,137
8627,SMB,1,2026-02-26,Sales Skills,Product Knowledge,200000,114
8628,SMB,1,2025-06-11,Soft Skills,Soft Skills,200000,132
8629,SMB,1,2025-10-07,Soft Skills,Soft Skills,200000,147
8630,SMB,1,2025-11-09,Soft Skills,Soft Skills,200000,168
8631,SMB,1,2025-11-19,Sales Skills,Product Knowledge,200000,94
8632,SMB,1,2025-11-04,Product Knowledge,Soft Skills,200000,125
8633,SMB,1,2026-01-10,Tools Training,Sales Skills,200000,86
8634,SMB,1,2026-04-03,Sales Skills,Soft Skills,200000,120
8635,SMB,1,2025-12-20,Product Knowledge,Product Knowledge,200000,157
8636,SMB,1,2026-02-16,Product Knowledge,Tools Training,200000,116
8637,SMB,1,2026-02-22,Product Knowledge,Product Knowledge,200000,147
8638,SMB,1,2025-11-26,Tools Training,Product Knowledge,200000,114
8639,SMB,1,2026-01-09,Product Knowledge,Tools Training,200000,72
8640,SMB,1,2025-12-12,Tools Training,Tools Training,200000,128
8641,SMB,1,2025-09-19,Product Knowledge,Product Knowledge,200000,147
8642,SMB,1,2025-07-12,Soft Skills,Soft Skills,200000,81
8643,SMB,1,2025-10-07,Tools Training,Sales Skills,200000,168
8644,SMB,1,2025-12-16,Product Knowledge,Tools Training,200000,105
8645,SMB,1,2025-07-14,Soft Skills,Product Knowledge,200000,125
8646,SMB,1,2026-04-01,Product Knowledge,Tools Training,200000,95
8647,SMB,1,2026-04-17,Tools Training,Sales Skills,200000,150
8648,SMB,1,2025-12-15,Product Knowledge,Sales Skills,200000,124
8649,SMB,1,2025-12-06,Product Knowledge,Soft Skills,200000,125
8650,SMB,1,2025-10-18,Product Knowledge,Soft Skills,200000,86
8651,SMB,1,2025-09-29,Soft Skills,Sales Skills,200000,120
8652,SMB,1,2026-04-04,Tools Training,Product Knowledge,200000,140
8653,SMB,1,2026-02-24,Soft Skills,Tools Training,200000,141
8654,SMB,1,2026-04-14,Soft Skills,Soft Skills,200000,136
8655,SMB,1,2025-10-07,Soft Skills,Sales Skills,200000,132
8656,SMB,1,2025-11-29,Sales Skills,Tools Training,200000,139
8657,SMB,1,2026-02-10,Sales Skills,Tools Training,200000,87
8658,SMB,1,2025-08-01,Soft Skills,Sales Skills,200000,110
8659,SMB,1,2025-11-23,Soft Skills,Sales Skills,200000,134
8660,SMB,1,2026-04-06,Product Knowledge,Product Knowledge,200000,153
8661,SMB,1,2026-03-03,Soft Skills,Tools Training,200000,122
8662,SMB,1,2025-07-03,Product Knowledge,Soft Skills,200000,108
8663,SMB,1,2026-01-26,Sales Skills,Sales Skills,200000,102
8664,SMB,1,2026-03-09,Tools Training,Tools Training,200000,155
8665,SMB,1,2025-08-11,Sales Skills,Soft Skills,200000,148
8666,SMB,1,2025-10-29,Product Knowledge,Tools Training,200000,124
8667,SMB,1,2025-11-27,Soft Skills,Soft Skills,200000,82
8668,SMB,0,,,,200000,189
8669,SMB,0,,,,200000,148
8670,SMB,0,,,,200000,106
8671,SMB,0,,,,200000,167
8672,SMB,0,,,,200000,202
8673,SMB,0,,,,200000,175
8674,SMB,0,,,,200000,123
8675,SMB,0,,,,200000,162
8676,SMB,0,,,,200000,178
8677,SMB,0,,,,200000,204
8678,SMB,0,,,,200000,199
8679,SMB,0,,,,200000,162
8680,SMB,0,,,,200000,162
8681,SMB,0,,,,200000,193
8682,SMB,0,,,,200000,155
8683,SMB,0,,,,200000,201
8684,SMB,0,,,,200000,152
8685,SMB,0,,,,200000,223
8686,SMB,0,,,,200000,181
8687,SMB,0,,,,200000,111
8688,SMB,0,,,,200000,194
8689,SMB,0,,,,200000,182
8690,SMB,0,,,,200000,189
8691,SMB,0,,,,200000,240
8692,SMB,0,,,,200000,165
8693,SMB,0,,,,200000,124
8694,SMB,0,,,,200000,214
8695,SMB,0,,,,200000,117
8696,SMB,0,,,,200000,150
8697,SMB,0,,,,200000,175
8698,SMB,0,,,,200000,145
8699,SMB,0,,,,200000,171
8700,SMB,0,,,,200000,169
8701,SMB,0,,,,200000,223
8702,SMB,0,,,,200000,96
8703,SMB,0,,,,200000,176
8704,SMB,0,,,,200000,144
8705,SMB,0,,,,200000,155
8706,SMB,0,,,,200000,195
8707,SMB,0,,,,200000,190
8708,SMB,0,,,,200000,184
8709,SMB,0,,,,200000,133
8710,SMB,0,,,,200000,211
8711,SMB,0,,,,200000,145
8712,SMB,0,,,,200000,218
8713,SMB,0,,,,200000,153
8714,SMB,0,,,,200000,206
8715,SMB,0,,,,200000,177
8716,SMB,0,,,,200000,120
8717,SMB,0,,,,200000,162
8718,SMB,0,,,,200000,228
8719,SMB,0,,,,200000,200
8720,SMB,0,,,,200000,160
8721,SMB,0,,,,200000,215
8722,SMB,0,,,,200000,183
8723,SMB,0,,,,200000,226
8724,SMB,0,,,,200000,171
8725,SMB,0,,,,200000,164
8726,SMB,0,,,,200000,205
8727,SMB,0,,,,200000,182
8728,SMB,0,,,,200000,191
8729,SMB,0,,,,200000,146
8730,SMB,0,,,,200000,211
8731,SMB,0,,,,200000,205
8732,SMB,0,,,,200000,217
8733,SMB,0,,,,200000,130
8734,SMB,0,,,,200000,136
8735,SMB,0,,,,200000,150
8736,SMB,0,,,,200000,166
8737,SMB,0,,,,200000,131
8738,SMB,0,,,,200000,194
8739,SMB,0,,,,200000,159
8740,SMB,0,,,,200000,214
8741,SMB,0,,,,200000,240
8742,SMB,0,,,,200000,154
8743,SMB,0,,,,200000,149
8744,SMB,0,,,,200000,197
8745,SMB,0,,,,200000,177
8746,SMB,0,,,,200000,185
8747,SMB,0,,,,200000,216
8748,SMB,0,,,,200000,165
8749,SMB,0,,,,200000,139
8750,SMB,0,,,,200000,134
8751,SMB,0,,,,200000,168
8752,SMB,0,,,,200000,162
8753,SMB,0,,,,200000,201
8754,SMB,0,,,,200000,218
8755,SMB,0,,,,200000,218
8756,SMB,0,,,,200000,151
8757,SMB,0,,,,200000,148
8758,SMB,0,,,,200000,115
8759,SMB,0,,,,200000,174
8760,SMB,0,,,,200000,202
8761,SMB,0,,,,200000,151
8762,SMB,0,,,,200000,126
8763,SMB,0,,,,200000,234
8764,SMB,0,,,,200000,151
8765,SMB,0,,,,200000,170
8766,SMB,0,,,,200000,159
8767,SMB,0,,,,200000,131
8768,SMB,0,,,,200000,202
8769,SMB,0,,,,200000,118
8770,SMB,0,,,,200000,209
8771,SMB,0,,,,200000,182
8772,SMB,0,,,,200000,165
8773,SMB,0,,,,200000,165
8774,SMB,0,,,,200000,188
8775,SMB,0,,,,200000,153
8776,SMB,0,,,,200000,179
8777,SMB,0,,,,200000,145
8778,SMB,0,,,,200000,105
8779,SMB,0,,,,200000,193
8780,SMB,0,,,,200000,240
8781,SMB,0,,,,200000,192
8782,SMB,0,,,,200000,172
8783,SMB,0,,,,200000,161
8784,SMB,0,,,,200000,162
8785,SMB,0,,,,200000,161
8786,SMB,0,,,,200000,180
8787,SMB,0,,,,200000,97
8788,SMB,0,,,,200000,92
8789,SMB,0,,,,200000,188
8790,SMB,0,,,,200000,167
8791,SMB,0,,,,200000,142
8792,SMB,0,,,,200000,141
8793,SMB,0,,,,200000,156
8794,SMB,0,,,,200000,160
8795,SMB,0,,,,200000,219
8796,SMB,0,,,,200000,139
8797,SMB,0,,,,200000,198
8798,SMB,0,,,,200000,192
8799,SMB,0,,,,200000,167
8800,SMB,0,,,,200000,198
8801,SMB,0,,,,200000,188
8802,SMB,0,,,,200000,133
8803,SMB,0,,,,200000,155
8804,SMB,0,,,,200000,186
8805,SMB,0,,,,200000,154
8806,SMB,0,,,,200000,193
8807,SMB,0,,,,200000,211
8808,SMB,0,,,,200000,173
8809,SMB,0,,,,200000,154
8810,SMB,0,,,,200000,150
8811,SMB,0,,,,200000,162
8812,SMB,0,,,,200000,160
8813,SMB,0,,,,200000,201
8814,SMB,0,,,,200000,155
8815,SMB,0,,,,200000,168
8816,SMB,0,,,,200000,198
8817,SMB,0,,,,200000,163
8818,SMB,0,,,,200000,159
8819,SMB,0,,,,200000,201
8820,SMB,0,,,,200000,211
8821,SMB,0,,,,200000,175
8822,SMB,0,,,,200000,227
8823,SMB,0,,,,200000,179
8824,SMB,0,,,,200000,202
8825,SMB,0,,,,200000,236
8826,SMB,0,,,,200000,153
8827,SMB,0,,,,200000,157
8828,SMB,0,,,,200000,199
8829,SMB,0,,,,200000,168
8830,SMB,0,,,,200000,143
8831,SMB,0,,,,200000,162
8832,SMB,0,,,,200000,128
8833,SMB,0,,,,200000,174
8834,SMB,0,,,,200000,179
8835,SMB,0,,,,200000,208
8836,SMB,0,,,,200000,211
8837,SMB,0,,,,200000,163
8838,SMB,0,,,,200000,240
8839,SMB,0,,,,200000,139
8840,SMB,0,,,,200000,129
8841,SMB,0,,,,200000,134
8842,SMB,0,,,,200000,136
8843,SMB,0,,,,200000,198
8844,SMB,0,,,,200000,227
8845,SMB,0,,,,200000,229
8846,SMB,0,,,,200000,113
8847,SMB,0,,,,200000,201
8848,SMB,0,,,,200000,222
8849,SMB,0,,,,200000,205
8850,SMB,0,,,,200000,153
8851,SMB,0,,,,200000,179
8852,SMB,0,,,,200000,143
8853,SMB,0,,,,200000,197
8854,SMB,0,,,,200000,127
8855,SMB,0,,,,200000,195
8856,SMB,0,,,,200000,151
8857,SMB,0,,,,200000,185
8858,SMB,0,,,,200000,165
8859,SMB,0,,,,200000,162
8860,SMB,0,,,,200000,204
8861,SMB,0,,,,200000,222
8862,SMB,0,,,,200000,146
8863,SMB,0,,,,200000,179
8864,SMB,0,,,,200000,139
8865,SMB,0,,,,200000,159
8866,SMB,0,,,,200000,150
8867,SMB,0,,,,200000,133
8868,SMB,0,,,,200000,207
8869,SMB,0,,,,200000,177
8870,SMB,0,,,,200000,156
8871,SMB,0,,,,200000,172
8872,SMB,0,,,,200000,212
8873,SMB,0,,,,200000,206
8874,SMB,0,,,,200000,191
8875,SMB,0,,,,200000,152
8876,SMB,0,,,,200000,177
8877,SMB,0,,,,200000,139
8878,SMB,0,,,,200000,171
8879,SMB,0,,,,200000,205
8880,SMB,0,,,,200000,211
8881,SMB,0,,,,200000,153
8882,SMB,0,,,,200000,200
8883,SMB,0,,,,200000,194
8884,SMB,0,,,,200000,166
8885,SMB,0,,,,200000,197
8886,SMB,0,,,,200000,213
8887,SMB,0,,,,200000,201
8888,SMB,0,,,,200000,140
8889,SMB,0,,,,200000,165
8890,SMB,0,,,,200000,186
8891,SMB,0,,,,200000,148
8892,SMB,0,,,,200000,223
8893,SMB,0,,,,200000,184
8894,SMB,0,,,,200000,159
8895,SMB,0,,,,200000,157
8896,SMB,0,,,,200000,151
8897,SMB,0,,,,200000,196
8898,SMB,0,,,,200000,200
8899,SMB,0,,,,200000,152
8900,SMB,0,,,,200000,221
8901,SMB,0,,,,200000,161
8902,SMB,0,,,,200000,148
8903,SMB,0,,,,200000,189
8904,SMB,0,,,,200000,135
8905,SMB,0,,,,200000,130
8906,SMB,0,,,,200000,143
8907,SMB,0,,,,200000,148
8908,SMB,0,,,,200000,197
8909,SMB,0,,,,200000,132
8910,SMB,0,,,,200000,185
8911,SMB,0,,,,200000,200
8912,SMB,0,,,,200000,220
8913,SMB,0,,,,200000,158
8914,SMB,0,,,,200000,160
8915,SMB,0,,,,200000,239
8916,SMB,0,,,,200000,217
8917,SMB,0,,,,200000,165
8918,SMB,0,,,,200000,210
8919,SMB,0,,,,200000,181
8920,SMB,0,,,,200000,174
8921,SMB,0,,,,200000,240
8922,SMB,0,,,,200000,208
8923,SMB,0,,,,200000,234
8924,SMB,0,,,,200000,140
8925,SMB,0,,,,200000,231
8926,SMB,0,,,,200000,168
8927,SMB,0,,,,200000,168
8928,SMB,0,,,,200000,186
8929,SMB,0,,,,200000,190
8930,SMB,0,,,,200000,207
8931,SMB,0,,,,200000,202
8932,SMB,0,,,,200000,153
8933,SMB,0,,,,200000,142
8934,SMB,0,,,,200000,167
8935,SMB,0,,,,200000,173
8936,SMB,0,,,,200000,176
8937,SMB,0,,,,200000,217
8938,SMB,0,,,,200000,179
8939,SMB,0,,,,200000,240
8940,SMB,0,,,,200000,220
8941,SMB,0,,,,200000,164
8942,SMB,0,,,,200000,117
8943,SMB,0,,,,200000,240
8944,SMB,0,,,,200000,164
8945,SMB,0,,,,200000,203
8946,SMB,0,,,,200000,152
8947,SMB,0,,,,200000,225
8948,SMB,0,,,,200000,201
8949,SMB,0,,,,200000,139
8950,SMB,0,,,,200000,111
8951,SMB,0,,,,200000,180
8952,SMB,0,,,,200000,189
8953,SMB,0,,,,200000,198
8954,SMB,0,,,,200000,149
8955,SMB,0,,,,200000,153
8956,SMB,0,,,,200000,113
8957,SMB,0,,,,200000,156
8958,SMB,0,,,,200000,121
8959,SMB,0,,,,200000,151
8960,SMB,0,,,,200000,184
8961,SMB,0,,,,200000,184
8962,SMB,0,,,,200000,152
8963,SMB,0,,,,200000,182
8964,SMB,0,,,,200000,221
8965,SMB,0,,,,200000,165
8966,SMB,0,,,,200000,133
8967,SMB,0,,,,200000,199
8968,SMB,0,,,,200000,208
8969,SMB,0,,,,200000,151
8970,SMB,0,,,,200000,151
8971,SMB,0,,,,200000,110
8972,SMB,0,,,,200000,159
8973,SMB,0,,,,200000,144
8974,SMB,0,,,,200000,125
8975,SMB,0,,,,200000,162
8976,SMB,0,,,,200000,173
8977,SMB,0,,,,200000,167
8978,SMB,0,,,,200000,163
8979,SMB,0,,,,200000,222
8980,SMB,0,,,,200000,183
8981,SMB,0,,,,200000,194
8982,SMB,0,,,,200000,231
8983,SMB,0,,,,200000,205
8984,SMB,0,,,,200000,165
8985,SMB,0,,,,200000,114
8986,SMB,0,,,,200000,162
8987,SMB,0,,,,200000,220
8988,SMB,0,,,,200000,205
8989,SMB,0,,,,200000,162
8990,SMB,0,,,,200000,171
8991,SMB,0,,,,200000,178
8992,SMB,0,,,,200000,154
8993,SMB,0,,,,200000,156
8994,SMB,0,,,,200000,153
8995,SMB,0,,,,200000,189
8996,SMB,0,,,,200000,140
8997,SMB,0,,,,200000,220
8998,SMB,0,,,,200000,173
8999,SMB,0,,,,200000,138
9000,SMB,0,,,,200000,206
9001,SMB,0,,,,200000,222
9002,SMB,0,,,,200000,240
9003,SMB,0,,,,200000,217
9004,SMB,0,,,,200000,145
9005,SMB,0,,,,200000,180
9006,SMB,0,,,,200000,240
9007,SMB,0,,,,200000,149
9008,SMB,0,,,,200000,133
9009,SMB,0,,,,200000,161
9010,SMB,0,,,,200000,141
9011,SMB,0,,,,200000,154
9012,SMB,0,,,,200000,152
9013,SMB,0,,,,200000,196
9014,SMB,0,,,,200000,132
9015,SMB,0,,,,200000,178
9016,SMB,0,,,,200000,149
9017,SMB,0,,,,200000,191
9018,SMB,0,,,,200000,195
9019,SMB,0,,,,200000,202
9020,SMB,0,,,,200000,202
9021,SMB,0,,,,200000,154
9022,SMB,0,,,,200000,173
9023,SMB,0,,,,200000,221
9024,SMB,0,,,,200000,188
9025,SMB,0,,,,200000,202
9026,SMB,0,,,,200000,135
9027,SMB,0,,,,200000,204
9028,SMB,0,,,,200000,113
9029,SMB,0,,,,200000,125
9030,SMB,0,,,,200000,145
9031,SMB,0,,,,200000,187
9032,SMB,0,,,,200000,193
9033,SMB,0,,,,200000,147
9034,SMB,0,,,,200000,112
9035,SMB,0,,,,200000,204
9036,SMB,0,,,,200000,192
9037,SMB,0,,,,200000,187
9038,SMB,0,,,,200000,235
9039,SMB,0,,,,200000,178
9040,SMB,0,,,,200000,142
9041,SMB,0,,,,200000,216
9042,SMB,0,,,,200000,160
9043,SMB,0,,,,200000,170
9044,SMB,0,,,,200000,156
9045,SMB,0,,,,200000,147
9046,SMB,0,,,,200000,160
9047,SMB,0,,,,200000,222
9048,SMB,0,,,,200000,139
9049,SMB,0,,,,200000,208
9050,SMB,0,,,,200000,114
9051,SMB,0,,,,200000,225
9052,SMB,0,,,,200000,228
9053,SMB,0,,,,200000,141
9054,SMB,0,,,,200000,176
9055,SMB,0,,,,200000,194
9056,SMB,0,,,,200000,154
9057,SMB,0,,,,200000,234
9058,SMB,0,,,,200000,174
9059,SMB,0,,,,200000,157
9060,SMB,0,,,,200000,176
9061,SMB,0,,,,200000,150
9062,SMB,0,,,,200000,174
9063,SMB,0,,,,200000,159
9064,SMB,0,,,,200000,149
9065,SMB,0,,,,200000,199
9066,SMB,0,,,,200000,119
9067,SMB,0,,,,200000,230
9068,SMB,0,,,,200000,181
9069,SMB,0,,,,200000,233
9070,SMB,0,,,,200000,204
9071,SMB,0,,,,200000,131
9072,SMB,0,,,,200000,176
9073,SMB,0,,,,200000,116
9074,SMB,0,,,,200000,145
9075,SMB,0,,,,200000,169
9076,SMB,0,,,,200000,151
9077,SMB,0,,,,200000,158
9078,SMB,0,,,,200000,152
9079,SMB,0,,,,200000,240
9080,SMB,0,,,,200000,177
9081,SMB,0,,,,200000,193
9082,SMB,0,,,,200000,172
9083,SMB,0,,,,200000,184
9084,SMB,0,,,,200000,108
9085,SMB,0,,,,200000,227
9086,SMB,0,,,,200000,150
9087,SMB,0,,,,200000,210
9088,SMB,0,,,,200000,211
9089,SMB,0,,,,200000,116
9090,SMB,0,,,,200000,175
9091,SMB,0,,,,200000,186
9092,SMB,0,,,,200000,177
9093,SMB,0,,,,200000,173
9094,SMB,0,,,,200000,160
9095,SMB,0,,,,200000,151
9096,SMB,0,,,,200000,207
9097,SMB,0,,,,200000,186
9098,SMB,0,,,,200000,179
9099,SMB,0,,,,200000,122
9100,SMB,0,,,,200000,165
9101,SMB,0,,,,200000,172
9102,SMB,0,,,,200000,200
9103,SMB,0,,,,200000,118
9104,SMB,0,,,,200000,138
9105,SMB,0,,,,200000,231
9106,SMB,0,,,,200000,148
9107,SMB,0,,,,200000,114
9108,SMB,0,,,,200000,151
9109,SMB,0,,,,200000,148
9110,SMB,0,,,,200000,194
9111,SMB,0,,,,200000,194
9112,SMB,0,,,,200000,142
9113,SMB,0,,,,200000,161
9114,SMB,0,,,,200000,191
9115,SMB,0,,,,200000,192
9116,SMB,0,,,,200000,140
9117,SMB,0,,,,200000,144
9118,SMB,0,,,,200000,240
9119,SMB,0,,,,200000,165
9120,SMB,0,,,,200000,221
9121,SMB,0,,,,200000,181
9122,SMB,0,,,,200000,209
9123,SMB,0,,,,200000,194
9124,SMB,0,,,,200000,179
9125,SMB,0,,,,200000,179
9126,SMB,0,,,,200000,134
9127,SMB,0,,,,200000,168
9128,SMB,0,,,,200000,157
9129,SMB,0,,,,200000,163
9130,SMB,0,,,,200000,162
9131,SMB,0,,,,200000,179
9132,SMB,0,,,,200000,194
9133,SMB,0,,,,200000,169
9134,SMB,0,,,,200000,204
9135,SMB,0,,,,200000,160
9136,SMB,0,,,,200000,176
9137,SMB,0,,,,200000,240
9138,SMB,0,,,,200000,135
9139,SMB,0,,,,200000,160
9140,SMB,0,,,,200000,115
9141,SMB,0,,,,200000,181
9142,SMB,0,,,,200000,174
9143,SMB,0,,,,200000,178
9144,SMB,0,,,,200000,144
9145,SMB,0,,,,200000,149
9146,SMB,0,,,,200000,175
9147,SMB,0,,,,200000,129
9148,SMB,0,,,,200000,202
9149,SMB,0,,,,200000,129
9150,SMB,0,,,,200000,169
9151,SMB,0,,,,200000,160
9152,SMB,0,,,,200000,157
9153,SMB,0,,,,200000,122
9154,SMB,0,,,,200000,172
9155,SMB,0,,,,200000,135
9156,SMB,0,,,,200000,178
9157,SMB,0,,,,200000,149
9158,SMB,0,,,,200000,172
9159,SMB,0,,,,200000,116
9160,SMB,0,,,,200000,203
9161,SMB,0,,,,200000,209
9162,SMB,0,,,,200000,156
9163,SMB,0,,,,200000,240
9164,SMB,0,,,,200000,198
9165,SMB,0,,,,200000,165
9166,SMB,0,,,,200000,158
9167,SMB,0,,,,200000,148
9168,SMB,0,,,,200000,155
9169,SMB,0,,,,200000,170
9170,SMB,0,,,,200000,172
9171,SMB,0,,,,200000,129
9172,SMB,0,,,,200000,217
9173,SMB,0,,,,200000,199
9174,SMB,0,,,,200000,233
9175,SMB,0,,,,200000,185
9176,SMB,0,,,,200000,207
9177,SMB,0,,,,200000,133
9178,SMB,0,,,,200000,193
9179,SMB,0,,,,200000,116
9180,SMB,0,,,,200000,142
9181,SMB,0,,,,200000,240
9182,SMB,0,,,,200000,162
9183,SMB,0,,,,200000,173
9184,SMB,0,,,,200000,196
9185,SMB,0,,,,200000,172
9186,SMB,0,,,,200000,141
9187,SMB,0,,,,200000,142
9188,SMB,0,,,,200000,199
9189,SMB,0,,,,200000,183
9190,SMB,0,,,,200000,200
9191,SMB,0,,,,200000,192
9192,SMB,0,,,,200000,175
9193,SMB,0,,,,200000,174
9194,SMB,0,,,,200000,177
9195,SMB,0,,,,200000,162
9196,SMB,0,,,,200000,162
9197,SMB,0,,,,200000,190
9198,SMB,0,,,,200000,220
9199,SMB,0,,,,200000,120
9200,SMB,0,,,,200000,240
9201,SMB,0,,,,200000,196
9202,SMB,0,,,,200000,187
9203,SMB,0,,,,200000,141
9204,SMB,0,,,,200000,151
9205,SMB,0,,,,200000,193
9206,SMB,0,,,,200000,182
9207,SMB,0,,,,200000,132
9208,SMB,0,,,,200000,146
9209,SMB,0,,,,200000,150
9210,SMB,0,,,,200000,147
9211,SMB,0,,,,200000,182
9212,SMB,0,,,,200000,141
9213,SMB,0,,,,200000,198
9214,SMB,0,,,,200000,126
9215,SMB,0,,,,200000,205
9216,SMB,0,,,,200000,240
9217,SMB,0,,,,200000,198
9218,SMB,0,,,,200000,156
9219,SMB,0,,,,200000,157
9220,SMB,0,,,,200000,138
9221,SMB,0,,,,200000,208
9222,SMB,0,,,,200000,179
9223,SMB,0,,,,200000,116
9224,SMB,0,,,,200000,127
9225,SMB,0,,,,200000,117
9226,SMB,0,,,,200000,198
9227,SMB,0,,,,200000,141
9228,SMB,0,,,,200000,200
9229,SMB,0,,,,200000,156
9230,SMB,0,,,,200000,199
9231,SMB,0,,,,200000,165
9232,SMB,0,,,,200000,204
9233,SMB,0,,,,200000,148
9234,SMB,0,,,,200000,150
9235,SMB,0,,,,200000,159
9236,SMB,0,,,,200000,200
9237,SMB,0,,,,200000,139
9238,SMB,0,,,,200000,155
9239,SMB,0,,,,200000,166
9240,SMB,0,,,,200000,186
9241,SMB,0,,,,200000,161
9242,SMB,0,,,,200000,192
9243,SMB,0,,,,200000,150
9244,SMB,0,,,,200000,205
9245,SMB,0,,,,200000,198
